ISO-10303-21;
HEADER;
FILE_DESCRIPTION(('KiCad electronic assembly'),'2;1');
FILE_NAME('BPS-ContactorPCB.step','2024-10-23T14:47:19',('Pcbnew'),(
    'Kicad'),'Open CASCADE STEP processor 7.7','KiCad to STEP converter'
  ,'Unknown');
FILE_SCHEMA(('AUTOMOTIVE_DESIGN { 1 0 10303 214 1 1 1 1 }'));
ENDSEC;
DATA;
#1 = APPLICATION_PROTOCOL_DEFINITION('international standard',
  'automotive_design',2000,#2);
#2 = APPLICATION_CONTEXT(
  'core data for automotive mechanical design processes');
#3 = SHAPE_DEFINITION_REPRESENTATION(#4,#10);
#4 = PRODUCT_DEFINITION_SHAPE('','',#5);
#5 = PRODUCT_DEFINITION('design','',#6,#9);
#6 = PRODUCT_DEFINITION_FORMATION('','',#7);
#7 = PRODUCT('BPS-ContactorPCB 1','BPS-ContactorPCB 1','',(#8));
#8 = PRODUCT_CONTEXT('',#2,'mechanical');
#9 = PRODUCT_DEFINITION_CONTEXT('part definition',#2,'design');
#10 = SHAPE_REPRESENTATION('',(#11,#15,#19,#23,#27,#31),#35);
#11 = AXIS2_PLACEMENT_3D('',#12,#13,#14);
#12 = CARTESIAN_POINT('',(0.,0.,0.));
#13 = DIRECTION('',(0.,0.,1.));
#14 = DIRECTION('',(1.,0.,-0.));
#15 = AXIS2_PLACEMENT_3D('',#16,#17,#18);
#16 = CARTESIAN_POINT('',(0.4375,5.625,5.65));
#17 = DIRECTION('',(0.,0.,1.));
#18 = DIRECTION('',(-1.,1.224646799147E-16,0.));
#19 = AXIS2_PLACEMENT_3D('',#20,#21,#22);
#20 = CARTESIAN_POINT('',(0.2375,-16.125,6.65));
#21 = DIRECTION('',(0.,0.,1.));
#22 = DIRECTION('',(-1.,-1.224646799147E-16,0.));
#23 = AXIS2_PLACEMENT_3D('',#24,#25,#26);
#24 = CARTESIAN_POINT('',(0.2375,-4.675,6.65));
#25 = DIRECTION('',(0.,0.,1.));
#26 = DIRECTION('',(-1.,-1.224646799147E-16,0.));
#27 = AXIS2_PLACEMENT_3D('',#28,#29,#30);
#28 = CARTESIAN_POINT('',(0.2375,16.015,6.65));
#29 = DIRECTION('',(0.,0.,1.));
#30 = DIRECTION('',(-1.,-1.224646799147E-16,0.));
#31 = AXIS2_PLACEMENT_3D('',#32,#33,#34);
#32 = CARTESIAN_POINT('',(0.,0.,0.));
#33 = DIRECTION('',(0.,0.,1.));
#34 = DIRECTION('',(1.,0.,-0.));
#35 = ( GEOMETRIC_REPRESENTATION_CONTEXT(3) 
GLOBAL_UNCERTAINTY_ASSIGNED_CONTEXT((#39)) GLOBAL_UNIT_ASSIGNED_CONTEXT(
(#36,#37,#38)) REPRESENTATION_CONTEXT('Context #1',
  '3D Context with UNIT and UNCERTAINTY') );
#36 = ( LENGTH_UNIT() NAMED_UNIT(*) SI_UNIT(.MILLI.,.METRE.) );
#37 = ( NAMED_UNIT(*) PLANE_ANGLE_UNIT() SI_UNIT($,.RADIAN.) );
#38 = ( NAMED_UNIT(*) SI_UNIT($,.STERADIAN.) SOLID_ANGLE_UNIT() );
#39 = UNCERTAINTY_MEASURE_WITH_UNIT(LENGTH_MEASURE(1.E-07),#36,
  'distance_accuracy_value','confusion accuracy');
#40 = PRODUCT_RELATED_PRODUCT_CATEGORY('part',$,(#7));
#41 = SHAPE_DEFINITION_REPRESENTATION(#42,#48);
#42 = PRODUCT_DEFINITION_SHAPE('','',#43);
#43 = PRODUCT_DEFINITION('design','',#44,#47);
#44 = PRODUCT_DEFINITION_FORMATION('','',#45);
#45 = PRODUCT('436500227','436500227','',(#46));
#46 = PRODUCT_CONTEXT('',#2,'mechanical');
#47 = PRODUCT_DEFINITION_CONTEXT('part definition',#2,'design');
#48 = SHAPE_REPRESENTATION('',(#11,#49),#53);
#49 = AXIS2_PLACEMENT_3D('',#50,#51,#52);
#50 = CARTESIAN_POINT('',(0.,0.,0.));
#51 = DIRECTION('',(0.,0.,1.));
#52 = DIRECTION('',(1.,0.,-0.));
#53 = ( GEOMETRIC_REPRESENTATION_CONTEXT(3) 
GLOBAL_UNCERTAINTY_ASSIGNED_CONTEXT((#57)) GLOBAL_UNIT_ASSIGNED_CONTEXT(
(#54,#55,#56)) REPRESENTATION_CONTEXT('Context #1',
  '3D Context with UNIT and UNCERTAINTY') );
#54 = ( LENGTH_UNIT() NAMED_UNIT(*) SI_UNIT(.MILLI.,.METRE.) );
#55 = ( NAMED_UNIT(*) PLANE_ANGLE_UNIT() SI_UNIT($,.RADIAN.) );
#56 = ( NAMED_UNIT(*) SI_UNIT($,.STERADIAN.) SOLID_ANGLE_UNIT() );
#57 = UNCERTAINTY_MEASURE_WITH_UNIT(LENGTH_MEASURE(1.E-07),#54,
  'distance_accuracy_value','confusion accuracy');
#58 = CONTEXT_DEPENDENT_SHAPE_REPRESENTATION(#59,#61);
#59 = ( REPRESENTATION_RELATIONSHIP('','',#48,#10) 
REPRESENTATION_RELATIONSHIP_WITH_TRANSFORMATION(#60) 
SHAPE_REPRESENTATION_RELATIONSHIP() );
#60 = ITEM_DEFINED_TRANSFORMATION('','',#11,#15);
#61 = PRODUCT_DEFINITION_SHAPE('Placement','Placement of an item',#62);
#62 = NEXT_ASSEMBLY_USAGE_OCCURRENCE('2','J2','',#5,#43,$);
#63 = PRODUCT_RELATED_PRODUCT_CATEGORY('part',$,(#45));
#64 = SHAPE_DEFINITION_REPRESENTATION(#65,#71);
#65 = PRODUCT_DEFINITION_SHAPE('','',#66);
#66 = PRODUCT_DEFINITION('design','',#67,#70);
#67 = PRODUCT_DEFINITION_FORMATION('','',#68);
#68 = PRODUCT('436500227','436500227','',(#69));
#69 = PRODUCT_CONTEXT('',#2,'mechanical');
#70 = PRODUCT_DEFINITION_CONTEXT('part definition',#2,'design');
#71 = SHAPE_REPRESENTATION('',(#11,#72,#5240,#5425,#5442,#5459,#5476),
  #5493);
#72 = MANIFOLD_SOLID_BREP('',#73);
#73 = CLOSED_SHELL('',(#74,#114,#145,#176,#200,#240,#296,#327,#358,#382,
    #440,#522,#553,#692,#723,#746,#776,#800,#1001,#1032,#1056,#1080,
    #1104,#1128,#1152,#1169,#1184,#1215,#1246,#1270,#1310,#1334,#1374,
    #1430,#1459,#1471,#1488,#1528,#1568,#1608,#1655,#1681,#1753,#1816,
    #1847,#1878,#1941,#1995,#2138,#2199,#2260,#2291,#2315,#2339,#2415,
    #2494,#2511,#2600,#2624,#2648,#2735,#2752,#2826,#2843,#2867,#2884,
    #2901,#2925,#2942,#2966,#2983,#3000,#3024,#3055,#3079,#3101,#3118,
    #3135,#3157,#3179,#3210,#3227,#3251,#3268,#3292,#3317,#3357,#3375,
    #3392,#3416,#3440,#3471,#3488,#3500,#3517,#3535,#3566,#3579,#3646,
    #3668,#3685,#3709,#3726,#3743,#3755,#3767,#3779,#3791,#3803,#3820,
    #3841,#3869,#3895,#3919,#3952,#3976,#3993,#4010,#4022,#4039,#4056,
    #4068,#4087,#4099,#4111,#4141,#4157,#4180,#4192,#4217,#4242,#4332,
    #4363,#4387,#4411,#4462,#4486,#4510,#4527,#4539,#4551,#4564,#4581,
    #4593,#4624,#4673,#4704,#4735,#4759,#4783,#4800,#4822,#4871,#4883,
    #4895,#4926,#4955,#4979,#5001,#5018,#5037,#5049,#5061,#5078,#5097,
    #5109,#5126,#5143,#5155,#5177,#5194,#5211,#5228));
#74 = ADVANCED_FACE('',(#75),#109,.T.);
#75 = FACE_BOUND('',#76,.F.);
#76 = EDGE_LOOP('',(#77,#87,#95,#103));
#77 = ORIENTED_EDGE('',*,*,#78,.F.);
#78 = EDGE_CURVE('',#79,#81,#83,.T.);
#79 = VERTEX_POINT('',#80);
#80 = CARTESIAN_POINT('',(-1.18,0.32,-7.53));
#81 = VERTEX_POINT('',#82);
#82 = CARTESIAN_POINT('',(-1.82,0.32,-7.53));
#83 = LINE('',#84,#85);
#84 = CARTESIAN_POINT('',(-1.18,0.32,-7.53));
#85 = VECTOR('',#86,1.);
#86 = DIRECTION('',(-1.,0.,0.));
#87 = ORIENTED_EDGE('',*,*,#88,.T.);
#88 = EDGE_CURVE('',#79,#89,#91,.T.);
#89 = VERTEX_POINT('',#90);
#90 = CARTESIAN_POINT('',(-1.18,0.32,-4.25));
#91 = LINE('',#92,#93);
#92 = CARTESIAN_POINT('',(-1.18,0.32,-7.53));
#93 = VECTOR('',#94,1.);
#94 = DIRECTION('',(0.,0.,1.));
#95 = ORIENTED_EDGE('',*,*,#96,.T.);
#96 = EDGE_CURVE('',#89,#97,#99,.T.);
#97 = VERTEX_POINT('',#98);
#98 = CARTESIAN_POINT('',(-1.82,0.32,-4.25));
#99 = LINE('',#100,#101);
#100 = CARTESIAN_POINT('',(-1.18,0.32,-4.25));
#101 = VECTOR('',#102,1.);
#102 = DIRECTION('',(-1.,0.,0.));
#103 = ORIENTED_EDGE('',*,*,#104,.F.);
#104 = EDGE_CURVE('',#81,#97,#105,.T.);
#105 = LINE('',#106,#107);
#106 = CARTESIAN_POINT('',(-1.82,0.32,-7.53));
#107 = VECTOR('',#108,1.);
#108 = DIRECTION('',(0.,0.,1.));
#109 = PLANE('',#110);
#110 = AXIS2_PLACEMENT_3D('',#111,#112,#113);
#111 = CARTESIAN_POINT('',(-1.18,0.32,-8.13));
#112 = DIRECTION('',(0.,1.,0.));
#113 = DIRECTION('',(0.,-0.,1.));
#114 = ADVANCED_FACE('',(#115),#140,.T.);
#115 = FACE_BOUND('',#116,.F.);
#116 = EDGE_LOOP('',(#117,#127,#133,#134));
#117 = ORIENTED_EDGE('',*,*,#118,.F.);
#118 = EDGE_CURVE('',#119,#121,#123,.T.);
#119 = VERTEX_POINT('',#120);
#120 = CARTESIAN_POINT('',(-1.38,0.12,-8.13));
#121 = VERTEX_POINT('',#122);
#122 = CARTESIAN_POINT('',(-1.62,0.12,-8.13));
#123 = LINE('',#124,#125);
#124 = CARTESIAN_POINT('',(-1.38,0.12,-8.13));
#125 = VECTOR('',#126,1.);
#126 = DIRECTION('',(-1.,0.,0.));
#127 = ORIENTED_EDGE('',*,*,#128,.F.);
#128 = EDGE_CURVE('',#79,#119,#129,.T.);
#129 = LINE('',#130,#131);
#130 = CARTESIAN_POINT('',(-1.18,0.32,-7.53));
#131 = VECTOR('',#132,1.);
#132 = DIRECTION('',(-0.301511344578,-0.301511344578,-0.904534033733));
#133 = ORIENTED_EDGE('',*,*,#78,.T.);
#134 = ORIENTED_EDGE('',*,*,#135,.F.);
#135 = EDGE_CURVE('',#121,#81,#136,.T.);
#136 = LINE('',#137,#138);
#137 = CARTESIAN_POINT('',(-1.62,0.12,-8.13));
#138 = VECTOR('',#139,1.);
#139 = DIRECTION('',(-0.301511344578,0.301511344578,0.904534033733));
#140 = PLANE('',#141);
#141 = AXIS2_PLACEMENT_3D('',#142,#143,#144);
#142 = CARTESIAN_POINT('',(-1.5,0.22,-7.83));
#143 = DIRECTION('',(0.,0.948683298051,-0.316227766017));
#144 = DIRECTION('',(0.,-0.316227766017,-0.948683298051));
#145 = ADVANCED_FACE('',(#146),#171,.T.);
#146 = FACE_BOUND('',#147,.F.);
#147 = EDGE_LOOP('',(#148,#149,#157,#165));
#148 = ORIENTED_EDGE('',*,*,#118,.T.);
#149 = ORIENTED_EDGE('',*,*,#150,.T.);
#150 = EDGE_CURVE('',#121,#151,#153,.T.);
#151 = VERTEX_POINT('',#152);
#152 = CARTESIAN_POINT('',(-1.62,-0.12,-8.13));
#153 = LINE('',#154,#155);
#154 = CARTESIAN_POINT('',(-1.62,0.12,-8.13));
#155 = VECTOR('',#156,1.);
#156 = DIRECTION('',(0.,-1.,0.));
#157 = ORIENTED_EDGE('',*,*,#158,.F.);
#158 = EDGE_CURVE('',#159,#151,#161,.T.);
#159 = VERTEX_POINT('',#160);
#160 = CARTESIAN_POINT('',(-1.38,-0.12,-8.13));
#161 = LINE('',#162,#163);
#162 = CARTESIAN_POINT('',(-1.38,-0.12,-8.13));
#163 = VECTOR('',#164,1.);
#164 = DIRECTION('',(-1.,0.,0.));
#165 = ORIENTED_EDGE('',*,*,#166,.T.);
#166 = EDGE_CURVE('',#159,#119,#167,.T.);
#167 = LINE('',#168,#169);
#168 = CARTESIAN_POINT('',(-1.38,-0.12,-8.13));
#169 = VECTOR('',#170,1.);
#170 = DIRECTION('',(0.,1.,0.));
#171 = PLANE('',#172);
#172 = AXIS2_PLACEMENT_3D('',#173,#174,#175);
#173 = CARTESIAN_POINT('',(-1.18,-0.32,-8.13));
#174 = DIRECTION('',(0.,0.,-1.));
#175 = DIRECTION('',(0.,1.,0.));
#176 = ADVANCED_FACE('',(#177),#195,.T.);
#177 = FACE_BOUND('',#178,.F.);
#178 = EDGE_LOOP('',(#179,#187,#193,#194));
#179 = ORIENTED_EDGE('',*,*,#180,.T.);
#180 = EDGE_CURVE('',#81,#181,#183,.T.);
#181 = VERTEX_POINT('',#182);
#182 = CARTESIAN_POINT('',(-1.82,-0.32,-7.53));
#183 = LINE('',#184,#185);
#184 = CARTESIAN_POINT('',(-1.82,0.32,-7.53));
#185 = VECTOR('',#186,1.);
#186 = DIRECTION('',(0.,-1.,0.));
#187 = ORIENTED_EDGE('',*,*,#188,.F.);
#188 = EDGE_CURVE('',#151,#181,#189,.T.);
#189 = LINE('',#190,#191);
#190 = CARTESIAN_POINT('',(-1.62,-0.12,-8.13));
#191 = VECTOR('',#192,1.);
#192 = DIRECTION('',(-0.301511344578,-0.301511344578,0.904534033733));
#193 = ORIENTED_EDGE('',*,*,#150,.F.);
#194 = ORIENTED_EDGE('',*,*,#135,.T.);
#195 = PLANE('',#196);
#196 = AXIS2_PLACEMENT_3D('',#197,#198,#199);
#197 = CARTESIAN_POINT('',(-1.72,0.,-7.83));
#198 = DIRECTION('',(-0.948683298051,0.,-0.316227766017));
#199 = DIRECTION('',(0.316227766017,0.,-0.948683298051));
#200 = ADVANCED_FACE('',(#201),#235,.F.);
#201 = FACE_BOUND('',#202,.F.);
#202 = EDGE_LOOP('',(#203,#213,#221,#229));
#203 = ORIENTED_EDGE('',*,*,#204,.F.);
#204 = EDGE_CURVE('',#205,#207,#209,.T.);
#205 = VERTEX_POINT('',#206);
#206 = CARTESIAN_POINT('',(-1.82,-0.32,1.95));
#207 = VERTEX_POINT('',#208);
#208 = CARTESIAN_POINT('',(-1.82,0.32,1.95));
#209 = LINE('',#210,#211);
#210 = CARTESIAN_POINT('',(-1.82,-0.32,1.95));
#211 = VECTOR('',#212,1.);
#212 = DIRECTION('',(0.,1.,0.));
#213 = ORIENTED_EDGE('',*,*,#214,.T.);
#214 = EDGE_CURVE('',#205,#215,#217,.T.);
#215 = VERTEX_POINT('',#216);
#216 = CARTESIAN_POINT('',(-1.82,-0.32,-1.65));
#217 = LINE('',#218,#219);
#218 = CARTESIAN_POINT('',(-1.82,-0.32,1.95));
#219 = VECTOR('',#220,1.);
#220 = DIRECTION('',(0.,0.,-1.));
#221 = ORIENTED_EDGE('',*,*,#222,.T.);
#222 = EDGE_CURVE('',#215,#223,#225,.T.);
#223 = VERTEX_POINT('',#224);
#224 = CARTESIAN_POINT('',(-1.82,0.32,-1.65));
#225 = LINE('',#226,#227);
#226 = CARTESIAN_POINT('',(-1.82,-0.32,-1.65));
#227 = VECTOR('',#228,1.);
#228 = DIRECTION('',(0.,1.,0.));
#229 = ORIENTED_EDGE('',*,*,#230,.T.);
#230 = EDGE_CURVE('',#223,#207,#231,.T.);
#231 = LINE('',#232,#233);
#232 = CARTESIAN_POINT('',(-1.82,0.32,-1.65));
#233 = VECTOR('',#234,1.);
#234 = DIRECTION('',(0.,0.,1.));
#235 = PLANE('',#236);
#236 = AXIS2_PLACEMENT_3D('',#237,#238,#239);
#237 = CARTESIAN_POINT('',(-1.82,0.,0.));
#238 = DIRECTION('',(1.,0.,0.));
#239 = DIRECTION('',(0.,0.,-1.));
#240 = ADVANCED_FACE('',(#241),#291,.F.);
#241 = FACE_BOUND('',#242,.F.);
#242 = EDGE_LOOP('',(#243,#244,#245,#253,#261,#269,#277,#285));
#243 = ORIENTED_EDGE('',*,*,#180,.F.);
#244 = ORIENTED_EDGE('',*,*,#104,.T.);
#245 = ORIENTED_EDGE('',*,*,#246,.T.);
#246 = EDGE_CURVE('',#97,#247,#249,.T.);
#247 = VERTEX_POINT('',#248);
#248 = CARTESIAN_POINT('',(-1.82,0.875,-4.25));
#249 = LINE('',#250,#251);
#250 = CARTESIAN_POINT('',(-1.82,0.32,-4.25));
#251 = VECTOR('',#252,1.);
#252 = DIRECTION('',(0.,1.,0.));
#253 = ORIENTED_EDGE('',*,*,#254,.F.);
#254 = EDGE_CURVE('',#255,#247,#257,.T.);
#255 = VERTEX_POINT('',#256);
#256 = CARTESIAN_POINT('',(-1.82,0.875,-3.68));
#257 = LINE('',#258,#259);
#258 = CARTESIAN_POINT('',(-1.82,0.875,-3.68));
#259 = VECTOR('',#260,1.);
#260 = DIRECTION('',(0.,0.,-1.));
#261 = ORIENTED_EDGE('',*,*,#262,.T.);
#262 = EDGE_CURVE('',#255,#263,#265,.T.);
#263 = VERTEX_POINT('',#264);
#264 = CARTESIAN_POINT('',(-1.82,-0.875,-3.68));
#265 = LINE('',#266,#267);
#266 = CARTESIAN_POINT('',(-1.82,0.875,-3.68));
#267 = VECTOR('',#268,1.);
#268 = DIRECTION('',(0.,-1.,0.));
#269 = ORIENTED_EDGE('',*,*,#270,.T.);
#270 = EDGE_CURVE('',#263,#271,#273,.T.);
#271 = VERTEX_POINT('',#272);
#272 = CARTESIAN_POINT('',(-1.82,-0.875,-4.25));
#273 = LINE('',#274,#275);
#274 = CARTESIAN_POINT('',(-1.82,-0.875,-3.68));
#275 = VECTOR('',#276,1.);
#276 = DIRECTION('',(0.,0.,-1.));
#277 = ORIENTED_EDGE('',*,*,#278,.T.);
#278 = EDGE_CURVE('',#271,#279,#281,.T.);
#279 = VERTEX_POINT('',#280);
#280 = CARTESIAN_POINT('',(-1.82,-0.32,-4.25));
#281 = LINE('',#282,#283);
#282 = CARTESIAN_POINT('',(-1.82,-0.875,-4.25));
#283 = VECTOR('',#284,1.);
#284 = DIRECTION('',(0.,1.,0.));
#285 = ORIENTED_EDGE('',*,*,#286,.T.);
#286 = EDGE_CURVE('',#279,#181,#287,.T.);
#287 = LINE('',#288,#289);
#288 = CARTESIAN_POINT('',(-1.82,-0.32,-4.25));
#289 = VECTOR('',#290,1.);
#290 = DIRECTION('',(0.,0.,-1.));
#291 = PLANE('',#292);
#292 = AXIS2_PLACEMENT_3D('',#293,#294,#295);
#293 = CARTESIAN_POINT('',(-1.82,0.,0.));
#294 = DIRECTION('',(1.,0.,0.));
#295 = DIRECTION('',(0.,0.,-1.));
#296 = ADVANCED_FACE('',(#297),#322,.T.);
#297 = FACE_BOUND('',#298,.F.);
#298 = EDGE_LOOP('',(#299,#300,#308,#316));
#299 = ORIENTED_EDGE('',*,*,#204,.T.);
#300 = ORIENTED_EDGE('',*,*,#301,.F.);
#301 = EDGE_CURVE('',#302,#207,#304,.T.);
#302 = VERTEX_POINT('',#303);
#303 = CARTESIAN_POINT('',(-1.62,0.12,2.55));
#304 = LINE('',#305,#306);
#305 = CARTESIAN_POINT('',(-1.62,0.12,2.55));
#306 = VECTOR('',#307,1.);
#307 = DIRECTION('',(-0.301511344578,0.301511344578,-0.904534033733));
#308 = ORIENTED_EDGE('',*,*,#309,.F.);
#309 = EDGE_CURVE('',#310,#302,#312,.T.);
#310 = VERTEX_POINT('',#311);
#311 = CARTESIAN_POINT('',(-1.62,-0.12,2.55));
#312 = LINE('',#313,#314);
#313 = CARTESIAN_POINT('',(-1.62,-0.12,2.55));
#314 = VECTOR('',#315,1.);
#315 = DIRECTION('',(0.,1.,0.));
#316 = ORIENTED_EDGE('',*,*,#317,.T.);
#317 = EDGE_CURVE('',#310,#205,#318,.T.);
#318 = LINE('',#319,#320);
#319 = CARTESIAN_POINT('',(-1.62,-0.12,2.55));
#320 = VECTOR('',#321,1.);
#321 = DIRECTION('',(-0.301511344578,-0.301511344578,-0.904534033733));
#322 = PLANE('',#323);
#323 = AXIS2_PLACEMENT_3D('',#324,#325,#326);
#324 = CARTESIAN_POINT('',(-1.72,0.,2.25));
#325 = DIRECTION('',(-0.948683298051,0.,0.316227766017));
#326 = DIRECTION('',(0.316227766017,0.,0.948683298051));
#327 = ADVANCED_FACE('',(#328),#353,.T.);
#328 = FACE_BOUND('',#329,.F.);
#329 = EDGE_LOOP('',(#330,#338,#346,#352));
#330 = ORIENTED_EDGE('',*,*,#331,.F.);
#331 = EDGE_CURVE('',#332,#207,#334,.T.);
#332 = VERTEX_POINT('',#333);
#333 = CARTESIAN_POINT('',(-1.18,0.32,1.95));
#334 = LINE('',#335,#336);
#335 = CARTESIAN_POINT('',(-1.18,0.32,1.95));
#336 = VECTOR('',#337,1.);
#337 = DIRECTION('',(-1.,0.,0.));
#338 = ORIENTED_EDGE('',*,*,#339,.F.);
#339 = EDGE_CURVE('',#340,#332,#342,.T.);
#340 = VERTEX_POINT('',#341);
#341 = CARTESIAN_POINT('',(-1.38,0.12,2.55));
#342 = LINE('',#343,#344);
#343 = CARTESIAN_POINT('',(-1.38,0.12,2.55));
#344 = VECTOR('',#345,1.);
#345 = DIRECTION('',(0.301511344578,0.301511344578,-0.904534033733));
#346 = ORIENTED_EDGE('',*,*,#347,.T.);
#347 = EDGE_CURVE('',#340,#302,#348,.T.);
#348 = LINE('',#349,#350);
#349 = CARTESIAN_POINT('',(-1.38,0.12,2.55));
#350 = VECTOR('',#351,1.);
#351 = DIRECTION('',(-1.,0.,0.));
#352 = ORIENTED_EDGE('',*,*,#301,.T.);
#353 = PLANE('',#354);
#354 = AXIS2_PLACEMENT_3D('',#355,#356,#357);
#355 = CARTESIAN_POINT('',(-1.5,0.22,2.25));
#356 = DIRECTION('',(0.,0.948683298051,0.316227766017));
#357 = DIRECTION('',(0.,0.316227766017,-0.948683298051));
#358 = ADVANCED_FACE('',(#359),#377,.T.);
#359 = FACE_BOUND('',#360,.F.);
#360 = EDGE_LOOP('',(#361,#362,#363,#371));
#361 = ORIENTED_EDGE('',*,*,#331,.T.);
#362 = ORIENTED_EDGE('',*,*,#230,.F.);
#363 = ORIENTED_EDGE('',*,*,#364,.T.);
#364 = EDGE_CURVE('',#223,#365,#367,.T.);
#365 = VERTEX_POINT('',#366);
#366 = CARTESIAN_POINT('',(-1.18,0.32,-1.65));
#367 = LINE('',#368,#369);
#368 = CARTESIAN_POINT('',(-1.82,0.32,-1.65));
#369 = VECTOR('',#370,1.);
#370 = DIRECTION('',(1.,0.,0.));
#371 = ORIENTED_EDGE('',*,*,#372,.T.);
#372 = EDGE_CURVE('',#365,#332,#373,.T.);
#373 = LINE('',#374,#375);
#374 = CARTESIAN_POINT('',(-1.18,0.32,-1.65));
#375 = VECTOR('',#376,1.);
#376 = DIRECTION('',(0.,0.,1.));
#377 = PLANE('',#378);
#378 = AXIS2_PLACEMENT_3D('',#379,#380,#381);
#379 = CARTESIAN_POINT('',(-1.18,0.32,-2.4));
#380 = DIRECTION('',(0.,1.,0.));
#381 = DIRECTION('',(0.,-0.,1.));
#382 = ADVANCED_FACE('',(#383,#417),#435,.F.);
#383 = FACE_BOUND('',#384,.F.);
#384 = EDGE_LOOP('',(#385,#395,#403,#411));
#385 = ORIENTED_EDGE('',*,*,#386,.T.);
#386 = EDGE_CURVE('',#387,#389,#391,.T.);
#387 = VERTEX_POINT('',#388);
#388 = CARTESIAN_POINT('',(-0.23,1.25,-1.65));
#389 = VERTEX_POINT('',#390);
#390 = CARTESIAN_POINT('',(-0.23,-1.25,-1.65));
#391 = LINE('',#392,#393);
#392 = CARTESIAN_POINT('',(-0.23,1.25,-1.65));
#393 = VECTOR('',#394,1.);
#394 = DIRECTION('',(0.,-1.,0.));
#395 = ORIENTED_EDGE('',*,*,#396,.T.);
#396 = EDGE_CURVE('',#389,#397,#399,.T.);
#397 = VERTEX_POINT('',#398);
#398 = CARTESIAN_POINT('',(-2.77,-1.25,-1.65));
#399 = LINE('',#400,#401);
#400 = CARTESIAN_POINT('',(-0.23,-1.25,-1.65));
#401 = VECTOR('',#402,1.);
#402 = DIRECTION('',(-1.,0.,0.));
#403 = ORIENTED_EDGE('',*,*,#404,.T.);
#404 = EDGE_CURVE('',#397,#405,#407,.T.);
#405 = VERTEX_POINT('',#406);
#406 = CARTESIAN_POINT('',(-2.77,1.25,-1.65));
#407 = LINE('',#408,#409);
#408 = CARTESIAN_POINT('',(-2.77,-1.25,-1.65));
#409 = VECTOR('',#410,1.);
#410 = DIRECTION('',(0.,1.,0.));
#411 = ORIENTED_EDGE('',*,*,#412,.T.);
#412 = EDGE_CURVE('',#405,#387,#413,.T.);
#413 = LINE('',#414,#415);
#414 = CARTESIAN_POINT('',(-2.77,1.25,-1.65));
#415 = VECTOR('',#416,1.);
#416 = DIRECTION('',(1.,0.,0.));
#417 = FACE_BOUND('',#418,.F.);
#418 = EDGE_LOOP('',(#419,#427,#428,#429));
#419 = ORIENTED_EDGE('',*,*,#420,.T.);
#420 = EDGE_CURVE('',#421,#365,#423,.T.);
#421 = VERTEX_POINT('',#422);
#422 = CARTESIAN_POINT('',(-1.18,-0.32,-1.65));
#423 = LINE('',#424,#425);
#424 = CARTESIAN_POINT('',(-1.18,-0.32,-1.65));
#425 = VECTOR('',#426,1.);
#426 = DIRECTION('',(0.,1.,0.));
#427 = ORIENTED_EDGE('',*,*,#364,.F.);
#428 = ORIENTED_EDGE('',*,*,#222,.F.);
#429 = ORIENTED_EDGE('',*,*,#430,.T.);
#430 = EDGE_CURVE('',#215,#421,#431,.T.);
#431 = LINE('',#432,#433);
#432 = CARTESIAN_POINT('',(-1.82,-0.32,-1.65));
#433 = VECTOR('',#434,1.);
#434 = DIRECTION('',(1.,0.,0.));
#435 = PLANE('',#436);
#436 = AXIS2_PLACEMENT_3D('',#437,#438,#439);
#437 = CARTESIAN_POINT('',(4.825,1.93,-1.65));
#438 = DIRECTION('',(0.,0.,-1.));
#439 = DIRECTION('',(-1.,0.,0.));
#440 = ADVANCED_FACE('',(#441,#483),#517,.F.);
#441 = FACE_BOUND('',#442,.F.);
#442 = EDGE_LOOP('',(#443,#453,#461,#469,#477));
#443 = ORIENTED_EDGE('',*,*,#444,.T.);
#444 = EDGE_CURVE('',#445,#447,#449,.T.);
#445 = VERTEX_POINT('',#446);
#446 = CARTESIAN_POINT('',(2.77,-1.25,-1.65));
#447 = VERTEX_POINT('',#448);
#448 = CARTESIAN_POINT('',(0.93,-1.25,-1.65));
#449 = LINE('',#450,#451);
#450 = CARTESIAN_POINT('',(2.77,-1.25,-1.65));
#451 = VECTOR('',#452,1.);
#452 = DIRECTION('',(-1.,0.,0.));
#453 = ORIENTED_EDGE('',*,*,#454,.T.);
#454 = EDGE_CURVE('',#447,#455,#457,.T.);
#455 = VERTEX_POINT('',#456);
#456 = CARTESIAN_POINT('',(0.23,-0.55,-1.65));
#457 = LINE('',#458,#459);
#458 = CARTESIAN_POINT('',(0.93,-1.25,-1.65));
#459 = VECTOR('',#460,1.);
#460 = DIRECTION('',(-0.707106781187,0.707106781187,0.));
#461 = ORIENTED_EDGE('',*,*,#462,.T.);
#462 = EDGE_CURVE('',#455,#463,#465,.T.);
#463 = VERTEX_POINT('',#464);
#464 = CARTESIAN_POINT('',(0.23,1.25,-1.65));
#465 = LINE('',#466,#467);
#466 = CARTESIAN_POINT('',(0.23,-0.55,-1.65));
#467 = VECTOR('',#468,1.);
#468 = DIRECTION('',(0.,1.,0.));
#469 = ORIENTED_EDGE('',*,*,#470,.T.);
#470 = EDGE_CURVE('',#463,#471,#473,.T.);
#471 = VERTEX_POINT('',#472);
#472 = CARTESIAN_POINT('',(2.77,1.25,-1.65));
#473 = LINE('',#474,#475);
#474 = CARTESIAN_POINT('',(0.23,1.25,-1.65));
#475 = VECTOR('',#476,1.);
#476 = DIRECTION('',(1.,0.,0.));
#477 = ORIENTED_EDGE('',*,*,#478,.T.);
#478 = EDGE_CURVE('',#471,#445,#479,.T.);
#479 = LINE('',#480,#481);
#480 = CARTESIAN_POINT('',(2.77,1.25,-1.65));
#481 = VECTOR('',#482,1.);
#482 = DIRECTION('',(0.,-1.,0.));
#483 = FACE_BOUND('',#484,.F.);
#484 = EDGE_LOOP('',(#485,#495,#503,#511));
#485 = ORIENTED_EDGE('',*,*,#486,.T.);
#486 = EDGE_CURVE('',#487,#489,#491,.T.);
#487 = VERTEX_POINT('',#488);
#488 = CARTESIAN_POINT('',(1.82,-0.32,-1.65));
#489 = VERTEX_POINT('',#490);
#490 = CARTESIAN_POINT('',(1.82,0.32,-1.65));
#491 = LINE('',#492,#493);
#492 = CARTESIAN_POINT('',(1.82,-0.32,-1.65));
#493 = VECTOR('',#494,1.);
#494 = DIRECTION('',(0.,1.,0.));
#495 = ORIENTED_EDGE('',*,*,#496,.F.);
#496 = EDGE_CURVE('',#497,#489,#499,.T.);
#497 = VERTEX_POINT('',#498);
#498 = CARTESIAN_POINT('',(1.18,0.32,-1.65));
#499 = LINE('',#500,#501);
#500 = CARTESIAN_POINT('',(1.18,0.32,-1.65));
#501 = VECTOR('',#502,1.);
#502 = DIRECTION('',(1.,0.,0.));
#503 = ORIENTED_EDGE('',*,*,#504,.F.);
#504 = EDGE_CURVE('',#505,#497,#507,.T.);
#505 = VERTEX_POINT('',#506);
#506 = CARTESIAN_POINT('',(1.18,-0.32,-1.65));
#507 = LINE('',#508,#509);
#508 = CARTESIAN_POINT('',(1.18,-0.32,-1.65));
#509 = VECTOR('',#510,1.);
#510 = DIRECTION('',(0.,1.,0.));
#511 = ORIENTED_EDGE('',*,*,#512,.T.);
#512 = EDGE_CURVE('',#505,#487,#513,.T.);
#513 = LINE('',#514,#515);
#514 = CARTESIAN_POINT('',(1.18,-0.32,-1.65));
#515 = VECTOR('',#516,1.);
#516 = DIRECTION('',(1.,0.,0.));
#517 = PLANE('',#518);
#518 = AXIS2_PLACEMENT_3D('',#519,#520,#521);
#519 = CARTESIAN_POINT('',(4.825,1.93,-1.65));
#520 = DIRECTION('',(0.,0.,-1.));
#521 = DIRECTION('',(-1.,0.,0.));
#522 = ADVANCED_FACE('',(#523),#548,.T.);
#523 = FACE_BOUND('',#524,.F.);
#524 = EDGE_LOOP('',(#525,#535,#541,#542));
#525 = ORIENTED_EDGE('',*,*,#526,.T.);
#526 = EDGE_CURVE('',#527,#529,#531,.T.);
#527 = VERTEX_POINT('',#528);
#528 = CARTESIAN_POINT('',(-0.23,1.25,4.95));
#529 = VERTEX_POINT('',#530);
#530 = CARTESIAN_POINT('',(-0.23,-1.25,4.95));
#531 = LINE('',#532,#533);
#532 = CARTESIAN_POINT('',(-0.23,1.25,4.95));
#533 = VECTOR('',#534,1.);
#534 = DIRECTION('',(0.,-1.,0.));
#535 = ORIENTED_EDGE('',*,*,#536,.T.);
#536 = EDGE_CURVE('',#529,#389,#537,.T.);
#537 = LINE('',#538,#539);
#538 = CARTESIAN_POINT('',(-0.23,-1.25,4.95));
#539 = VECTOR('',#540,1.);
#540 = DIRECTION('',(0.,0.,-1.));
#541 = ORIENTED_EDGE('',*,*,#386,.F.);
#542 = ORIENTED_EDGE('',*,*,#543,.F.);
#543 = EDGE_CURVE('',#527,#387,#544,.T.);
#544 = LINE('',#545,#546);
#545 = CARTESIAN_POINT('',(-0.23,1.25,4.95));
#546 = VECTOR('',#547,1.);
#547 = DIRECTION('',(0.,0.,-1.));
#548 = PLANE('',#549);
#549 = AXIS2_PLACEMENT_3D('',#550,#551,#552);
#550 = CARTESIAN_POINT('',(-0.23,1.25,4.95));
#551 = DIRECTION('',(-1.,0.,0.));
#552 = DIRECTION('',(0.,-1.,0.));
#553 = ADVANCED_FACE('',(#554,#620,#645),#687,.T.);
#554 = FACE_BOUND('',#555,.F.);
#555 = EDGE_LOOP('',(#556,#566,#574,#582,#590,#598,#606,#614));
#556 = ORIENTED_EDGE('',*,*,#557,.F.);
#557 = EDGE_CURVE('',#558,#560,#562,.T.);
#558 = VERTEX_POINT('',#559);
#559 = CARTESIAN_POINT('',(3.425,-0.75,4.95));
#560 = VERTEX_POINT('',#561);
#561 = CARTESIAN_POINT('',(3.425,1.25,4.95));
#562 = LINE('',#563,#564);
#563 = CARTESIAN_POINT('',(3.425,-0.75,4.95));
#564 = VECTOR('',#565,1.);
#565 = DIRECTION('',(0.,1.,0.));
#566 = ORIENTED_EDGE('',*,*,#567,.T.);
#567 = EDGE_CURVE('',#558,#568,#570,.T.);
#568 = VERTEX_POINT('',#569);
#569 = CARTESIAN_POINT('',(3.425,-1.93,4.95));
#570 = LINE('',#571,#572);
#571 = CARTESIAN_POINT('',(3.425,-0.75,4.95));
#572 = VECTOR('',#573,1.);
#573 = DIRECTION('',(0.,-1.,0.));
#574 = ORIENTED_EDGE('',*,*,#575,.F.);
#575 = EDGE_CURVE('',#576,#568,#578,.T.);
#576 = VERTEX_POINT('',#577);
#577 = CARTESIAN_POINT('',(-3.425,-1.93,4.95));
#578 = LINE('',#579,#580);
#579 = CARTESIAN_POINT('',(-3.425,-1.93,4.95));
#580 = VECTOR('',#581,1.);
#581 = DIRECTION('',(1.,0.,0.));
#582 = ORIENTED_EDGE('',*,*,#583,.T.);
#583 = EDGE_CURVE('',#576,#584,#586,.T.);
#584 = VERTEX_POINT('',#585);
#585 = CARTESIAN_POINT('',(-3.425,-0.75,4.95));
#586 = LINE('',#587,#588);
#587 = CARTESIAN_POINT('',(-3.425,-1.93,4.95));
#588 = VECTOR('',#589,1.);
#589 = DIRECTION('',(0.,1.,0.));
#590 = ORIENTED_EDGE('',*,*,#591,.T.);
#591 = EDGE_CURVE('',#584,#592,#594,.T.);
#592 = VERTEX_POINT('',#593);
#593 = CARTESIAN_POINT('',(-3.425,1.25,4.95));
#594 = LINE('',#595,#596);
#595 = CARTESIAN_POINT('',(-3.425,-0.75,4.95));
#596 = VECTOR('',#597,1.);
#597 = DIRECTION('',(0.,1.,0.));
#598 = ORIENTED_EDGE('',*,*,#599,.T.);
#599 = EDGE_CURVE('',#592,#600,#602,.T.);
#600 = VERTEX_POINT('',#601);
#601 = CARTESIAN_POINT('',(-3.425,1.93,4.95));
#602 = LINE('',#603,#604);
#603 = CARTESIAN_POINT('',(-3.425,1.25,4.95));
#604 = VECTOR('',#605,1.);
#605 = DIRECTION('',(0.,1.,0.));
#606 = ORIENTED_EDGE('',*,*,#607,.T.);
#607 = EDGE_CURVE('',#600,#608,#610,.T.);
#608 = VERTEX_POINT('',#609);
#609 = CARTESIAN_POINT('',(3.425,1.93,4.95));
#610 = LINE('',#611,#612);
#611 = CARTESIAN_POINT('',(-3.425,1.93,4.95));
#612 = VECTOR('',#613,1.);
#613 = DIRECTION('',(1.,0.,0.));
#614 = ORIENTED_EDGE('',*,*,#615,.T.);
#615 = EDGE_CURVE('',#608,#560,#616,.T.);
#616 = LINE('',#617,#618);
#617 = CARTESIAN_POINT('',(3.425,1.93,4.95));
#618 = VECTOR('',#619,1.);
#619 = DIRECTION('',(0.,-1.,0.));
#620 = FACE_BOUND('',#621,.F.);
#621 = EDGE_LOOP('',(#622,#623,#631,#639));
#622 = ORIENTED_EDGE('',*,*,#526,.F.);
#623 = ORIENTED_EDGE('',*,*,#624,.F.);
#624 = EDGE_CURVE('',#625,#527,#627,.T.);
#625 = VERTEX_POINT('',#626);
#626 = CARTESIAN_POINT('',(-2.77,1.25,4.95));
#627 = LINE('',#628,#629);
#628 = CARTESIAN_POINT('',(-2.77,1.25,4.95));
#629 = VECTOR('',#630,1.);
#630 = DIRECTION('',(1.,0.,0.));
#631 = ORIENTED_EDGE('',*,*,#632,.F.);
#632 = EDGE_CURVE('',#633,#625,#635,.T.);
#633 = VERTEX_POINT('',#634);
#634 = CARTESIAN_POINT('',(-2.77,-1.25,4.95));
#635 = LINE('',#636,#637);
#636 = CARTESIAN_POINT('',(-2.77,-1.25,4.95));
#637 = VECTOR('',#638,1.);
#638 = DIRECTION('',(0.,1.,0.));
#639 = ORIENTED_EDGE('',*,*,#640,.F.);
#640 = EDGE_CURVE('',#529,#633,#641,.T.);
#641 = LINE('',#642,#643);
#642 = CARTESIAN_POINT('',(-0.23,-1.25,4.95));
#643 = VECTOR('',#644,1.);
#644 = DIRECTION('',(-1.,0.,0.));
#645 = FACE_BOUND('',#646,.F.);
#646 = EDGE_LOOP('',(#647,#657,#665,#673,#681));
#647 = ORIENTED_EDGE('',*,*,#648,.F.);
#648 = EDGE_CURVE('',#649,#651,#653,.T.);
#649 = VERTEX_POINT('',#650);
#650 = CARTESIAN_POINT('',(2.77,-1.25,4.95));
#651 = VERTEX_POINT('',#652);
#652 = CARTESIAN_POINT('',(0.93,-1.25,4.95));
#653 = LINE('',#654,#655);
#654 = CARTESIAN_POINT('',(2.77,-1.25,4.95));
#655 = VECTOR('',#656,1.);
#656 = DIRECTION('',(-1.,0.,0.));
#657 = ORIENTED_EDGE('',*,*,#658,.F.);
#658 = EDGE_CURVE('',#659,#649,#661,.T.);
#659 = VERTEX_POINT('',#660);
#660 = CARTESIAN_POINT('',(2.77,1.25,4.95));
#661 = LINE('',#662,#663);
#662 = CARTESIAN_POINT('',(2.77,1.25,4.95));
#663 = VECTOR('',#664,1.);
#664 = DIRECTION('',(0.,-1.,0.));
#665 = ORIENTED_EDGE('',*,*,#666,.F.);
#666 = EDGE_CURVE('',#667,#659,#669,.T.);
#667 = VERTEX_POINT('',#668);
#668 = CARTESIAN_POINT('',(0.23,1.25,4.95));
#669 = LINE('',#670,#671);
#670 = CARTESIAN_POINT('',(0.23,1.25,4.95));
#671 = VECTOR('',#672,1.);
#672 = DIRECTION('',(1.,0.,0.));
#673 = ORIENTED_EDGE('',*,*,#674,.F.);
#674 = EDGE_CURVE('',#675,#667,#677,.T.);
#675 = VERTEX_POINT('',#676);
#676 = CARTESIAN_POINT('',(0.23,-0.55,4.95));
#677 = LINE('',#678,#679);
#678 = CARTESIAN_POINT('',(0.23,-0.55,4.95));
#679 = VECTOR('',#680,1.);
#680 = DIRECTION('',(0.,1.,0.));
#681 = ORIENTED_EDGE('',*,*,#682,.F.);
#682 = EDGE_CURVE('',#651,#675,#683,.T.);
#683 = LINE('',#684,#685);
#684 = CARTESIAN_POINT('',(0.93,-1.25,4.95));
#685 = VECTOR('',#686,1.);
#686 = DIRECTION('',(-0.707106781187,0.707106781187,0.));
#687 = PLANE('',#688);
#688 = AXIS2_PLACEMENT_3D('',#689,#690,#691);
#689 = CARTESIAN_POINT('',(-4.825,1.93,4.95));
#690 = DIRECTION('',(0.,0.,1.));
#691 = DIRECTION('',(0.,-1.,0.));
#692 = ADVANCED_FACE('',(#693),#718,.F.);
#693 = FACE_BOUND('',#694,.F.);
#694 = EDGE_LOOP('',(#695,#696,#704,#712));
#695 = ORIENTED_EDGE('',*,*,#557,.T.);
#696 = ORIENTED_EDGE('',*,*,#697,.F.);
#697 = EDGE_CURVE('',#698,#560,#700,.T.);
#698 = VERTEX_POINT('',#699);
#699 = CARTESIAN_POINT('',(3.425,1.25,3.55));
#700 = LINE('',#701,#702);
#701 = CARTESIAN_POINT('',(3.425,1.25,3.55));
#702 = VECTOR('',#703,1.);
#703 = DIRECTION('',(0.,0.,1.));
#704 = ORIENTED_EDGE('',*,*,#705,.T.);
#705 = EDGE_CURVE('',#698,#706,#708,.T.);
#706 = VERTEX_POINT('',#707);
#707 = CARTESIAN_POINT('',(3.425,-0.75,3.55));
#708 = LINE('',#709,#710);
#709 = CARTESIAN_POINT('',(3.425,1.25,3.55));
#710 = VECTOR('',#711,1.);
#711 = DIRECTION('',(0.,-1.,0.));
#712 = ORIENTED_EDGE('',*,*,#713,.T.);
#713 = EDGE_CURVE('',#706,#558,#714,.T.);
#714 = LINE('',#715,#716);
#715 = CARTESIAN_POINT('',(3.425,-0.75,3.55));
#716 = VECTOR('',#717,1.);
#717 = DIRECTION('',(0.,0.,1.));
#718 = PLANE('',#719);
#719 = AXIS2_PLACEMENT_3D('',#720,#721,#722);
#720 = CARTESIAN_POINT('',(3.425,1.25,3.55));
#721 = DIRECTION('',(-1.,0.,0.));
#722 = DIRECTION('',(0.,0.,1.));
#723 = ADVANCED_FACE('',(#724),#741,.F.);
#724 = FACE_BOUND('',#725,.F.);
#725 = EDGE_LOOP('',(#726,#734,#735));
#726 = ORIENTED_EDGE('',*,*,#727,.T.);
#727 = EDGE_CURVE('',#728,#698,#730,.T.);
#728 = VERTEX_POINT('',#729);
#729 = CARTESIAN_POINT('',(4.825,1.25,3.55));
#730 = LINE('',#731,#732);
#731 = CARTESIAN_POINT('',(4.825,1.25,3.55));
#732 = VECTOR('',#733,1.);
#733 = DIRECTION('',(-1.,0.,0.));
#734 = ORIENTED_EDGE('',*,*,#697,.T.);
#735 = ORIENTED_EDGE('',*,*,#736,.F.);
#736 = EDGE_CURVE('',#728,#560,#737,.T.);
#737 = LINE('',#738,#739);
#738 = CARTESIAN_POINT('',(4.825,1.25,3.55));
#739 = VECTOR('',#740,1.);
#740 = DIRECTION('',(-0.707106781187,0.,0.707106781187));
#741 = PLANE('',#742);
#742 = AXIS2_PLACEMENT_3D('',#743,#744,#745);
#743 = CARTESIAN_POINT('',(-4.825,1.25,-4.95));
#744 = DIRECTION('',(0.,1.,0.));
#745 = DIRECTION('',(1.,0.,0.));
#746 = ADVANCED_FACE('',(#747),#771,.F.);
#747 = FACE_BOUND('',#748,.F.);
#748 = EDGE_LOOP('',(#749,#757,#765));
#749 = ORIENTED_EDGE('',*,*,#750,.T.);
#750 = EDGE_CURVE('',#592,#751,#753,.T.);
#751 = VERTEX_POINT('',#752);
#752 = CARTESIAN_POINT('',(-3.425,1.25,3.55));
#753 = LINE('',#754,#755);
#754 = CARTESIAN_POINT('',(-3.425,1.25,4.95));
#755 = VECTOR('',#756,1.);
#756 = DIRECTION('',(0.,0.,-1.));
#757 = ORIENTED_EDGE('',*,*,#758,.T.);
#758 = EDGE_CURVE('',#751,#759,#761,.T.);
#759 = VERTEX_POINT('',#760);
#760 = CARTESIAN_POINT('',(-4.825,1.25,3.55));
#761 = LINE('',#762,#763);
#762 = CARTESIAN_POINT('',(-3.425,1.25,3.55));
#763 = VECTOR('',#764,1.);
#764 = DIRECTION('',(-1.,0.,0.));
#765 = ORIENTED_EDGE('',*,*,#766,.T.);
#766 = EDGE_CURVE('',#759,#592,#767,.T.);
#767 = LINE('',#768,#769);
#768 = CARTESIAN_POINT('',(-4.825,1.25,3.55));
#769 = VECTOR('',#770,1.);
#770 = DIRECTION('',(0.707106781187,0.,0.707106781187));
#771 = PLANE('',#772);
#772 = AXIS2_PLACEMENT_3D('',#773,#774,#775);
#773 = CARTESIAN_POINT('',(-4.825,1.25,-4.95));
#774 = DIRECTION('',(0.,1.,0.));
#775 = DIRECTION('',(1.,0.,0.));
#776 = ADVANCED_FACE('',(#777),#795,.F.);
#777 = FACE_BOUND('',#778,.F.);
#778 = EDGE_LOOP('',(#779,#787,#793,#794));
#779 = ORIENTED_EDGE('',*,*,#780,.F.);
#780 = EDGE_CURVE('',#781,#728,#783,.T.);
#781 = VERTEX_POINT('',#782);
#782 = CARTESIAN_POINT('',(4.825,-0.75,3.55));
#783 = LINE('',#784,#785);
#784 = CARTESIAN_POINT('',(4.825,-0.75,3.55));
#785 = VECTOR('',#786,1.);
#786 = DIRECTION('',(0.,1.,0.));
#787 = ORIENTED_EDGE('',*,*,#788,.T.);
#788 = EDGE_CURVE('',#781,#706,#789,.T.);
#789 = LINE('',#790,#791);
#790 = CARTESIAN_POINT('',(4.825,-0.75,3.55));
#791 = VECTOR('',#792,1.);
#792 = DIRECTION('',(-1.,0.,0.));
#793 = ORIENTED_EDGE('',*,*,#705,.F.);
#794 = ORIENTED_EDGE('',*,*,#727,.F.);
#795 = PLANE('',#796);
#796 = AXIS2_PLACEMENT_3D('',#797,#798,#799);
#797 = CARTESIAN_POINT('',(4.825,1.25,3.55));
#798 = DIRECTION('',(0.,0.,-1.));
#799 = DIRECTION('',(-1.,0.,0.));
#800 = ADVANCED_FACE('',(#801,#938),#996,.T.);
#801 = FACE_BOUND('',#802,.F.);
#802 = EDGE_LOOP('',(#803,#813,#821,#829,#837,#843,#844,#852,#860,#868,
    #876,#884,#892,#900,#908,#916,#924,#932));
#803 = ORIENTED_EDGE('',*,*,#804,.T.);
#804 = EDGE_CURVE('',#805,#807,#809,.T.);
#805 = VERTEX_POINT('',#806);
#806 = CARTESIAN_POINT('',(4.825,-1.57,-6.1));
#807 = VERTEX_POINT('',#808);
#808 = CARTESIAN_POINT('',(4.825,-2.47,-6.1));
#809 = LINE('',#810,#811);
#810 = CARTESIAN_POINT('',(4.825,-1.57,-6.1));
#811 = VECTOR('',#812,1.);
#812 = DIRECTION('',(0.,-1.,0.));
#813 = ORIENTED_EDGE('',*,*,#814,.T.);
#814 = EDGE_CURVE('',#807,#815,#817,.T.);
#815 = VERTEX_POINT('',#816);
#816 = CARTESIAN_POINT('',(4.825,-2.47,-3.1));
#817 = LINE('',#818,#819);
#818 = CARTESIAN_POINT('',(4.825,-2.47,-6.1));
#819 = VECTOR('',#820,1.);
#820 = DIRECTION('',(0.,0.,1.));
#821 = ORIENTED_EDGE('',*,*,#822,.F.);
#822 = EDGE_CURVE('',#823,#815,#825,.T.);
#823 = VERTEX_POINT('',#824);
#824 = CARTESIAN_POINT('',(4.825,-1.43,-3.1));
#825 = LINE('',#826,#827);
#826 = CARTESIAN_POINT('',(4.825,-1.43,-3.1));
#827 = VECTOR('',#828,1.);
#828 = DIRECTION('',(0.,-1.,0.));
#829 = ORIENTED_EDGE('',*,*,#830,.F.);
#830 = EDGE_CURVE('',#831,#823,#833,.T.);
#831 = VERTEX_POINT('',#832);
#832 = CARTESIAN_POINT('',(4.825,-1.43,3.55));
#833 = LINE('',#834,#835);
#834 = CARTESIAN_POINT('',(4.825,-1.43,3.55));
#835 = VECTOR('',#836,1.);
#836 = DIRECTION('',(0.,0.,-1.));
#837 = ORIENTED_EDGE('',*,*,#838,.F.);
#838 = EDGE_CURVE('',#781,#831,#839,.T.);
#839 = LINE('',#840,#841);
#840 = CARTESIAN_POINT('',(4.825,-0.75,3.55));
#841 = VECTOR('',#842,1.);
#842 = DIRECTION('',(0.,-1.,0.));
#843 = ORIENTED_EDGE('',*,*,#780,.T.);
#844 = ORIENTED_EDGE('',*,*,#845,.F.);
#845 = EDGE_CURVE('',#846,#728,#848,.T.);
#846 = VERTEX_POINT('',#847);
#847 = CARTESIAN_POINT('',(4.825,1.93,3.55));
#848 = LINE('',#849,#850);
#849 = CARTESIAN_POINT('',(4.825,1.93,3.55));
#850 = VECTOR('',#851,1.);
#851 = DIRECTION('',(0.,-1.,0.));
#852 = ORIENTED_EDGE('',*,*,#853,.F.);
#853 = EDGE_CURVE('',#854,#846,#856,.T.);
#854 = VERTEX_POINT('',#855);
#855 = CARTESIAN_POINT('',(4.825,1.93,-4.95));
#856 = LINE('',#857,#858);
#857 = CARTESIAN_POINT('',(4.825,1.93,-4.95));
#858 = VECTOR('',#859,1.);
#859 = DIRECTION('',(0.,0.,1.));
#860 = ORIENTED_EDGE('',*,*,#861,.F.);
#861 = EDGE_CURVE('',#862,#854,#864,.T.);
#862 = VERTEX_POINT('',#863);
#863 = CARTESIAN_POINT('',(4.825,1.27,-4.95));
#864 = LINE('',#865,#866);
#865 = CARTESIAN_POINT('',(4.825,1.27,-4.95));
#866 = VECTOR('',#867,1.);
#867 = DIRECTION('',(0.,1.,0.));
#868 = ORIENTED_EDGE('',*,*,#869,.F.);
#869 = EDGE_CURVE('',#870,#862,#872,.T.);
#870 = VERTEX_POINT('',#871);
#871 = CARTESIAN_POINT('',(4.825,1.27,-4.28));
#872 = LINE('',#873,#874);
#873 = CARTESIAN_POINT('',(4.825,1.27,-4.28));
#874 = VECTOR('',#875,1.);
#875 = DIRECTION('',(0.,0.,-1.));
#876 = ORIENTED_EDGE('',*,*,#877,.F.);
#877 = EDGE_CURVE('',#878,#870,#880,.T.);
#878 = VERTEX_POINT('',#879);
#879 = CARTESIAN_POINT('',(4.825,0.875,-4.28));
#880 = LINE('',#881,#882);
#881 = CARTESIAN_POINT('',(4.825,0.875,-4.28));
#882 = VECTOR('',#883,1.);
#883 = DIRECTION('',(0.,1.,0.));
#884 = ORIENTED_EDGE('',*,*,#885,.T.);
#885 = EDGE_CURVE('',#878,#886,#888,.T.);
#886 = VERTEX_POINT('',#887);
#887 = CARTESIAN_POINT('',(4.825,0.875,-3.68));
#888 = LINE('',#889,#890);
#889 = CARTESIAN_POINT('',(4.825,0.875,-4.28));
#890 = VECTOR('',#891,1.);
#891 = DIRECTION('',(0.,0.,1.));
#892 = ORIENTED_EDGE('',*,*,#893,.T.);
#893 = EDGE_CURVE('',#886,#894,#896,.T.);
#894 = VERTEX_POINT('',#895);
#895 = CARTESIAN_POINT('',(4.825,-0.875,-3.68));
#896 = LINE('',#897,#898);
#897 = CARTESIAN_POINT('',(4.825,0.875,-3.68));
#898 = VECTOR('',#899,1.);
#899 = DIRECTION('',(0.,-1.,0.));
#900 = ORIENTED_EDGE('',*,*,#901,.T.);
#901 = EDGE_CURVE('',#894,#902,#904,.T.);
#902 = VERTEX_POINT('',#903);
#903 = CARTESIAN_POINT('',(4.825,-0.875,-4.28));
#904 = LINE('',#905,#906);
#905 = CARTESIAN_POINT('',(4.825,-0.875,-3.68));
#906 = VECTOR('',#907,1.);
#907 = DIRECTION('',(0.,0.,-1.));
#908 = ORIENTED_EDGE('',*,*,#909,.F.);
#909 = EDGE_CURVE('',#910,#902,#912,.T.);
#910 = VERTEX_POINT('',#911);
#911 = CARTESIAN_POINT('',(4.825,-1.27,-4.28));
#912 = LINE('',#913,#914);
#913 = CARTESIAN_POINT('',(4.825,-1.27,-4.28));
#914 = VECTOR('',#915,1.);
#915 = DIRECTION('',(0.,1.,0.));
#916 = ORIENTED_EDGE('',*,*,#917,.F.);
#917 = EDGE_CURVE('',#918,#910,#920,.T.);
#918 = VERTEX_POINT('',#919);
#919 = CARTESIAN_POINT('',(4.825,-1.27,-4.95));
#920 = LINE('',#921,#922);
#921 = CARTESIAN_POINT('',(4.825,-1.27,-4.95));
#922 = VECTOR('',#923,1.);
#923 = DIRECTION('',(0.,0.,1.));
#924 = ORIENTED_EDGE('',*,*,#925,.F.);
#925 = EDGE_CURVE('',#926,#918,#928,.T.);
#926 = VERTEX_POINT('',#927);
#927 = CARTESIAN_POINT('',(4.825,-1.57,-4.95));
#928 = LINE('',#929,#930);
#929 = CARTESIAN_POINT('',(4.825,-1.57,-4.95));
#930 = VECTOR('',#931,1.);
#931 = DIRECTION('',(0.,1.,0.));
#932 = ORIENTED_EDGE('',*,*,#933,.T.);
#933 = EDGE_CURVE('',#926,#805,#934,.T.);
#934 = LINE('',#935,#936);
#935 = CARTESIAN_POINT('',(4.825,-1.57,-4.95));
#936 = VECTOR('',#937,1.);
#937 = DIRECTION('',(0.,0.,-1.));
#938 = FACE_BOUND('',#939,.F.);
#939 = EDGE_LOOP('',(#940,#950,#958,#966,#974,#982,#990));
#940 = ORIENTED_EDGE('',*,*,#941,.T.);
#941 = EDGE_CURVE('',#942,#944,#946,.T.);
#942 = VERTEX_POINT('',#943);
#943 = CARTESIAN_POINT('',(4.825,4.25E-02,-3.5));
#944 = VERTEX_POINT('',#945);
#945 = CARTESIAN_POINT('',(4.825,4.25E-02,-2.25));
#946 = LINE('',#947,#948);
#947 = CARTESIAN_POINT('',(4.825,4.25E-02,-3.5));
#948 = VECTOR('',#949,1.);
#949 = DIRECTION('',(0.,0.,1.));
#950 = ORIENTED_EDGE('',*,*,#951,.T.);
#951 = EDGE_CURVE('',#944,#952,#954,.T.);
#952 = VERTEX_POINT('',#953);
#953 = CARTESIAN_POINT('',(4.825,-0.11375,-2.25));
#954 = LINE('',#955,#956);
#955 = CARTESIAN_POINT('',(4.825,4.25E-02,-2.25));
#956 = VECTOR('',#957,1.);
#957 = DIRECTION('',(0.,-1.,0.));
#958 = ORIENTED_EDGE('',*,*,#959,.T.);
#959 = EDGE_CURVE('',#952,#960,#962,.T.);
#960 = VERTEX_POINT('',#961);
#961 = CARTESIAN_POINT('',(4.825,-0.27,-2.436170190573));
#962 = LINE('',#963,#964);
#963 = CARTESIAN_POINT('',(4.825,-0.11375,-2.25));
#964 = VECTOR('',#965,1.);
#965 = DIRECTION('',(0.,-0.642871293714,-0.765974216093));
#966 = ORIENTED_EDGE('',*,*,#967,.T.);
#967 = EDGE_CURVE('',#960,#968,#970,.T.);
#968 = VERTEX_POINT('',#969);
#969 = CARTESIAN_POINT('',(4.825,-0.27,-2.648936197162));
#970 = LINE('',#971,#972);
#971 = CARTESIAN_POINT('',(4.825,-0.27,-2.436170190573));
#972 = VECTOR('',#973,1.);
#973 = DIRECTION('',(0.,0.,-1.));
#974 = ORIENTED_EDGE('',*,*,#975,.T.);
#975 = EDGE_CURVE('',#968,#976,#978,.T.);
#976 = VERTEX_POINT('',#977);
#977 = CARTESIAN_POINT('',(4.825,-0.11375,-2.462765932083));
#978 = LINE('',#979,#980);
#979 = CARTESIAN_POINT('',(4.825,-0.27,-2.648936197162));
#980 = VECTOR('',#981,1.);
#981 = DIRECTION('',(0.,0.642871142764,0.765974342782));
#982 = ORIENTED_EDGE('',*,*,#983,.T.);
#983 = EDGE_CURVE('',#976,#984,#986,.T.);
#984 = VERTEX_POINT('',#985);
#985 = CARTESIAN_POINT('',(4.825,-0.11375,-3.5));
#986 = LINE('',#987,#988);
#987 = CARTESIAN_POINT('',(4.825,-0.11375,-2.462765932083));
#988 = VECTOR('',#989,1.);
#989 = DIRECTION('',(0.,0.,-1.));
#990 = ORIENTED_EDGE('',*,*,#991,.T.);
#991 = EDGE_CURVE('',#984,#942,#992,.T.);
#992 = LINE('',#993,#994);
#993 = CARTESIAN_POINT('',(4.825,-0.11375,-3.5));
#994 = VECTOR('',#995,1.);
#995 = DIRECTION('',(0.,1.,0.));
#996 = PLANE('',#997);
#997 = AXIS2_PLACEMENT_3D('',#998,#999,#1000);
#998 = CARTESIAN_POINT('',(4.825,0.,0.));
#999 = DIRECTION('',(1.,0.,0.));
#1000 = DIRECTION('',(0.,0.,-1.));
#1001 = ADVANCED_FACE('',(#1002),#1027,.F.);
#1002 = FACE_BOUND('',#1003,.F.);
#1003 = EDGE_LOOP('',(#1004,#1005,#1013,#1021));
#1004 = ORIENTED_EDGE('',*,*,#941,.F.);
#1005 = ORIENTED_EDGE('',*,*,#1006,.T.);
#1006 = EDGE_CURVE('',#942,#1007,#1009,.T.);
#1007 = VERTEX_POINT('',#1008);
#1008 = CARTESIAN_POINT('',(4.775,4.25E-02,-3.5));
#1009 = LINE('',#1010,#1011);
#1010 = CARTESIAN_POINT('',(4.825,4.25E-02,-3.5));
#1011 = VECTOR('',#1012,1.);
#1012 = DIRECTION('',(-1.,0.,0.));
#1013 = ORIENTED_EDGE('',*,*,#1014,.T.);
#1014 = EDGE_CURVE('',#1007,#1015,#1017,.T.);
#1015 = VERTEX_POINT('',#1016);
#1016 = CARTESIAN_POINT('',(4.775,4.25E-02,-2.25));
#1017 = LINE('',#1018,#1019);
#1018 = CARTESIAN_POINT('',(4.775,4.25E-02,-3.5));
#1019 = VECTOR('',#1020,1.);
#1020 = DIRECTION('',(0.,0.,1.));
#1021 = ORIENTED_EDGE('',*,*,#1022,.F.);
#1022 = EDGE_CURVE('',#944,#1015,#1023,.T.);
#1023 = LINE('',#1024,#1025);
#1024 = CARTESIAN_POINT('',(4.825,4.25E-02,-2.25));
#1025 = VECTOR('',#1026,1.);
#1026 = DIRECTION('',(-1.,0.,0.));
#1027 = PLANE('',#1028);
#1028 = AXIS2_PLACEMENT_3D('',#1029,#1030,#1031);
#1029 = CARTESIAN_POINT('',(4.825,4.25E-02,-3.5));
#1030 = DIRECTION('',(0.,1.,0.));
#1031 = DIRECTION('',(0.,-0.,1.));
#1032 = ADVANCED_FACE('',(#1033),#1051,.F.);
#1033 = FACE_BOUND('',#1034,.F.);
#1034 = EDGE_LOOP('',(#1035,#1036,#1044,#1050));
#1035 = ORIENTED_EDGE('',*,*,#991,.F.);
#1036 = ORIENTED_EDGE('',*,*,#1037,.T.);
#1037 = EDGE_CURVE('',#984,#1038,#1040,.T.);
#1038 = VERTEX_POINT('',#1039);
#1039 = CARTESIAN_POINT('',(4.775,-0.11375,-3.5));
#1040 = LINE('',#1041,#1042);
#1041 = CARTESIAN_POINT('',(4.825,-0.11375,-3.5));
#1042 = VECTOR('',#1043,1.);
#1043 = DIRECTION('',(-1.,0.,0.));
#1044 = ORIENTED_EDGE('',*,*,#1045,.T.);
#1045 = EDGE_CURVE('',#1038,#1007,#1046,.T.);
#1046 = LINE('',#1047,#1048);
#1047 = CARTESIAN_POINT('',(4.775,-0.11375,-3.5));
#1048 = VECTOR('',#1049,1.);
#1049 = DIRECTION('',(0.,1.,0.));
#1050 = ORIENTED_EDGE('',*,*,#1006,.F.);
#1051 = PLANE('',#1052);
#1052 = AXIS2_PLACEMENT_3D('',#1053,#1054,#1055);
#1053 = CARTESIAN_POINT('',(4.825,-0.11375,-3.5));
#1054 = DIRECTION('',(0.,0.,-1.));
#1055 = DIRECTION('',(0.,1.,0.));
#1056 = ADVANCED_FACE('',(#1057),#1075,.F.);
#1057 = FACE_BOUND('',#1058,.F.);
#1058 = EDGE_LOOP('',(#1059,#1060,#1068,#1074));
#1059 = ORIENTED_EDGE('',*,*,#983,.F.);
#1060 = ORIENTED_EDGE('',*,*,#1061,.T.);
#1061 = EDGE_CURVE('',#976,#1062,#1064,.T.);
#1062 = VERTEX_POINT('',#1063);
#1063 = CARTESIAN_POINT('',(4.775,-0.11375,-2.462765932083));
#1064 = LINE('',#1065,#1066);
#1065 = CARTESIAN_POINT('',(4.825,-0.11375,-2.462765932083));
#1066 = VECTOR('',#1067,1.);
#1067 = DIRECTION('',(-1.,0.,0.));
#1068 = ORIENTED_EDGE('',*,*,#1069,.T.);
#1069 = EDGE_CURVE('',#1062,#1038,#1070,.T.);
#1070 = LINE('',#1071,#1072);
#1071 = CARTESIAN_POINT('',(4.775,-0.11375,-2.462765932083));
#1072 = VECTOR('',#1073,1.);
#1073 = DIRECTION('',(0.,0.,-1.));
#1074 = ORIENTED_EDGE('',*,*,#1037,.F.);
#1075 = PLANE('',#1076);
#1076 = AXIS2_PLACEMENT_3D('',#1077,#1078,#1079);
#1077 = CARTESIAN_POINT('',(4.825,-0.11375,-2.462765932083));
#1078 = DIRECTION('',(0.,-1.,0.));
#1079 = DIRECTION('',(0.,0.,-1.));
#1080 = ADVANCED_FACE('',(#1081),#1099,.F.);
#1081 = FACE_BOUND('',#1082,.F.);
#1082 = EDGE_LOOP('',(#1083,#1084,#1092,#1098));
#1083 = ORIENTED_EDGE('',*,*,#975,.F.);
#1084 = ORIENTED_EDGE('',*,*,#1085,.T.);
#1085 = EDGE_CURVE('',#968,#1086,#1088,.T.);
#1086 = VERTEX_POINT('',#1087);
#1087 = CARTESIAN_POINT('',(4.775,-0.27,-2.648936197162));
#1088 = LINE('',#1089,#1090);
#1089 = CARTESIAN_POINT('',(4.825,-0.27,-2.648936197162));
#1090 = VECTOR('',#1091,1.);
#1091 = DIRECTION('',(-1.,0.,0.));
#1092 = ORIENTED_EDGE('',*,*,#1093,.T.);
#1093 = EDGE_CURVE('',#1086,#1062,#1094,.T.);
#1094 = LINE('',#1095,#1096);
#1095 = CARTESIAN_POINT('',(4.775,-0.27,-2.648936197162));
#1096 = VECTOR('',#1097,1.);
#1097 = DIRECTION('',(0.,0.642871142764,0.765974342782));
#1098 = ORIENTED_EDGE('',*,*,#1061,.F.);
#1099 = PLANE('',#1100);
#1100 = AXIS2_PLACEMENT_3D('',#1101,#1102,#1103);
#1101 = CARTESIAN_POINT('',(4.825,-0.27,-2.648936197162));
#1102 = DIRECTION('',(0.,0.765974342782,-0.642871142764));
#1103 = DIRECTION('',(0.,0.642871142764,0.765974342782));
#1104 = ADVANCED_FACE('',(#1105),#1123,.F.);
#1105 = FACE_BOUND('',#1106,.F.);
#1106 = EDGE_LOOP('',(#1107,#1108,#1116,#1122));
#1107 = ORIENTED_EDGE('',*,*,#967,.F.);
#1108 = ORIENTED_EDGE('',*,*,#1109,.T.);
#1109 = EDGE_CURVE('',#960,#1110,#1112,.T.);
#1110 = VERTEX_POINT('',#1111);
#1111 = CARTESIAN_POINT('',(4.775,-0.27,-2.436170190573));
#1112 = LINE('',#1113,#1114);
#1113 = CARTESIAN_POINT('',(4.825,-0.27,-2.436170190573));
#1114 = VECTOR('',#1115,1.);
#1115 = DIRECTION('',(-1.,0.,0.));
#1116 = ORIENTED_EDGE('',*,*,#1117,.T.);
#1117 = EDGE_CURVE('',#1110,#1086,#1118,.T.);
#1118 = LINE('',#1119,#1120);
#1119 = CARTESIAN_POINT('',(4.775,-0.27,-2.436170190573));
#1120 = VECTOR('',#1121,1.);
#1121 = DIRECTION('',(0.,0.,-1.));
#1122 = ORIENTED_EDGE('',*,*,#1085,.F.);
#1123 = PLANE('',#1124);
#1124 = AXIS2_PLACEMENT_3D('',#1125,#1126,#1127);
#1125 = CARTESIAN_POINT('',(4.825,-0.27,-2.436170190573));
#1126 = DIRECTION('',(0.,-1.,0.));
#1127 = DIRECTION('',(0.,0.,-1.));
#1128 = ADVANCED_FACE('',(#1129),#1147,.F.);
#1129 = FACE_BOUND('',#1130,.F.);
#1130 = EDGE_LOOP('',(#1131,#1132,#1140,#1146));
#1131 = ORIENTED_EDGE('',*,*,#959,.F.);
#1132 = ORIENTED_EDGE('',*,*,#1133,.T.);
#1133 = EDGE_CURVE('',#952,#1134,#1136,.T.);
#1134 = VERTEX_POINT('',#1135);
#1135 = CARTESIAN_POINT('',(4.775,-0.11375,-2.25));
#1136 = LINE('',#1137,#1138);
#1137 = CARTESIAN_POINT('',(4.825,-0.11375,-2.25));
#1138 = VECTOR('',#1139,1.);
#1139 = DIRECTION('',(-1.,0.,0.));
#1140 = ORIENTED_EDGE('',*,*,#1141,.T.);
#1141 = EDGE_CURVE('',#1134,#1110,#1142,.T.);
#1142 = LINE('',#1143,#1144);
#1143 = CARTESIAN_POINT('',(4.775,-0.11375,-2.25));
#1144 = VECTOR('',#1145,1.);
#1145 = DIRECTION('',(0.,-0.642871293714,-0.765974216093));
#1146 = ORIENTED_EDGE('',*,*,#1109,.F.);
#1147 = PLANE('',#1148);
#1148 = AXIS2_PLACEMENT_3D('',#1149,#1150,#1151);
#1149 = CARTESIAN_POINT('',(4.825,-0.11375,-2.25));
#1150 = DIRECTION('',(0.,-0.765974216093,0.642871293714));
#1151 = DIRECTION('',(0.,-0.642871293714,-0.765974216093));
#1152 = ADVANCED_FACE('',(#1153),#1164,.F.);
#1153 = FACE_BOUND('',#1154,.F.);
#1154 = EDGE_LOOP('',(#1155,#1156,#1157,#1163));
#1155 = ORIENTED_EDGE('',*,*,#951,.F.);
#1156 = ORIENTED_EDGE('',*,*,#1022,.T.);
#1157 = ORIENTED_EDGE('',*,*,#1158,.T.);
#1158 = EDGE_CURVE('',#1015,#1134,#1159,.T.);
#1159 = LINE('',#1160,#1161);
#1160 = CARTESIAN_POINT('',(4.775,4.25E-02,-2.25));
#1161 = VECTOR('',#1162,1.);
#1162 = DIRECTION('',(0.,-1.,0.));
#1163 = ORIENTED_EDGE('',*,*,#1133,.F.);
#1164 = PLANE('',#1165);
#1165 = AXIS2_PLACEMENT_3D('',#1166,#1167,#1168);
#1166 = CARTESIAN_POINT('',(4.825,4.25E-02,-2.25));
#1167 = DIRECTION('',(0.,0.,1.));
#1168 = DIRECTION('',(0.,-1.,0.));
#1169 = ADVANCED_FACE('',(#1170),#1179,.T.);
#1170 = FACE_BOUND('',#1171,.F.);
#1171 = EDGE_LOOP('',(#1172,#1173,#1174,#1175,#1176,#1177,#1178));
#1172 = ORIENTED_EDGE('',*,*,#1014,.F.);
#1173 = ORIENTED_EDGE('',*,*,#1045,.F.);
#1174 = ORIENTED_EDGE('',*,*,#1069,.F.);
#1175 = ORIENTED_EDGE('',*,*,#1093,.F.);
#1176 = ORIENTED_EDGE('',*,*,#1117,.F.);
#1177 = ORIENTED_EDGE('',*,*,#1141,.F.);
#1178 = ORIENTED_EDGE('',*,*,#1158,.F.);
#1179 = PLANE('',#1180);
#1180 = AXIS2_PLACEMENT_3D('',#1181,#1182,#1183);
#1181 = CARTESIAN_POINT('',(4.775,0.,0.));
#1182 = DIRECTION('',(1.,0.,0.));
#1183 = DIRECTION('',(0.,-1.,0.));
#1184 = ADVANCED_FACE('',(#1185),#1210,.T.);
#1185 = FACE_BOUND('',#1186,.F.);
#1186 = EDGE_LOOP('',(#1187,#1188,#1196,#1204));
#1187 = ORIENTED_EDGE('',*,*,#804,.F.);
#1188 = ORIENTED_EDGE('',*,*,#1189,.T.);
#1189 = EDGE_CURVE('',#805,#1190,#1192,.T.);
#1190 = VERTEX_POINT('',#1191);
#1191 = CARTESIAN_POINT('',(4.525,-1.87,-6.35));
#1192 = LINE('',#1193,#1194);
#1193 = CARTESIAN_POINT('',(4.825,-1.57,-6.1));
#1194 = VECTOR('',#1195,1.);
#1195 = DIRECTION('',(-0.60920769908,-0.60920769908,-0.507673082567));
#1196 = ORIENTED_EDGE('',*,*,#1197,.T.);
#1197 = EDGE_CURVE('',#1190,#1198,#1200,.T.);
#1198 = VERTEX_POINT('',#1199);
#1199 = CARTESIAN_POINT('',(4.525,-2.17,-6.35));
#1200 = LINE('',#1201,#1202);
#1201 = CARTESIAN_POINT('',(4.525,-1.87,-6.35));
#1202 = VECTOR('',#1203,1.);
#1203 = DIRECTION('',(0.,-1.,0.));
#1204 = ORIENTED_EDGE('',*,*,#1205,.T.);
#1205 = EDGE_CURVE('',#1198,#807,#1206,.T.);
#1206 = LINE('',#1207,#1208);
#1207 = CARTESIAN_POINT('',(4.525,-2.17,-6.35));
#1208 = VECTOR('',#1209,1.);
#1209 = DIRECTION('',(0.60920769908,-0.60920769908,0.507673082567));
#1210 = PLANE('',#1211);
#1211 = AXIS2_PLACEMENT_3D('',#1212,#1213,#1214);
#1212 = CARTESIAN_POINT('',(4.675,-2.02,-6.225));
#1213 = DIRECTION('',(0.640184399664,0.,-0.768221279597));
#1214 = DIRECTION('',(0.768221279597,0.,0.640184399664));
#1215 = ADVANCED_FACE('',(#1216),#1241,.T.);
#1216 = FACE_BOUND('',#1217,.F.);
#1217 = EDGE_LOOP('',(#1218,#1226,#1227,#1235));
#1218 = ORIENTED_EDGE('',*,*,#1219,.T.);
#1219 = EDGE_CURVE('',#1220,#1190,#1222,.T.);
#1220 = VERTEX_POINT('',#1221);
#1221 = CARTESIAN_POINT('',(4.475,-1.87,-6.35));
#1222 = LINE('',#1223,#1224);
#1223 = CARTESIAN_POINT('',(4.475,-1.87,-6.35));
#1224 = VECTOR('',#1225,1.);
#1225 = DIRECTION('',(1.,0.,0.));
#1226 = ORIENTED_EDGE('',*,*,#1189,.F.);
#1227 = ORIENTED_EDGE('',*,*,#1228,.F.);
#1228 = EDGE_CURVE('',#1229,#805,#1231,.T.);
#1229 = VERTEX_POINT('',#1230);
#1230 = CARTESIAN_POINT('',(4.175,-1.57,-6.1));
#1231 = LINE('',#1232,#1233);
#1232 = CARTESIAN_POINT('',(4.175,-1.57,-6.1));
#1233 = VECTOR('',#1234,1.);
#1234 = DIRECTION('',(1.,0.,0.));
#1235 = ORIENTED_EDGE('',*,*,#1236,.T.);
#1236 = EDGE_CURVE('',#1229,#1220,#1237,.T.);
#1237 = LINE('',#1238,#1239);
#1238 = CARTESIAN_POINT('',(4.175,-1.57,-6.1));
#1239 = VECTOR('',#1240,1.);
#1240 = DIRECTION('',(0.60920769908,-0.60920769908,-0.507673082567));
#1241 = PLANE('',#1242);
#1242 = AXIS2_PLACEMENT_3D('',#1243,#1244,#1245);
#1243 = CARTESIAN_POINT('',(4.5,-1.72,-6.225));
#1244 = DIRECTION('',(0.,0.640184399664,-0.768221279597));
#1245 = DIRECTION('',(0.,0.768221279597,0.640184399664));
#1246 = ADVANCED_FACE('',(#1247),#1265,.T.);
#1247 = FACE_BOUND('',#1248,.F.);
#1248 = EDGE_LOOP('',(#1249,#1257,#1258,#1259));
#1249 = ORIENTED_EDGE('',*,*,#1250,.F.);
#1250 = EDGE_CURVE('',#1198,#1251,#1253,.T.);
#1251 = VERTEX_POINT('',#1252);
#1252 = CARTESIAN_POINT('',(4.475,-2.17,-6.35));
#1253 = LINE('',#1254,#1255);
#1254 = CARTESIAN_POINT('',(4.525,-2.17,-6.35));
#1255 = VECTOR('',#1256,1.);
#1256 = DIRECTION('',(-1.,0.,0.));
#1257 = ORIENTED_EDGE('',*,*,#1197,.F.);
#1258 = ORIENTED_EDGE('',*,*,#1219,.F.);
#1259 = ORIENTED_EDGE('',*,*,#1260,.F.);
#1260 = EDGE_CURVE('',#1251,#1220,#1261,.T.);
#1261 = LINE('',#1262,#1263);
#1262 = CARTESIAN_POINT('',(4.475,-2.17,-6.35));
#1263 = VECTOR('',#1264,1.);
#1264 = DIRECTION('',(0.,1.,0.));
#1265 = PLANE('',#1266);
#1266 = AXIS2_PLACEMENT_3D('',#1267,#1268,#1269);
#1267 = CARTESIAN_POINT('',(0.,0.,-6.35));
#1268 = DIRECTION('',(0.,0.,-1.));
#1269 = DIRECTION('',(-1.,0.,0.));
#1270 = ADVANCED_FACE('',(#1271),#1305,.T.);
#1271 = FACE_BOUND('',#1272,.F.);
#1272 = EDGE_LOOP('',(#1273,#1283,#1291,#1299));
#1273 = ORIENTED_EDGE('',*,*,#1274,.F.);
#1274 = EDGE_CURVE('',#1275,#1277,#1279,.T.);
#1275 = VERTEX_POINT('',#1276);
#1276 = CARTESIAN_POINT('',(-4.475,-1.87,-6.35));
#1277 = VERTEX_POINT('',#1278);
#1278 = CARTESIAN_POINT('',(-4.475,-2.17,-6.35));
#1279 = LINE('',#1280,#1281);
#1280 = CARTESIAN_POINT('',(-4.475,-1.87,-6.35));
#1281 = VECTOR('',#1282,1.);
#1282 = DIRECTION('',(0.,-1.,0.));
#1283 = ORIENTED_EDGE('',*,*,#1284,.F.);
#1284 = EDGE_CURVE('',#1285,#1275,#1287,.T.);
#1285 = VERTEX_POINT('',#1286);
#1286 = CARTESIAN_POINT('',(-4.525,-1.87,-6.35));
#1287 = LINE('',#1288,#1289);
#1288 = CARTESIAN_POINT('',(-4.525,-1.87,-6.35));
#1289 = VECTOR('',#1290,1.);
#1290 = DIRECTION('',(1.,0.,0.));
#1291 = ORIENTED_EDGE('',*,*,#1292,.F.);
#1292 = EDGE_CURVE('',#1293,#1285,#1295,.T.);
#1293 = VERTEX_POINT('',#1294);
#1294 = CARTESIAN_POINT('',(-4.525,-2.17,-6.35));
#1295 = LINE('',#1296,#1297);
#1296 = CARTESIAN_POINT('',(-4.525,-2.17,-6.35));
#1297 = VECTOR('',#1298,1.);
#1298 = DIRECTION('',(0.,1.,0.));
#1299 = ORIENTED_EDGE('',*,*,#1300,.F.);
#1300 = EDGE_CURVE('',#1277,#1293,#1301,.T.);
#1301 = LINE('',#1302,#1303);
#1302 = CARTESIAN_POINT('',(-4.475,-2.17,-6.35));
#1303 = VECTOR('',#1304,1.);
#1304 = DIRECTION('',(-1.,0.,0.));
#1305 = PLANE('',#1306);
#1306 = AXIS2_PLACEMENT_3D('',#1307,#1308,#1309);
#1307 = CARTESIAN_POINT('',(0.,0.,-6.35));
#1308 = DIRECTION('',(0.,0.,-1.));
#1309 = DIRECTION('',(-1.,0.,0.));
#1310 = ADVANCED_FACE('',(#1311),#1329,.T.);
#1311 = FACE_BOUND('',#1312,.F.);
#1312 = EDGE_LOOP('',(#1313,#1321,#1322,#1323));
#1313 = ORIENTED_EDGE('',*,*,#1314,.F.);
#1314 = EDGE_CURVE('',#807,#1315,#1317,.T.);
#1315 = VERTEX_POINT('',#1316);
#1316 = CARTESIAN_POINT('',(4.175,-2.47,-6.1));
#1317 = LINE('',#1318,#1319);
#1318 = CARTESIAN_POINT('',(4.825,-2.47,-6.1));
#1319 = VECTOR('',#1320,1.);
#1320 = DIRECTION('',(-1.,0.,0.));
#1321 = ORIENTED_EDGE('',*,*,#1205,.F.);
#1322 = ORIENTED_EDGE('',*,*,#1250,.T.);
#1323 = ORIENTED_EDGE('',*,*,#1324,.T.);
#1324 = EDGE_CURVE('',#1251,#1315,#1325,.T.);
#1325 = LINE('',#1326,#1327);
#1326 = CARTESIAN_POINT('',(4.475,-2.17,-6.35));
#1327 = VECTOR('',#1328,1.);
#1328 = DIRECTION('',(-0.60920769908,-0.60920769908,0.507673082567));
#1329 = PLANE('',#1330);
#1330 = AXIS2_PLACEMENT_3D('',#1331,#1332,#1333);
#1331 = CARTESIAN_POINT('',(4.5,-2.32,-6.225));
#1332 = DIRECTION('',(0.,-0.640184399664,-0.768221279597));
#1333 = DIRECTION('',(0.,-0.768221279597,0.640184399664));
#1334 = ADVANCED_FACE('',(#1335),#1369,.T.);
#1335 = FACE_BOUND('',#1336,.F.);
#1336 = EDGE_LOOP('',(#1337,#1338,#1346,#1354,#1362,#1368));
#1337 = ORIENTED_EDGE('',*,*,#1314,.T.);
#1338 = ORIENTED_EDGE('',*,*,#1339,.F.);
#1339 = EDGE_CURVE('',#1340,#1315,#1342,.T.);
#1340 = VERTEX_POINT('',#1341);
#1341 = CARTESIAN_POINT('',(4.175,-2.47,-4.95));
#1342 = LINE('',#1343,#1344);
#1343 = CARTESIAN_POINT('',(4.175,-2.47,-4.95));
#1344 = VECTOR('',#1345,1.);
#1345 = DIRECTION('',(0.,0.,-1.));
#1346 = ORIENTED_EDGE('',*,*,#1347,.F.);
#1347 = EDGE_CURVE('',#1348,#1340,#1350,.T.);
#1348 = VERTEX_POINT('',#1349);
#1349 = CARTESIAN_POINT('',(3.89,-2.47,-4.95));
#1350 = LINE('',#1351,#1352);
#1351 = CARTESIAN_POINT('',(3.89,-2.47,-4.95));
#1352 = VECTOR('',#1353,1.);
#1353 = DIRECTION('',(1.,0.,0.));
#1354 = ORIENTED_EDGE('',*,*,#1355,.F.);
#1355 = EDGE_CURVE('',#1356,#1348,#1358,.T.);
#1356 = VERTEX_POINT('',#1357);
#1357 = CARTESIAN_POINT('',(3.89,-2.47,-3.1));
#1358 = LINE('',#1359,#1360);
#1359 = CARTESIAN_POINT('',(3.89,-2.47,-3.1));
#1360 = VECTOR('',#1361,1.);
#1361 = DIRECTION('',(0.,0.,-1.));
#1362 = ORIENTED_EDGE('',*,*,#1363,.T.);
#1363 = EDGE_CURVE('',#1356,#815,#1364,.T.);
#1364 = LINE('',#1365,#1366);
#1365 = CARTESIAN_POINT('',(3.89,-2.47,-3.1));
#1366 = VECTOR('',#1367,1.);
#1367 = DIRECTION('',(1.,0.,0.));
#1368 = ORIENTED_EDGE('',*,*,#814,.F.);
#1369 = PLANE('',#1370);
#1370 = AXIS2_PLACEMENT_3D('',#1371,#1372,#1373);
#1371 = CARTESIAN_POINT('',(-4.825,-2.47,-3.1));
#1372 = DIRECTION('',(0.,-1.,0.));
#1373 = DIRECTION('',(0.,0.,-1.));
#1374 = ADVANCED_FACE('',(#1375),#1425,.T.);
#1375 = FACE_BOUND('',#1376,.F.);
#1376 = EDGE_LOOP('',(#1377,#1387,#1395,#1403,#1411,#1419));
#1377 = ORIENTED_EDGE('',*,*,#1378,.T.);
#1378 = EDGE_CURVE('',#1379,#1381,#1383,.T.);
#1379 = VERTEX_POINT('',#1380);
#1380 = CARTESIAN_POINT('',(-4.175,-2.47,-6.1));
#1381 = VERTEX_POINT('',#1382);
#1382 = CARTESIAN_POINT('',(-4.825,-2.47,-6.1));
#1383 = LINE('',#1384,#1385);
#1384 = CARTESIAN_POINT('',(-4.175,-2.47,-6.1));
#1385 = VECTOR('',#1386,1.);
#1386 = DIRECTION('',(-1.,0.,0.));
#1387 = ORIENTED_EDGE('',*,*,#1388,.F.);
#1388 = EDGE_CURVE('',#1389,#1381,#1391,.T.);
#1389 = VERTEX_POINT('',#1390);
#1390 = CARTESIAN_POINT('',(-4.825,-2.47,-3.1));
#1391 = LINE('',#1392,#1393);
#1392 = CARTESIAN_POINT('',(-4.825,-2.47,-3.1));
#1393 = VECTOR('',#1394,1.);
#1394 = DIRECTION('',(0.,0.,-1.));
#1395 = ORIENTED_EDGE('',*,*,#1396,.T.);
#1396 = EDGE_CURVE('',#1389,#1397,#1399,.T.);
#1397 = VERTEX_POINT('',#1398);
#1398 = CARTESIAN_POINT('',(-3.89,-2.47,-3.1));
#1399 = LINE('',#1400,#1401);
#1400 = CARTESIAN_POINT('',(-4.825,-2.47,-3.1));
#1401 = VECTOR('',#1402,1.);
#1402 = DIRECTION('',(1.,0.,0.));
#1403 = ORIENTED_EDGE('',*,*,#1404,.F.);
#1404 = EDGE_CURVE('',#1405,#1397,#1407,.T.);
#1405 = VERTEX_POINT('',#1406);
#1406 = CARTESIAN_POINT('',(-3.89,-2.47,-4.95));
#1407 = LINE('',#1408,#1409);
#1408 = CARTESIAN_POINT('',(-3.89,-2.47,-4.95));
#1409 = VECTOR('',#1410,1.);
#1410 = DIRECTION('',(0.,0.,1.));
#1411 = ORIENTED_EDGE('',*,*,#1412,.F.);
#1412 = EDGE_CURVE('',#1413,#1405,#1415,.T.);
#1413 = VERTEX_POINT('',#1414);
#1414 = CARTESIAN_POINT('',(-4.175,-2.47,-4.95));
#1415 = LINE('',#1416,#1417);
#1416 = CARTESIAN_POINT('',(-4.175,-2.47,-4.95));
#1417 = VECTOR('',#1418,1.);
#1418 = DIRECTION('',(1.,0.,0.));
#1419 = ORIENTED_EDGE('',*,*,#1420,.T.);
#1420 = EDGE_CURVE('',#1413,#1379,#1421,.T.);
#1421 = LINE('',#1422,#1423);
#1422 = CARTESIAN_POINT('',(-4.175,-2.47,-4.95));
#1423 = VECTOR('',#1424,1.);
#1424 = DIRECTION('',(0.,0.,-1.));
#1425 = PLANE('',#1426);
#1426 = AXIS2_PLACEMENT_3D('',#1427,#1428,#1429);
#1427 = CARTESIAN_POINT('',(-4.825,-2.47,-3.1));
#1428 = DIRECTION('',(0.,-1.,0.));
#1429 = DIRECTION('',(0.,0.,-1.));
#1430 = ADVANCED_FACE('',(#1431),#1454,.T.);
#1431 = FACE_BOUND('',#1432,.F.);
#1432 = EDGE_LOOP('',(#1433,#1439,#1447,#1453));
#1433 = ORIENTED_EDGE('',*,*,#1434,.T.);
#1434 = EDGE_CURVE('',#1315,#1229,#1435,.T.);
#1435 = LINE('',#1436,#1437);
#1436 = CARTESIAN_POINT('',(4.175,-2.47,-6.1));
#1437 = VECTOR('',#1438,1.);
#1438 = DIRECTION('',(0.,1.,0.));
#1439 = ORIENTED_EDGE('',*,*,#1440,.F.);
#1440 = EDGE_CURVE('',#1441,#1229,#1443,.T.);
#1441 = VERTEX_POINT('',#1442);
#1442 = CARTESIAN_POINT('',(4.175,-1.57,-4.95));
#1443 = LINE('',#1444,#1445);
#1444 = CARTESIAN_POINT('',(4.175,-1.57,-4.95));
#1445 = VECTOR('',#1446,1.);
#1446 = DIRECTION('',(0.,0.,-1.));
#1447 = ORIENTED_EDGE('',*,*,#1448,.F.);
#1448 = EDGE_CURVE('',#1340,#1441,#1449,.T.);
#1449 = LINE('',#1450,#1451);
#1450 = CARTESIAN_POINT('',(4.175,-2.47,-4.95));
#1451 = VECTOR('',#1452,1.);
#1452 = DIRECTION('',(0.,1.,0.));
#1453 = ORIENTED_EDGE('',*,*,#1339,.T.);
#1454 = PLANE('',#1455);
#1455 = AXIS2_PLACEMENT_3D('',#1456,#1457,#1458);
#1456 = CARTESIAN_POINT('',(4.175,-2.47,-4.95));
#1457 = DIRECTION('',(-1.,0.,0.));
#1458 = DIRECTION('',(0.,1.,0.));
#1459 = ADVANCED_FACE('',(#1460),#1466,.T.);
#1460 = FACE_BOUND('',#1461,.F.);
#1461 = EDGE_LOOP('',(#1462,#1463,#1464,#1465));
#1462 = ORIENTED_EDGE('',*,*,#1434,.F.);
#1463 = ORIENTED_EDGE('',*,*,#1324,.F.);
#1464 = ORIENTED_EDGE('',*,*,#1260,.T.);
#1465 = ORIENTED_EDGE('',*,*,#1236,.F.);
#1466 = PLANE('',#1467);
#1467 = AXIS2_PLACEMENT_3D('',#1468,#1469,#1470);
#1468 = CARTESIAN_POINT('',(4.325,-2.02,-6.225));
#1469 = DIRECTION('',(-0.640184399664,0.,-0.768221279597));
#1470 = DIRECTION('',(-0.768221279597,0.,0.640184399664));
#1471 = ADVANCED_FACE('',(#1472),#1483,.T.);
#1472 = FACE_BOUND('',#1473,.F.);
#1473 = EDGE_LOOP('',(#1474,#1475,#1476,#1482));
#1474 = ORIENTED_EDGE('',*,*,#1228,.T.);
#1475 = ORIENTED_EDGE('',*,*,#933,.F.);
#1476 = ORIENTED_EDGE('',*,*,#1477,.T.);
#1477 = EDGE_CURVE('',#926,#1441,#1478,.T.);
#1478 = LINE('',#1479,#1480);
#1479 = CARTESIAN_POINT('',(4.825,-1.57,-4.95));
#1480 = VECTOR('',#1481,1.);
#1481 = DIRECTION('',(-1.,0.,0.));
#1482 = ORIENTED_EDGE('',*,*,#1440,.T.);
#1483 = PLANE('',#1484);
#1484 = AXIS2_PLACEMENT_3D('',#1485,#1486,#1487);
#1485 = CARTESIAN_POINT('',(4.175,-1.57,-4.95));
#1486 = DIRECTION('',(0.,1.,0.));
#1487 = DIRECTION('',(1.,0.,0.));
#1488 = ADVANCED_FACE('',(#1489),#1523,.T.);
#1489 = FACE_BOUND('',#1490,.F.);
#1490 = EDGE_LOOP('',(#1491,#1501,#1509,#1517));
#1491 = ORIENTED_EDGE('',*,*,#1492,.T.);
#1492 = EDGE_CURVE('',#1493,#1495,#1497,.T.);
#1493 = VERTEX_POINT('',#1494);
#1494 = CARTESIAN_POINT('',(1.82,-1.27,-4.95));
#1495 = VERTEX_POINT('',#1496);
#1496 = CARTESIAN_POINT('',(1.82,-1.68,-4.95));
#1497 = LINE('',#1498,#1499);
#1498 = CARTESIAN_POINT('',(1.82,-1.27,-4.95));
#1499 = VECTOR('',#1500,1.);
#1500 = DIRECTION('',(0.,-1.,0.));
#1501 = ORIENTED_EDGE('',*,*,#1502,.T.);
#1502 = EDGE_CURVE('',#1495,#1503,#1505,.T.);
#1503 = VERTEX_POINT('',#1504);
#1504 = CARTESIAN_POINT('',(3.44,-1.68,-4.95));
#1505 = LINE('',#1506,#1507);
#1506 = CARTESIAN_POINT('',(1.82,-1.68,-4.95));
#1507 = VECTOR('',#1508,1.);
#1508 = DIRECTION('',(1.,0.,0.));
#1509 = ORIENTED_EDGE('',*,*,#1510,.T.);
#1510 = EDGE_CURVE('',#1503,#1511,#1513,.T.);
#1511 = VERTEX_POINT('',#1512);
#1512 = CARTESIAN_POINT('',(3.44,-1.27,-4.95));
#1513 = LINE('',#1514,#1515);
#1514 = CARTESIAN_POINT('',(3.44,-1.68,-4.95));
#1515 = VECTOR('',#1516,1.);
#1516 = DIRECTION('',(0.,1.,0.));
#1517 = ORIENTED_EDGE('',*,*,#1518,.F.);
#1518 = EDGE_CURVE('',#1493,#1511,#1519,.T.);
#1519 = LINE('',#1520,#1521);
#1520 = CARTESIAN_POINT('',(1.82,-1.27,-4.95));
#1521 = VECTOR('',#1522,1.);
#1522 = DIRECTION('',(1.,0.,0.));
#1523 = PLANE('',#1524);
#1524 = AXIS2_PLACEMENT_3D('',#1525,#1526,#1527);
#1525 = CARTESIAN_POINT('',(-4.825,-2.47,-4.95));
#1526 = DIRECTION('',(0.,0.,-1.));
#1527 = DIRECTION('',(0.,1.,0.));
#1528 = ADVANCED_FACE('',(#1529),#1563,.T.);
#1529 = FACE_BOUND('',#1530,.F.);
#1530 = EDGE_LOOP('',(#1531,#1541,#1549,#1557));
#1531 = ORIENTED_EDGE('',*,*,#1532,.T.);
#1532 = EDGE_CURVE('',#1533,#1535,#1537,.T.);
#1533 = VERTEX_POINT('',#1534);
#1534 = CARTESIAN_POINT('',(-1.82,-1.68,-4.95));
#1535 = VERTEX_POINT('',#1536);
#1536 = CARTESIAN_POINT('',(-1.82,-1.27,-4.95));
#1537 = LINE('',#1538,#1539);
#1538 = CARTESIAN_POINT('',(-1.82,-1.68,-4.95));
#1539 = VECTOR('',#1540,1.);
#1540 = DIRECTION('',(0.,1.,0.));
#1541 = ORIENTED_EDGE('',*,*,#1542,.F.);
#1542 = EDGE_CURVE('',#1543,#1535,#1545,.T.);
#1543 = VERTEX_POINT('',#1544);
#1544 = CARTESIAN_POINT('',(-3.44,-1.27,-4.95));
#1545 = LINE('',#1546,#1547);
#1546 = CARTESIAN_POINT('',(-3.44,-1.27,-4.95));
#1547 = VECTOR('',#1548,1.);
#1548 = DIRECTION('',(1.,0.,0.));
#1549 = ORIENTED_EDGE('',*,*,#1550,.F.);
#1550 = EDGE_CURVE('',#1551,#1543,#1553,.T.);
#1551 = VERTEX_POINT('',#1552);
#1552 = CARTESIAN_POINT('',(-3.44,-1.68,-4.95));
#1553 = LINE('',#1554,#1555);
#1554 = CARTESIAN_POINT('',(-3.44,-1.68,-4.95));
#1555 = VECTOR('',#1556,1.);
#1556 = DIRECTION('',(0.,1.,0.));
#1557 = ORIENTED_EDGE('',*,*,#1558,.T.);
#1558 = EDGE_CURVE('',#1551,#1533,#1559,.T.);
#1559 = LINE('',#1560,#1561);
#1560 = CARTESIAN_POINT('',(-3.44,-1.68,-4.95));
#1561 = VECTOR('',#1562,1.);
#1562 = DIRECTION('',(1.,0.,0.));
#1563 = PLANE('',#1564);
#1564 = AXIS2_PLACEMENT_3D('',#1565,#1566,#1567);
#1565 = CARTESIAN_POINT('',(-4.825,-2.47,-4.95));
#1566 = DIRECTION('',(0.,0.,-1.));
#1567 = DIRECTION('',(0.,1.,0.));
#1568 = ADVANCED_FACE('',(#1569),#1603,.T.);
#1569 = FACE_BOUND('',#1570,.F.);
#1570 = EDGE_LOOP('',(#1571,#1581,#1589,#1597));
#1571 = ORIENTED_EDGE('',*,*,#1572,.F.);
#1572 = EDGE_CURVE('',#1573,#1575,#1577,.T.);
#1573 = VERTEX_POINT('',#1574);
#1574 = CARTESIAN_POINT('',(-1.18,-1.68,-4.95));
#1575 = VERTEX_POINT('',#1576);
#1576 = CARTESIAN_POINT('',(-1.18,-1.27,-4.95));
#1577 = LINE('',#1578,#1579);
#1578 = CARTESIAN_POINT('',(-1.18,-1.68,-4.95));
#1579 = VECTOR('',#1580,1.);
#1580 = DIRECTION('',(0.,1.,0.));
#1581 = ORIENTED_EDGE('',*,*,#1582,.T.);
#1582 = EDGE_CURVE('',#1573,#1583,#1585,.T.);
#1583 = VERTEX_POINT('',#1584);
#1584 = CARTESIAN_POINT('',(1.18,-1.68,-4.95));
#1585 = LINE('',#1586,#1587);
#1586 = CARTESIAN_POINT('',(-1.18,-1.68,-4.95));
#1587 = VECTOR('',#1588,1.);
#1588 = DIRECTION('',(1.,0.,0.));
#1589 = ORIENTED_EDGE('',*,*,#1590,.F.);
#1590 = EDGE_CURVE('',#1591,#1583,#1593,.T.);
#1591 = VERTEX_POINT('',#1592);
#1592 = CARTESIAN_POINT('',(1.18,-1.27,-4.95));
#1593 = LINE('',#1594,#1595);
#1594 = CARTESIAN_POINT('',(1.18,-1.27,-4.95));
#1595 = VECTOR('',#1596,1.);
#1596 = DIRECTION('',(0.,-1.,0.));
#1597 = ORIENTED_EDGE('',*,*,#1598,.F.);
#1598 = EDGE_CURVE('',#1575,#1591,#1599,.T.);
#1599 = LINE('',#1600,#1601);
#1600 = CARTESIAN_POINT('',(-1.18,-1.27,-4.95));
#1601 = VECTOR('',#1602,1.);
#1602 = DIRECTION('',(1.,0.,0.));
#1603 = PLANE('',#1604);
#1604 = AXIS2_PLACEMENT_3D('',#1605,#1606,#1607);
#1605 = CARTESIAN_POINT('',(-4.825,-2.47,-4.95));
#1606 = DIRECTION('',(0.,0.,-1.));
#1607 = DIRECTION('',(0.,1.,0.));
#1608 = ADVANCED_FACE('',(#1609),#1650,.T.);
#1609 = FACE_BOUND('',#1610,.F.);
#1610 = EDGE_LOOP('',(#1611,#1621,#1627,#1628,#1636,#1644));
#1611 = ORIENTED_EDGE('',*,*,#1612,.T.);
#1612 = EDGE_CURVE('',#1613,#1615,#1617,.T.);
#1613 = VERTEX_POINT('',#1614);
#1614 = CARTESIAN_POINT('',(-4.825,-1.57,-4.95));
#1615 = VERTEX_POINT('',#1616);
#1616 = CARTESIAN_POINT('',(-4.175,-1.57,-4.95));
#1617 = LINE('',#1618,#1619);
#1618 = CARTESIAN_POINT('',(-4.825,-1.57,-4.95));
#1619 = VECTOR('',#1620,1.);
#1620 = DIRECTION('',(1.,0.,0.));
#1621 = ORIENTED_EDGE('',*,*,#1622,.F.);
#1622 = EDGE_CURVE('',#1413,#1615,#1623,.T.);
#1623 = LINE('',#1624,#1625);
#1624 = CARTESIAN_POINT('',(-4.175,-2.47,-4.95));
#1625 = VECTOR('',#1626,1.);
#1626 = DIRECTION('',(0.,1.,0.));
#1627 = ORIENTED_EDGE('',*,*,#1412,.T.);
#1628 = ORIENTED_EDGE('',*,*,#1629,.T.);
#1629 = EDGE_CURVE('',#1405,#1630,#1632,.T.);
#1630 = VERTEX_POINT('',#1631);
#1631 = CARTESIAN_POINT('',(-3.89,-1.27,-4.95));
#1632 = LINE('',#1633,#1634);
#1633 = CARTESIAN_POINT('',(-3.89,-2.47,-4.95));
#1634 = VECTOR('',#1635,1.);
#1635 = DIRECTION('',(0.,1.,0.));
#1636 = ORIENTED_EDGE('',*,*,#1637,.F.);
#1637 = EDGE_CURVE('',#1638,#1630,#1640,.T.);
#1638 = VERTEX_POINT('',#1639);
#1639 = CARTESIAN_POINT('',(-4.825,-1.27,-4.95));
#1640 = LINE('',#1641,#1642);
#1641 = CARTESIAN_POINT('',(-4.825,-1.27,-4.95));
#1642 = VECTOR('',#1643,1.);
#1643 = DIRECTION('',(1.,0.,0.));
#1644 = ORIENTED_EDGE('',*,*,#1645,.F.);
#1645 = EDGE_CURVE('',#1613,#1638,#1646,.T.);
#1646 = LINE('',#1647,#1648);
#1647 = CARTESIAN_POINT('',(-4.825,-1.57,-4.95));
#1648 = VECTOR('',#1649,1.);
#1649 = DIRECTION('',(0.,1.,0.));
#1650 = PLANE('',#1651);
#1651 = AXIS2_PLACEMENT_3D('',#1652,#1653,#1654);
#1652 = CARTESIAN_POINT('',(-4.825,-2.47,-4.95));
#1653 = DIRECTION('',(0.,0.,-1.));
#1654 = DIRECTION('',(0.,1.,0.));
#1655 = ADVANCED_FACE('',(#1656),#1676,.T.);
#1656 = FACE_BOUND('',#1657,.F.);
#1657 = EDGE_LOOP('',(#1658,#1659,#1660,#1661,#1669,#1675));
#1658 = ORIENTED_EDGE('',*,*,#1448,.T.);
#1659 = ORIENTED_EDGE('',*,*,#1477,.F.);
#1660 = ORIENTED_EDGE('',*,*,#925,.T.);
#1661 = ORIENTED_EDGE('',*,*,#1662,.F.);
#1662 = EDGE_CURVE('',#1663,#918,#1665,.T.);
#1663 = VERTEX_POINT('',#1664);
#1664 = CARTESIAN_POINT('',(3.89,-1.27,-4.95));
#1665 = LINE('',#1666,#1667);
#1666 = CARTESIAN_POINT('',(3.89,-1.27,-4.95));
#1667 = VECTOR('',#1668,1.);
#1668 = DIRECTION('',(1.,0.,0.));
#1669 = ORIENTED_EDGE('',*,*,#1670,.F.);
#1670 = EDGE_CURVE('',#1348,#1663,#1671,.T.);
#1671 = LINE('',#1672,#1673);
#1672 = CARTESIAN_POINT('',(3.89,-2.47,-4.95));
#1673 = VECTOR('',#1674,1.);
#1674 = DIRECTION('',(0.,1.,0.));
#1675 = ORIENTED_EDGE('',*,*,#1347,.T.);
#1676 = PLANE('',#1677);
#1677 = AXIS2_PLACEMENT_3D('',#1678,#1679,#1680);
#1678 = CARTESIAN_POINT('',(-4.825,-2.47,-4.95));
#1679 = DIRECTION('',(0.,0.,-1.));
#1680 = DIRECTION('',(0.,1.,0.));
#1681 = ADVANCED_FACE('',(#1682),#1748,.F.);
#1682 = FACE_BOUND('',#1683,.F.);
#1683 = EDGE_LOOP('',(#1684,#1694,#1702,#1710,#1718,#1726,#1734,#1742));
#1684 = ORIENTED_EDGE('',*,*,#1685,.T.);
#1685 = EDGE_CURVE('',#1686,#1688,#1690,.T.);
#1686 = VERTEX_POINT('',#1687);
#1687 = CARTESIAN_POINT('',(1.82,1.93,-3.6));
#1688 = VERTEX_POINT('',#1689);
#1689 = CARTESIAN_POINT('',(1.82,1.05,-3.6));
#1690 = LINE('',#1691,#1692);
#1691 = CARTESIAN_POINT('',(1.82,1.93,-3.6));
#1692 = VECTOR('',#1693,1.);
#1693 = DIRECTION('',(0.,-1.,0.));
#1694 = ORIENTED_EDGE('',*,*,#1695,.T.);
#1695 = EDGE_CURVE('',#1688,#1696,#1698,.T.);
#1696 = VERTEX_POINT('',#1697);
#1697 = CARTESIAN_POINT('',(1.82,1.05,-4.25));
#1698 = LINE('',#1699,#1700);
#1699 = CARTESIAN_POINT('',(1.82,1.05,-3.6));
#1700 = VECTOR('',#1701,1.);
#1701 = DIRECTION('',(0.,0.,-1.));
#1702 = ORIENTED_EDGE('',*,*,#1703,.F.);
#1703 = EDGE_CURVE('',#1704,#1696,#1706,.T.);
#1704 = VERTEX_POINT('',#1705);
#1705 = CARTESIAN_POINT('',(1.82,0.875,-4.25));
#1706 = LINE('',#1707,#1708);
#1707 = CARTESIAN_POINT('',(1.82,0.875,-4.25));
#1708 = VECTOR('',#1709,1.);
#1709 = DIRECTION('',(1.015061051086E-14,1.,0.));
#1710 = ORIENTED_EDGE('',*,*,#1711,.T.);
#1711 = EDGE_CURVE('',#1704,#1712,#1714,.T.);
#1712 = VERTEX_POINT('',#1713);
#1713 = CARTESIAN_POINT('',(1.82,0.875,-4.28));
#1714 = LINE('',#1715,#1716);
#1715 = CARTESIAN_POINT('',(1.82,0.875,-4.25));
#1716 = VECTOR('',#1717,1.);
#1717 = DIRECTION('',(5.921189464668E-14,0.,-1.));
#1718 = ORIENTED_EDGE('',*,*,#1719,.T.);
#1719 = EDGE_CURVE('',#1712,#1720,#1722,.T.);
#1720 = VERTEX_POINT('',#1721);
#1721 = CARTESIAN_POINT('',(1.82,1.27,-4.28));
#1722 = LINE('',#1723,#1724);
#1723 = CARTESIAN_POINT('',(1.82,0.875,-4.28));
#1724 = VECTOR('',#1725,1.);
#1725 = DIRECTION('',(0.,1.,0.));
#1726 = ORIENTED_EDGE('',*,*,#1727,.T.);
#1727 = EDGE_CURVE('',#1720,#1728,#1730,.T.);
#1728 = VERTEX_POINT('',#1729);
#1729 = CARTESIAN_POINT('',(1.82,1.27,-4.95));
#1730 = LINE('',#1731,#1732);
#1731 = CARTESIAN_POINT('',(1.82,1.27,-4.28));
#1732 = VECTOR('',#1733,1.);
#1733 = DIRECTION('',(0.,0.,-1.));
#1734 = ORIENTED_EDGE('',*,*,#1735,.T.);
#1735 = EDGE_CURVE('',#1728,#1736,#1738,.T.);
#1736 = VERTEX_POINT('',#1737);
#1737 = CARTESIAN_POINT('',(1.82,1.93,-4.95));
#1738 = LINE('',#1739,#1740);
#1739 = CARTESIAN_POINT('',(1.82,1.27,-4.95));
#1740 = VECTOR('',#1741,1.);
#1741 = DIRECTION('',(0.,1.,0.));
#1742 = ORIENTED_EDGE('',*,*,#1743,.T.);
#1743 = EDGE_CURVE('',#1736,#1686,#1744,.T.);
#1744 = LINE('',#1745,#1746);
#1745 = CARTESIAN_POINT('',(1.82,1.93,-4.95));
#1746 = VECTOR('',#1747,1.);
#1747 = DIRECTION('',(0.,0.,1.));
#1748 = PLANE('',#1749);
#1749 = AXIS2_PLACEMENT_3D('',#1750,#1751,#1752);
#1750 = CARTESIAN_POINT('',(1.82,1.93,-3.6));
#1751 = DIRECTION('',(1.,0.,0.));
#1752 = DIRECTION('',(0.,0.,-1.));
#1753 = ADVANCED_FACE('',(#1754),#1811,.F.);
#1754 = FACE_BOUND('',#1755,.F.);
#1755 = EDGE_LOOP('',(#1756,#1766,#1774,#1782,#1788,#1789,#1797,#1805));
#1756 = ORIENTED_EDGE('',*,*,#1757,.F.);
#1757 = EDGE_CURVE('',#1758,#1760,#1762,.T.);
#1758 = VERTEX_POINT('',#1759);
#1759 = CARTESIAN_POINT('',(1.82,-1.65,-4.25));
#1760 = VERTEX_POINT('',#1761);
#1761 = CARTESIAN_POINT('',(1.82,-0.875,-4.25));
#1762 = LINE('',#1763,#1764);
#1763 = CARTESIAN_POINT('',(1.82,-1.65,-4.25));
#1764 = VECTOR('',#1765,1.);
#1765 = DIRECTION('',(0.,1.,0.));
#1766 = ORIENTED_EDGE('',*,*,#1767,.F.);
#1767 = EDGE_CURVE('',#1768,#1758,#1770,.T.);
#1768 = VERTEX_POINT('',#1769);
#1769 = CARTESIAN_POINT('',(1.82,-1.65,-3.6));
#1770 = LINE('',#1771,#1772);
#1771 = CARTESIAN_POINT('',(1.82,-1.65,-3.6));
#1772 = VECTOR('',#1773,1.);
#1773 = DIRECTION('',(0.,0.,-1.));
#1774 = ORIENTED_EDGE('',*,*,#1775,.T.);
#1775 = EDGE_CURVE('',#1768,#1776,#1778,.T.);
#1776 = VERTEX_POINT('',#1777);
#1777 = CARTESIAN_POINT('',(1.82,-1.68,-3.6));
#1778 = LINE('',#1779,#1780);
#1779 = CARTESIAN_POINT('',(1.82,-1.65,-3.6));
#1780 = VECTOR('',#1781,1.);
#1781 = DIRECTION('',(0.,-1.,0.));
#1782 = ORIENTED_EDGE('',*,*,#1783,.F.);
#1783 = EDGE_CURVE('',#1495,#1776,#1784,.T.);
#1784 = LINE('',#1785,#1786);
#1785 = CARTESIAN_POINT('',(1.82,-1.68,-4.95));
#1786 = VECTOR('',#1787,1.);
#1787 = DIRECTION('',(0.,0.,1.));
#1788 = ORIENTED_EDGE('',*,*,#1492,.F.);
#1789 = ORIENTED_EDGE('',*,*,#1790,.T.);
#1790 = EDGE_CURVE('',#1493,#1791,#1793,.T.);
#1791 = VERTEX_POINT('',#1792);
#1792 = CARTESIAN_POINT('',(1.82,-1.27,-4.28));
#1793 = LINE('',#1794,#1795);
#1794 = CARTESIAN_POINT('',(1.82,-1.27,-4.95));
#1795 = VECTOR('',#1796,1.);
#1796 = DIRECTION('',(0.,0.,1.));
#1797 = ORIENTED_EDGE('',*,*,#1798,.T.);
#1798 = EDGE_CURVE('',#1791,#1799,#1801,.T.);
#1799 = VERTEX_POINT('',#1800);
#1800 = CARTESIAN_POINT('',(1.82,-0.875,-4.28));
#1801 = LINE('',#1802,#1803);
#1802 = CARTESIAN_POINT('',(1.82,-1.27,-4.28));
#1803 = VECTOR('',#1804,1.);
#1804 = DIRECTION('',(0.,1.,0.));
#1805 = ORIENTED_EDGE('',*,*,#1806,.F.);
#1806 = EDGE_CURVE('',#1760,#1799,#1807,.T.);
#1807 = LINE('',#1808,#1809);
#1808 = CARTESIAN_POINT('',(1.82,-0.875,-4.25));
#1809 = VECTOR('',#1810,1.);
#1810 = DIRECTION('',(5.921189464668E-14,0.,-1.));
#1811 = PLANE('',#1812);
#1812 = AXIS2_PLACEMENT_3D('',#1813,#1814,#1815);
#1813 = CARTESIAN_POINT('',(1.82,1.93,-3.6));
#1814 = DIRECTION('',(1.,0.,0.));
#1815 = DIRECTION('',(0.,0.,-1.));
#1816 = ADVANCED_FACE('',(#1817),#1842,.F.);
#1817 = FACE_BOUND('',#1818,.F.);
#1818 = EDGE_LOOP('',(#1819,#1829,#1835,#1836));
#1819 = ORIENTED_EDGE('',*,*,#1820,.T.);
#1820 = EDGE_CURVE('',#1821,#1823,#1825,.T.);
#1821 = VERTEX_POINT('',#1822);
#1822 = CARTESIAN_POINT('',(1.18,1.93,-3.6));
#1823 = VERTEX_POINT('',#1824);
#1824 = CARTESIAN_POINT('',(1.18,1.05,-3.6));
#1825 = LINE('',#1826,#1827);
#1826 = CARTESIAN_POINT('',(1.18,1.93,-3.6));
#1827 = VECTOR('',#1828,1.);
#1828 = DIRECTION('',(0.,-1.,0.));
#1829 = ORIENTED_EDGE('',*,*,#1830,.T.);
#1830 = EDGE_CURVE('',#1823,#1688,#1831,.T.);
#1831 = LINE('',#1832,#1833);
#1832 = CARTESIAN_POINT('',(1.18,1.05,-3.6));
#1833 = VECTOR('',#1834,1.);
#1834 = DIRECTION('',(1.,0.,0.));
#1835 = ORIENTED_EDGE('',*,*,#1685,.F.);
#1836 = ORIENTED_EDGE('',*,*,#1837,.F.);
#1837 = EDGE_CURVE('',#1821,#1686,#1838,.T.);
#1838 = LINE('',#1839,#1840);
#1839 = CARTESIAN_POINT('',(1.18,1.93,-3.6));
#1840 = VECTOR('',#1841,1.);
#1841 = DIRECTION('',(1.,0.,0.));
#1842 = PLANE('',#1843);
#1843 = AXIS2_PLACEMENT_3D('',#1844,#1845,#1846);
#1844 = CARTESIAN_POINT('',(1.18,1.93,-3.6));
#1845 = DIRECTION('',(0.,0.,1.));
#1846 = DIRECTION('',(1.,0.,-0.));
#1847 = ADVANCED_FACE('',(#1848),#1873,.F.);
#1848 = FACE_BOUND('',#1849,.F.);
#1849 = EDGE_LOOP('',(#1850,#1860,#1866,#1867));
#1850 = ORIENTED_EDGE('',*,*,#1851,.T.);
#1851 = EDGE_CURVE('',#1852,#1854,#1856,.T.);
#1852 = VERTEX_POINT('',#1853);
#1853 = CARTESIAN_POINT('',(1.18,-1.65,-3.6));
#1854 = VERTEX_POINT('',#1855);
#1855 = CARTESIAN_POINT('',(1.18,-1.68,-3.6));
#1856 = LINE('',#1857,#1858);
#1857 = CARTESIAN_POINT('',(1.18,-1.65,-3.6));
#1858 = VECTOR('',#1859,1.);
#1859 = DIRECTION('',(0.,-1.,0.));
#1860 = ORIENTED_EDGE('',*,*,#1861,.T.);
#1861 = EDGE_CURVE('',#1854,#1776,#1862,.T.);
#1862 = LINE('',#1863,#1864);
#1863 = CARTESIAN_POINT('',(1.18,-1.68,-3.6));
#1864 = VECTOR('',#1865,1.);
#1865 = DIRECTION('',(1.,0.,0.));
#1866 = ORIENTED_EDGE('',*,*,#1775,.F.);
#1867 = ORIENTED_EDGE('',*,*,#1868,.F.);
#1868 = EDGE_CURVE('',#1852,#1768,#1869,.T.);
#1869 = LINE('',#1870,#1871);
#1870 = CARTESIAN_POINT('',(1.18,-1.65,-3.6));
#1871 = VECTOR('',#1872,1.);
#1872 = DIRECTION('',(1.,0.,0.));
#1873 = PLANE('',#1874);
#1874 = AXIS2_PLACEMENT_3D('',#1875,#1876,#1877);
#1875 = CARTESIAN_POINT('',(1.18,1.93,-3.6));
#1876 = DIRECTION('',(0.,0.,1.));
#1877 = DIRECTION('',(1.,0.,-0.));
#1878 = ADVANCED_FACE('',(#1879),#1936,.F.);
#1879 = FACE_BOUND('',#1880,.F.);
#1880 = EDGE_LOOP('',(#1881,#1882,#1890,#1898,#1906,#1914,#1922,#1930));
#1881 = ORIENTED_EDGE('',*,*,#1820,.F.);
#1882 = ORIENTED_EDGE('',*,*,#1883,.F.);
#1883 = EDGE_CURVE('',#1884,#1821,#1886,.T.);
#1884 = VERTEX_POINT('',#1885);
#1885 = CARTESIAN_POINT('',(1.18,1.93,-4.95));
#1886 = LINE('',#1887,#1888);
#1887 = CARTESIAN_POINT('',(1.18,1.93,-4.95));
#1888 = VECTOR('',#1889,1.);
#1889 = DIRECTION('',(0.,0.,1.));
#1890 = ORIENTED_EDGE('',*,*,#1891,.F.);
#1891 = EDGE_CURVE('',#1892,#1884,#1894,.T.);
#1892 = VERTEX_POINT('',#1893);
#1893 = CARTESIAN_POINT('',(1.18,1.27,-4.95));
#1894 = LINE('',#1895,#1896);
#1895 = CARTESIAN_POINT('',(1.18,1.27,-4.95));
#1896 = VECTOR('',#1897,1.);
#1897 = DIRECTION('',(0.,1.,0.));
#1898 = ORIENTED_EDGE('',*,*,#1899,.F.);
#1899 = EDGE_CURVE('',#1900,#1892,#1902,.T.);
#1900 = VERTEX_POINT('',#1901);
#1901 = CARTESIAN_POINT('',(1.18,1.27,-4.28));
#1902 = LINE('',#1903,#1904);
#1903 = CARTESIAN_POINT('',(1.18,1.27,-4.28));
#1904 = VECTOR('',#1905,1.);
#1905 = DIRECTION('',(0.,0.,-1.));
#1906 = ORIENTED_EDGE('',*,*,#1907,.F.);
#1907 = EDGE_CURVE('',#1908,#1900,#1910,.T.);
#1908 = VERTEX_POINT('',#1909);
#1909 = CARTESIAN_POINT('',(1.18,0.875,-4.28));
#1910 = LINE('',#1911,#1912);
#1911 = CARTESIAN_POINT('',(1.18,0.875,-4.28));
#1912 = VECTOR('',#1913,1.);
#1913 = DIRECTION('',(0.,1.,0.));
#1914 = ORIENTED_EDGE('',*,*,#1915,.F.);
#1915 = EDGE_CURVE('',#1916,#1908,#1918,.T.);
#1916 = VERTEX_POINT('',#1917);
#1917 = CARTESIAN_POINT('',(1.18,0.875,-4.25));
#1918 = LINE('',#1919,#1920);
#1919 = CARTESIAN_POINT('',(1.18,0.875,-4.25));
#1920 = VECTOR('',#1921,1.);
#1921 = DIRECTION('',(-4.440892098501E-14,0.,-1.));
#1922 = ORIENTED_EDGE('',*,*,#1923,.T.);
#1923 = EDGE_CURVE('',#1916,#1924,#1926,.T.);
#1924 = VERTEX_POINT('',#1925);
#1925 = CARTESIAN_POINT('',(1.18,1.05,-4.25));
#1926 = LINE('',#1927,#1928);
#1927 = CARTESIAN_POINT('',(1.18,0.875,-4.25));
#1928 = VECTOR('',#1929,1.);
#1929 = DIRECTION('',(0.,1.,0.));
#1930 = ORIENTED_EDGE('',*,*,#1931,.F.);
#1931 = EDGE_CURVE('',#1823,#1924,#1932,.T.);
#1932 = LINE('',#1933,#1934);
#1933 = CARTESIAN_POINT('',(1.18,1.05,-3.6));
#1934 = VECTOR('',#1935,1.);
#1935 = DIRECTION('',(0.,0.,-1.));
#1936 = PLANE('',#1937);
#1937 = AXIS2_PLACEMENT_3D('',#1938,#1939,#1940);
#1938 = CARTESIAN_POINT('',(1.18,1.93,-4.95));
#1939 = DIRECTION('',(-1.,0.,0.));
#1940 = DIRECTION('',(0.,0.,1.));
#1941 = ADVANCED_FACE('',(#1942),#1990,.F.);
#1942 = FACE_BOUND('',#1943,.F.);
#1943 = EDGE_LOOP('',(#1944,#1954,#1962,#1970,#1976,#1977,#1983,#1984));
#1944 = ORIENTED_EDGE('',*,*,#1945,.T.);
#1945 = EDGE_CURVE('',#1946,#1948,#1950,.T.);
#1946 = VERTEX_POINT('',#1947);
#1947 = CARTESIAN_POINT('',(1.18,-1.65,-4.25));
#1948 = VERTEX_POINT('',#1949);
#1949 = CARTESIAN_POINT('',(1.18,-0.875,-4.25));
#1950 = LINE('',#1951,#1952);
#1951 = CARTESIAN_POINT('',(1.18,-1.65,-4.25));
#1952 = VECTOR('',#1953,1.);
#1953 = DIRECTION('',(0.,1.,0.));
#1954 = ORIENTED_EDGE('',*,*,#1955,.T.);
#1955 = EDGE_CURVE('',#1948,#1956,#1958,.T.);
#1956 = VERTEX_POINT('',#1957);
#1957 = CARTESIAN_POINT('',(1.18,-0.875,-4.28));
#1958 = LINE('',#1959,#1960);
#1959 = CARTESIAN_POINT('',(1.18,-0.875,-4.25));
#1960 = VECTOR('',#1961,1.);
#1961 = DIRECTION('',(-5.181040781584E-14,0.,-1.));
#1962 = ORIENTED_EDGE('',*,*,#1963,.F.);
#1963 = EDGE_CURVE('',#1964,#1956,#1966,.T.);
#1964 = VERTEX_POINT('',#1965);
#1965 = CARTESIAN_POINT('',(1.18,-1.27,-4.28));
#1966 = LINE('',#1967,#1968);
#1967 = CARTESIAN_POINT('',(1.18,-1.27,-4.28));
#1968 = VECTOR('',#1969,1.);
#1969 = DIRECTION('',(0.,1.,0.));
#1970 = ORIENTED_EDGE('',*,*,#1971,.F.);
#1971 = EDGE_CURVE('',#1591,#1964,#1972,.T.);
#1972 = LINE('',#1973,#1974);
#1973 = CARTESIAN_POINT('',(1.18,-1.27,-4.95));
#1974 = VECTOR('',#1975,1.);
#1975 = DIRECTION('',(0.,0.,1.));
#1976 = ORIENTED_EDGE('',*,*,#1590,.T.);
#1977 = ORIENTED_EDGE('',*,*,#1978,.T.);
#1978 = EDGE_CURVE('',#1583,#1854,#1979,.T.);
#1979 = LINE('',#1980,#1981);
#1980 = CARTESIAN_POINT('',(1.18,-1.68,-4.95));
#1981 = VECTOR('',#1982,1.);
#1982 = DIRECTION('',(0.,0.,1.));
#1983 = ORIENTED_EDGE('',*,*,#1851,.F.);
#1984 = ORIENTED_EDGE('',*,*,#1985,.T.);
#1985 = EDGE_CURVE('',#1852,#1946,#1986,.T.);
#1986 = LINE('',#1987,#1988);
#1987 = CARTESIAN_POINT('',(1.18,-1.65,-3.6));
#1988 = VECTOR('',#1989,1.);
#1989 = DIRECTION('',(0.,0.,-1.));
#1990 = PLANE('',#1991);
#1991 = AXIS2_PLACEMENT_3D('',#1992,#1993,#1994);
#1992 = CARTESIAN_POINT('',(1.18,1.93,-4.95));
#1993 = DIRECTION('',(-1.,0.,0.));
#1994 = DIRECTION('',(0.,0.,1.));
#1995 = ADVANCED_FACE('',(#1996),#2133,.T.);
#1996 = FACE_BOUND('',#1997,.F.);
#1997 = EDGE_LOOP('',(#1998,#2008,#2016,#2024,#2030,#2031,#2032,#2033,
    #2041,#2049,#2057,#2065,#2071,#2072,#2078,#2079,#2087,#2095,#2103,
    #2111,#2119,#2127));
#1998 = ORIENTED_EDGE('',*,*,#1999,.T.);
#1999 = EDGE_CURVE('',#2000,#2002,#2004,.T.);
#2000 = VERTEX_POINT('',#2001);
#2001 = CARTESIAN_POINT('',(-1.82,1.93,-4.95));
#2002 = VERTEX_POINT('',#2003);
#2003 = CARTESIAN_POINT('',(-1.82,1.93,-3.6));
#2004 = LINE('',#2005,#2006);
#2005 = CARTESIAN_POINT('',(-1.82,1.93,-4.95));
#2006 = VECTOR('',#2007,1.);
#2007 = DIRECTION('',(0.,0.,1.));
#2008 = ORIENTED_EDGE('',*,*,#2009,.T.);
#2009 = EDGE_CURVE('',#2002,#2010,#2012,.T.);
#2010 = VERTEX_POINT('',#2011);
#2011 = CARTESIAN_POINT('',(-1.18,1.93,-3.6));
#2012 = LINE('',#2013,#2014);
#2013 = CARTESIAN_POINT('',(-1.82,1.93,-3.6));
#2014 = VECTOR('',#2015,1.);
#2015 = DIRECTION('',(1.,0.,0.));
#2016 = ORIENTED_EDGE('',*,*,#2017,.F.);
#2017 = EDGE_CURVE('',#2018,#2010,#2020,.T.);
#2018 = VERTEX_POINT('',#2019);
#2019 = CARTESIAN_POINT('',(-1.18,1.93,-4.95));
#2020 = LINE('',#2021,#2022);
#2021 = CARTESIAN_POINT('',(-1.18,1.93,-4.95));
#2022 = VECTOR('',#2023,1.);
#2023 = DIRECTION('',(0.,0.,1.));
#2024 = ORIENTED_EDGE('',*,*,#2025,.T.);
#2025 = EDGE_CURVE('',#2018,#1884,#2026,.T.);
#2026 = LINE('',#2027,#2028);
#2027 = CARTESIAN_POINT('',(-1.18,1.93,-4.95));
#2028 = VECTOR('',#2029,1.);
#2029 = DIRECTION('',(1.,0.,0.));
#2030 = ORIENTED_EDGE('',*,*,#1883,.T.);
#2031 = ORIENTED_EDGE('',*,*,#1837,.T.);
#2032 = ORIENTED_EDGE('',*,*,#1743,.F.);
#2033 = ORIENTED_EDGE('',*,*,#2034,.T.);
#2034 = EDGE_CURVE('',#1736,#2035,#2037,.T.);
#2035 = VERTEX_POINT('',#2036);
#2036 = CARTESIAN_POINT('',(3.44,1.93,-4.95));
#2037 = LINE('',#2038,#2039);
#2038 = CARTESIAN_POINT('',(1.82,1.93,-4.95));
#2039 = VECTOR('',#2040,1.);
#2040 = DIRECTION('',(1.,0.,0.));
#2041 = ORIENTED_EDGE('',*,*,#2042,.T.);
#2042 = EDGE_CURVE('',#2035,#2043,#2045,.T.);
#2043 = VERTEX_POINT('',#2044);
#2044 = CARTESIAN_POINT('',(3.44,1.93,-3.25));
#2045 = LINE('',#2046,#2047);
#2046 = CARTESIAN_POINT('',(3.44,1.93,-4.95));
#2047 = VECTOR('',#2048,1.);
#2048 = DIRECTION('',(0.,0.,1.));
#2049 = ORIENTED_EDGE('',*,*,#2050,.T.);
#2050 = EDGE_CURVE('',#2043,#2051,#2053,.T.);
#2051 = VERTEX_POINT('',#2052);
#2052 = CARTESIAN_POINT('',(3.89,1.93,-3.25));
#2053 = LINE('',#2054,#2055);
#2054 = CARTESIAN_POINT('',(3.44,1.93,-3.25));
#2055 = VECTOR('',#2056,1.);
#2056 = DIRECTION('',(1.,0.,0.));
#2057 = ORIENTED_EDGE('',*,*,#2058,.F.);
#2058 = EDGE_CURVE('',#2059,#2051,#2061,.T.);
#2059 = VERTEX_POINT('',#2060);
#2060 = CARTESIAN_POINT('',(3.89,1.93,-4.95));
#2061 = LINE('',#2062,#2063);
#2062 = CARTESIAN_POINT('',(3.89,1.93,-4.95));
#2063 = VECTOR('',#2064,1.);
#2064 = DIRECTION('',(0.,0.,1.));
#2065 = ORIENTED_EDGE('',*,*,#2066,.T.);
#2066 = EDGE_CURVE('',#2059,#854,#2067,.T.);
#2067 = LINE('',#2068,#2069);
#2068 = CARTESIAN_POINT('',(3.89,1.93,-4.95));
#2069 = VECTOR('',#2070,1.);
#2070 = DIRECTION('',(1.,0.,0.));
#2071 = ORIENTED_EDGE('',*,*,#853,.T.);
#2072 = ORIENTED_EDGE('',*,*,#2073,.F.);
#2073 = EDGE_CURVE('',#608,#846,#2074,.T.);
#2074 = LINE('',#2075,#2076);
#2075 = CARTESIAN_POINT('',(3.425,1.93,4.95));
#2076 = VECTOR('',#2077,1.);
#2077 = DIRECTION('',(0.707106781187,0.,-0.707106781187));
#2078 = ORIENTED_EDGE('',*,*,#607,.F.);
#2079 = ORIENTED_EDGE('',*,*,#2080,.F.);
#2080 = EDGE_CURVE('',#2081,#600,#2083,.T.);
#2081 = VERTEX_POINT('',#2082);
#2082 = CARTESIAN_POINT('',(-4.825,1.93,3.55));
#2083 = LINE('',#2084,#2085);
#2084 = CARTESIAN_POINT('',(-4.825,1.93,3.55));
#2085 = VECTOR('',#2086,1.);
#2086 = DIRECTION('',(0.707106781187,0.,0.707106781187));
#2087 = ORIENTED_EDGE('',*,*,#2088,.F.);
#2088 = EDGE_CURVE('',#2089,#2081,#2091,.T.);
#2089 = VERTEX_POINT('',#2090);
#2090 = CARTESIAN_POINT('',(-4.825,1.93,-4.95));
#2091 = LINE('',#2092,#2093);
#2092 = CARTESIAN_POINT('',(-4.825,1.93,-4.95));
#2093 = VECTOR('',#2094,1.);
#2094 = DIRECTION('',(0.,0.,1.));
#2095 = ORIENTED_EDGE('',*,*,#2096,.T.);
#2096 = EDGE_CURVE('',#2089,#2097,#2099,.T.);
#2097 = VERTEX_POINT('',#2098);
#2098 = CARTESIAN_POINT('',(-3.89,1.93,-4.95));
#2099 = LINE('',#2100,#2101);
#2100 = CARTESIAN_POINT('',(-4.825,1.93,-4.95));
#2101 = VECTOR('',#2102,1.);
#2102 = DIRECTION('',(1.,0.,0.));
#2103 = ORIENTED_EDGE('',*,*,#2104,.T.);
#2104 = EDGE_CURVE('',#2097,#2105,#2107,.T.);
#2105 = VERTEX_POINT('',#2106);
#2106 = CARTESIAN_POINT('',(-3.89,1.93,-3.25));
#2107 = LINE('',#2108,#2109);
#2108 = CARTESIAN_POINT('',(-3.89,1.93,-4.95));
#2109 = VECTOR('',#2110,1.);
#2110 = DIRECTION('',(0.,0.,1.));
#2111 = ORIENTED_EDGE('',*,*,#2112,.T.);
#2112 = EDGE_CURVE('',#2105,#2113,#2115,.T.);
#2113 = VERTEX_POINT('',#2114);
#2114 = CARTESIAN_POINT('',(-3.44,1.93,-3.25));
#2115 = LINE('',#2116,#2117);
#2116 = CARTESIAN_POINT('',(-3.89,1.93,-3.25));
#2117 = VECTOR('',#2118,1.);
#2118 = DIRECTION('',(1.,0.,0.));
#2119 = ORIENTED_EDGE('',*,*,#2120,.F.);
#2120 = EDGE_CURVE('',#2121,#2113,#2123,.T.);
#2121 = VERTEX_POINT('',#2122);
#2122 = CARTESIAN_POINT('',(-3.44,1.93,-4.95));
#2123 = LINE('',#2124,#2125);
#2124 = CARTESIAN_POINT('',(-3.44,1.93,-4.95));
#2125 = VECTOR('',#2126,1.);
#2126 = DIRECTION('',(0.,0.,1.));
#2127 = ORIENTED_EDGE('',*,*,#2128,.T.);
#2128 = EDGE_CURVE('',#2121,#2000,#2129,.T.);
#2129 = LINE('',#2130,#2131);
#2130 = CARTESIAN_POINT('',(-3.44,1.93,-4.95));
#2131 = VECTOR('',#2132,1.);
#2132 = DIRECTION('',(1.,0.,0.));
#2133 = PLANE('',#2134);
#2134 = AXIS2_PLACEMENT_3D('',#2135,#2136,#2137);
#2135 = CARTESIAN_POINT('',(-4.825,1.93,-4.95));
#2136 = DIRECTION('',(0.,1.,0.));
#2137 = DIRECTION('',(0.,-0.,1.));
#2138 = ADVANCED_FACE('',(#2139),#2194,.F.);
#2139 = FACE_BOUND('',#2140,.F.);
#2140 = EDGE_LOOP('',(#2141,#2151,#2157,#2165,#2173,#2179,#2180,#2188));
#2141 = ORIENTED_EDGE('',*,*,#2142,.T.);
#2142 = EDGE_CURVE('',#2143,#2145,#2147,.T.);
#2143 = VERTEX_POINT('',#2144);
#2144 = CARTESIAN_POINT('',(-1.82,-1.65,-3.6));
#2145 = VERTEX_POINT('',#2146);
#2146 = CARTESIAN_POINT('',(-1.82,-1.65,-4.25));
#2147 = LINE('',#2148,#2149);
#2148 = CARTESIAN_POINT('',(-1.82,-1.65,-3.6));
#2149 = VECTOR('',#2150,1.);
#2150 = DIRECTION('',(0.,0.,-1.));
#2151 = ORIENTED_EDGE('',*,*,#2152,.T.);
#2152 = EDGE_CURVE('',#2145,#271,#2153,.T.);
#2153 = LINE('',#2154,#2155);
#2154 = CARTESIAN_POINT('',(-1.82,-1.65,-4.25));
#2155 = VECTOR('',#2156,1.);
#2156 = DIRECTION('',(0.,1.,0.));
#2157 = ORIENTED_EDGE('',*,*,#2158,.T.);
#2158 = EDGE_CURVE('',#271,#2159,#2161,.T.);
#2159 = VERTEX_POINT('',#2160);
#2160 = CARTESIAN_POINT('',(-1.82,-0.875,-4.28));
#2161 = LINE('',#2162,#2163);
#2162 = CARTESIAN_POINT('',(-1.82,-0.875,-4.25));
#2163 = VECTOR('',#2164,1.);
#2164 = DIRECTION('',(-5.921189464668E-14,0.,-1.));
#2165 = ORIENTED_EDGE('',*,*,#2166,.F.);
#2166 = EDGE_CURVE('',#2167,#2159,#2169,.T.);
#2167 = VERTEX_POINT('',#2168);
#2168 = CARTESIAN_POINT('',(-1.82,-1.27,-4.28));
#2169 = LINE('',#2170,#2171);
#2170 = CARTESIAN_POINT('',(-1.82,-1.27,-4.28));
#2171 = VECTOR('',#2172,1.);
#2172 = DIRECTION('',(0.,1.,0.));
#2173 = ORIENTED_EDGE('',*,*,#2174,.F.);
#2174 = EDGE_CURVE('',#1535,#2167,#2175,.T.);
#2175 = LINE('',#2176,#2177);
#2176 = CARTESIAN_POINT('',(-1.82,-1.27,-4.95));
#2177 = VECTOR('',#2178,1.);
#2178 = DIRECTION('',(0.,0.,1.));
#2179 = ORIENTED_EDGE('',*,*,#1532,.F.);
#2180 = ORIENTED_EDGE('',*,*,#2181,.T.);
#2181 = EDGE_CURVE('',#1533,#2182,#2184,.T.);
#2182 = VERTEX_POINT('',#2183);
#2183 = CARTESIAN_POINT('',(-1.82,-1.68,-3.6));
#2184 = LINE('',#2185,#2186);
#2185 = CARTESIAN_POINT('',(-1.82,-1.68,-4.95));
#2186 = VECTOR('',#2187,1.);
#2187 = DIRECTION('',(0.,0.,1.));
#2188 = ORIENTED_EDGE('',*,*,#2189,.F.);
#2189 = EDGE_CURVE('',#2143,#2182,#2190,.T.);
#2190 = LINE('',#2191,#2192);
#2191 = CARTESIAN_POINT('',(-1.82,-1.65,-3.6));
#2192 = VECTOR('',#2193,1.);
#2193 = DIRECTION('',(0.,-1.,0.));
#2194 = PLANE('',#2195);
#2195 = AXIS2_PLACEMENT_3D('',#2196,#2197,#2198);
#2196 = CARTESIAN_POINT('',(-1.82,1.93,-4.95));
#2197 = DIRECTION('',(-1.,0.,0.));
#2198 = DIRECTION('',(0.,0.,1.));
#2199 = ADVANCED_FACE('',(#2200),#2255,.F.);
#2200 = FACE_BOUND('',#2201,.F.);
#2201 = EDGE_LOOP('',(#2202,#2210,#2218,#2224,#2225,#2233,#2241,#2249));
#2202 = ORIENTED_EDGE('',*,*,#2203,.T.);
#2203 = EDGE_CURVE('',#247,#2204,#2206,.T.);
#2204 = VERTEX_POINT('',#2205);
#2205 = CARTESIAN_POINT('',(-1.82,1.05,-4.25));
#2206 = LINE('',#2207,#2208);
#2207 = CARTESIAN_POINT('',(-1.82,0.875,-4.25));
#2208 = VECTOR('',#2209,1.);
#2209 = DIRECTION('',(-1.141943682472E-14,1.,0.));
#2210 = ORIENTED_EDGE('',*,*,#2211,.F.);
#2211 = EDGE_CURVE('',#2212,#2204,#2214,.T.);
#2212 = VERTEX_POINT('',#2213);
#2213 = CARTESIAN_POINT('',(-1.82,1.05,-3.6));
#2214 = LINE('',#2215,#2216);
#2215 = CARTESIAN_POINT('',(-1.82,1.05,-3.6));
#2216 = VECTOR('',#2217,1.);
#2217 = DIRECTION('',(0.,0.,-1.));
#2218 = ORIENTED_EDGE('',*,*,#2219,.F.);
#2219 = EDGE_CURVE('',#2002,#2212,#2220,.T.);
#2220 = LINE('',#2221,#2222);
#2221 = CARTESIAN_POINT('',(-1.82,1.93,-3.6));
#2222 = VECTOR('',#2223,1.);
#2223 = DIRECTION('',(0.,-1.,0.));
#2224 = ORIENTED_EDGE('',*,*,#1999,.F.);
#2225 = ORIENTED_EDGE('',*,*,#2226,.F.);
#2226 = EDGE_CURVE('',#2227,#2000,#2229,.T.);
#2227 = VERTEX_POINT('',#2228);
#2228 = CARTESIAN_POINT('',(-1.82,1.27,-4.95));
#2229 = LINE('',#2230,#2231);
#2230 = CARTESIAN_POINT('',(-1.82,1.27,-4.95));
#2231 = VECTOR('',#2232,1.);
#2232 = DIRECTION('',(0.,1.,0.));
#2233 = ORIENTED_EDGE('',*,*,#2234,.F.);
#2234 = EDGE_CURVE('',#2235,#2227,#2237,.T.);
#2235 = VERTEX_POINT('',#2236);
#2236 = CARTESIAN_POINT('',(-1.82,1.27,-4.28));
#2237 = LINE('',#2238,#2239);
#2238 = CARTESIAN_POINT('',(-1.82,1.27,-4.28));
#2239 = VECTOR('',#2240,1.);
#2240 = DIRECTION('',(0.,0.,-1.));
#2241 = ORIENTED_EDGE('',*,*,#2242,.F.);
#2242 = EDGE_CURVE('',#2243,#2235,#2245,.T.);
#2243 = VERTEX_POINT('',#2244);
#2244 = CARTESIAN_POINT('',(-1.82,0.875,-4.28));
#2245 = LINE('',#2246,#2247);
#2246 = CARTESIAN_POINT('',(-1.82,0.875,-4.28));
#2247 = VECTOR('',#2248,1.);
#2248 = DIRECTION('',(0.,1.,0.));
#2249 = ORIENTED_EDGE('',*,*,#2250,.F.);
#2250 = EDGE_CURVE('',#247,#2243,#2251,.T.);
#2251 = LINE('',#2252,#2253);
#2252 = CARTESIAN_POINT('',(-1.82,0.875,-4.25));
#2253 = VECTOR('',#2254,1.);
#2254 = DIRECTION('',(-5.921189464668E-14,0.,-1.));
#2255 = PLANE('',#2256);
#2256 = AXIS2_PLACEMENT_3D('',#2257,#2258,#2259);
#2257 = CARTESIAN_POINT('',(-1.82,1.93,-4.95));
#2258 = DIRECTION('',(-1.,0.,0.));
#2259 = DIRECTION('',(0.,0.,1.));
#2260 = ADVANCED_FACE('',(#2261),#2286,.T.);
#2261 = FACE_BOUND('',#2262,.F.);
#2262 = EDGE_LOOP('',(#2263,#2264,#2272,#2280));
#2263 = ORIENTED_EDGE('',*,*,#2142,.F.);
#2264 = ORIENTED_EDGE('',*,*,#2265,.T.);
#2265 = EDGE_CURVE('',#2143,#2266,#2268,.T.);
#2266 = VERTEX_POINT('',#2267);
#2267 = CARTESIAN_POINT('',(-1.18,-1.65,-3.6));
#2268 = LINE('',#2269,#2270);
#2269 = CARTESIAN_POINT('',(-1.82,-1.65,-3.6));
#2270 = VECTOR('',#2271,1.);
#2271 = DIRECTION('',(1.,0.,0.));
#2272 = ORIENTED_EDGE('',*,*,#2273,.T.);
#2273 = EDGE_CURVE('',#2266,#2274,#2276,.T.);
#2274 = VERTEX_POINT('',#2275);
#2275 = CARTESIAN_POINT('',(-1.18,-1.65,-4.25));
#2276 = LINE('',#2277,#2278);
#2277 = CARTESIAN_POINT('',(-1.18,-1.65,-3.6));
#2278 = VECTOR('',#2279,1.);
#2279 = DIRECTION('',(0.,0.,-1.));
#2280 = ORIENTED_EDGE('',*,*,#2281,.T.);
#2281 = EDGE_CURVE('',#2274,#2145,#2282,.T.);
#2282 = LINE('',#2283,#2284);
#2283 = CARTESIAN_POINT('',(-1.18,-1.65,-4.25));
#2284 = VECTOR('',#2285,1.);
#2285 = DIRECTION('',(-1.,0.,0.));
#2286 = PLANE('',#2287);
#2287 = AXIS2_PLACEMENT_3D('',#2288,#2289,#2290);
#2288 = CARTESIAN_POINT('',(-1.18,-1.65,-3.6));
#2289 = DIRECTION('',(0.,-1.,0.));
#2290 = DIRECTION('',(0.,0.,-1.));
#2291 = ADVANCED_FACE('',(#2292),#2310,.F.);
#2292 = FACE_BOUND('',#2293,.F.);
#2293 = EDGE_LOOP('',(#2294,#2295,#2296,#2304));
#2294 = ORIENTED_EDGE('',*,*,#2265,.F.);
#2295 = ORIENTED_EDGE('',*,*,#2189,.T.);
#2296 = ORIENTED_EDGE('',*,*,#2297,.T.);
#2297 = EDGE_CURVE('',#2182,#2298,#2300,.T.);
#2298 = VERTEX_POINT('',#2299);
#2299 = CARTESIAN_POINT('',(-1.18,-1.68,-3.6));
#2300 = LINE('',#2301,#2302);
#2301 = CARTESIAN_POINT('',(-1.82,-1.68,-3.6));
#2302 = VECTOR('',#2303,1.);
#2303 = DIRECTION('',(1.,0.,0.));
#2304 = ORIENTED_EDGE('',*,*,#2305,.F.);
#2305 = EDGE_CURVE('',#2266,#2298,#2306,.T.);
#2306 = LINE('',#2307,#2308);
#2307 = CARTESIAN_POINT('',(-1.18,-1.65,-3.6));
#2308 = VECTOR('',#2309,1.);
#2309 = DIRECTION('',(0.,-1.,0.));
#2310 = PLANE('',#2311);
#2311 = AXIS2_PLACEMENT_3D('',#2312,#2313,#2314);
#2312 = CARTESIAN_POINT('',(-1.82,1.93,-3.6));
#2313 = DIRECTION('',(0.,0.,1.));
#2314 = DIRECTION('',(1.,0.,-0.));
#2315 = ADVANCED_FACE('',(#2316),#2334,.F.);
#2316 = FACE_BOUND('',#2317,.F.);
#2317 = EDGE_LOOP('',(#2318,#2326,#2332,#2333));
#2318 = ORIENTED_EDGE('',*,*,#2319,.T.);
#2319 = EDGE_CURVE('',#2212,#2320,#2322,.T.);
#2320 = VERTEX_POINT('',#2321);
#2321 = CARTESIAN_POINT('',(-1.18,1.05,-3.6));
#2322 = LINE('',#2323,#2324);
#2323 = CARTESIAN_POINT('',(-1.82,1.05,-3.6));
#2324 = VECTOR('',#2325,1.);
#2325 = DIRECTION('',(1.,0.,0.));
#2326 = ORIENTED_EDGE('',*,*,#2327,.F.);
#2327 = EDGE_CURVE('',#2010,#2320,#2328,.T.);
#2328 = LINE('',#2329,#2330);
#2329 = CARTESIAN_POINT('',(-1.18,1.93,-3.6));
#2330 = VECTOR('',#2331,1.);
#2331 = DIRECTION('',(0.,-1.,0.));
#2332 = ORIENTED_EDGE('',*,*,#2009,.F.);
#2333 = ORIENTED_EDGE('',*,*,#2219,.T.);
#2334 = PLANE('',#2335);
#2335 = AXIS2_PLACEMENT_3D('',#2336,#2337,#2338);
#2336 = CARTESIAN_POINT('',(-1.82,1.93,-3.6));
#2337 = DIRECTION('',(0.,0.,1.));
#2338 = DIRECTION('',(1.,0.,-0.));
#2339 = ADVANCED_FACE('',(#2340),#2410,.T.);
#2340 = FACE_BOUND('',#2341,.F.);
#2341 = EDGE_LOOP('',(#2342,#2343,#2344,#2352,#2360,#2368,#2376,#2384,
    #2392,#2398,#2399,#2400,#2401,#2402,#2403,#2409));
#2342 = ORIENTED_EDGE('',*,*,#2181,.F.);
#2343 = ORIENTED_EDGE('',*,*,#1558,.F.);
#2344 = ORIENTED_EDGE('',*,*,#2345,.F.);
#2345 = EDGE_CURVE('',#2346,#1551,#2348,.T.);
#2346 = VERTEX_POINT('',#2347);
#2347 = CARTESIAN_POINT('',(-3.44,-1.68,-3.25));
#2348 = LINE('',#2349,#2350);
#2349 = CARTESIAN_POINT('',(-3.44,-1.68,-3.25));
#2350 = VECTOR('',#2351,1.);
#2351 = DIRECTION('',(0.,0.,-1.));
#2352 = ORIENTED_EDGE('',*,*,#2353,.F.);
#2353 = EDGE_CURVE('',#2354,#2346,#2356,.T.);
#2354 = VERTEX_POINT('',#2355);
#2355 = CARTESIAN_POINT('',(-3.89,-1.68,-3.25));
#2356 = LINE('',#2357,#2358);
#2357 = CARTESIAN_POINT('',(-3.89,-1.68,-3.25));
#2358 = VECTOR('',#2359,1.);
#2359 = DIRECTION('',(1.,0.,0.));
#2360 = ORIENTED_EDGE('',*,*,#2361,.F.);
#2361 = EDGE_CURVE('',#2362,#2354,#2364,.T.);
#2362 = VERTEX_POINT('',#2363);
#2363 = CARTESIAN_POINT('',(-3.89,-1.68,-3.1));
#2364 = LINE('',#2365,#2366);
#2365 = CARTESIAN_POINT('',(-3.89,-1.68,-3.1));
#2366 = VECTOR('',#2367,1.);
#2367 = DIRECTION('',(0.,0.,-1.));
#2368 = ORIENTED_EDGE('',*,*,#2369,.F.);
#2369 = EDGE_CURVE('',#2370,#2362,#2372,.T.);
#2370 = VERTEX_POINT('',#2371);
#2371 = CARTESIAN_POINT('',(3.89,-1.68,-3.1));
#2372 = LINE('',#2373,#2374);
#2373 = CARTESIAN_POINT('',(3.89,-1.68,-3.1));
#2374 = VECTOR('',#2375,1.);
#2375 = DIRECTION('',(-1.,0.,0.));
#2376 = ORIENTED_EDGE('',*,*,#2377,.F.);
#2377 = EDGE_CURVE('',#2378,#2370,#2380,.T.);
#2378 = VERTEX_POINT('',#2379);
#2379 = CARTESIAN_POINT('',(3.89,-1.68,-3.25));
#2380 = LINE('',#2381,#2382);
#2381 = CARTESIAN_POINT('',(3.89,-1.68,-3.25));
#2382 = VECTOR('',#2383,1.);
#2383 = DIRECTION('',(0.,0.,1.));
#2384 = ORIENTED_EDGE('',*,*,#2385,.F.);
#2385 = EDGE_CURVE('',#2386,#2378,#2388,.T.);
#2386 = VERTEX_POINT('',#2387);
#2387 = CARTESIAN_POINT('',(3.44,-1.68,-3.25));
#2388 = LINE('',#2389,#2390);
#2389 = CARTESIAN_POINT('',(3.44,-1.68,-3.25));
#2390 = VECTOR('',#2391,1.);
#2391 = DIRECTION('',(1.,0.,0.));
#2392 = ORIENTED_EDGE('',*,*,#2393,.F.);
#2393 = EDGE_CURVE('',#1503,#2386,#2394,.T.);
#2394 = LINE('',#2395,#2396);
#2395 = CARTESIAN_POINT('',(3.44,-1.68,-4.95));
#2396 = VECTOR('',#2397,1.);
#2397 = DIRECTION('',(0.,0.,1.));
#2398 = ORIENTED_EDGE('',*,*,#1502,.F.);
#2399 = ORIENTED_EDGE('',*,*,#1783,.T.);
#2400 = ORIENTED_EDGE('',*,*,#1861,.F.);
#2401 = ORIENTED_EDGE('',*,*,#1978,.F.);
#2402 = ORIENTED_EDGE('',*,*,#1582,.F.);
#2403 = ORIENTED_EDGE('',*,*,#2404,.T.);
#2404 = EDGE_CURVE('',#1573,#2298,#2405,.T.);
#2405 = LINE('',#2406,#2407);
#2406 = CARTESIAN_POINT('',(-1.18,-1.68,-4.95));
#2407 = VECTOR('',#2408,1.);
#2408 = DIRECTION('',(0.,0.,1.));
#2409 = ORIENTED_EDGE('',*,*,#2297,.F.);
#2410 = PLANE('',#2411);
#2411 = AXIS2_PLACEMENT_3D('',#2412,#2413,#2414);
#2412 = CARTESIAN_POINT('',(0.,-1.68,0.));
#2413 = DIRECTION('',(0.,-1.,0.));
#2414 = DIRECTION('',(0.,0.,-1.));
#2415 = ADVANCED_FACE('',(#2416),#2489,.F.);
#2416 = FACE_BOUND('',#2417,.F.);
#2417 = EDGE_LOOP('',(#2418,#2424,#2425,#2426,#2434,#2442,#2450,#2458,
    #2466,#2474,#2482,#2488));
#2418 = ORIENTED_EDGE('',*,*,#2419,.T.);
#2419 = EDGE_CURVE('',#2113,#2346,#2420,.T.);
#2420 = LINE('',#2421,#2422);
#2421 = CARTESIAN_POINT('',(-3.44,1.93,-3.25));
#2422 = VECTOR('',#2423,1.);
#2423 = DIRECTION('',(0.,-1.,0.));
#2424 = ORIENTED_EDGE('',*,*,#2345,.T.);
#2425 = ORIENTED_EDGE('',*,*,#1550,.T.);
#2426 = ORIENTED_EDGE('',*,*,#2427,.T.);
#2427 = EDGE_CURVE('',#1543,#2428,#2430,.T.);
#2428 = VERTEX_POINT('',#2429);
#2429 = CARTESIAN_POINT('',(-3.44,-1.27,-4.28));
#2430 = LINE('',#2431,#2432);
#2431 = CARTESIAN_POINT('',(-3.44,-1.27,-4.95));
#2432 = VECTOR('',#2433,1.);
#2433 = DIRECTION('',(0.,0.,1.));
#2434 = ORIENTED_EDGE('',*,*,#2435,.T.);
#2435 = EDGE_CURVE('',#2428,#2436,#2438,.T.);
#2436 = VERTEX_POINT('',#2437);
#2437 = CARTESIAN_POINT('',(-3.44,-0.875,-4.28));
#2438 = LINE('',#2439,#2440);
#2439 = CARTESIAN_POINT('',(-3.44,-1.27,-4.28));
#2440 = VECTOR('',#2441,1.);
#2441 = DIRECTION('',(0.,1.,0.));
#2442 = ORIENTED_EDGE('',*,*,#2443,.F.);
#2443 = EDGE_CURVE('',#2444,#2436,#2446,.T.);
#2444 = VERTEX_POINT('',#2445);
#2445 = CARTESIAN_POINT('',(-3.44,-0.875,-3.68));
#2446 = LINE('',#2447,#2448);
#2447 = CARTESIAN_POINT('',(-3.44,-0.875,-3.68));
#2448 = VECTOR('',#2449,1.);
#2449 = DIRECTION('',(0.,0.,-1.));
#2450 = ORIENTED_EDGE('',*,*,#2451,.F.);
#2451 = EDGE_CURVE('',#2452,#2444,#2454,.T.);
#2452 = VERTEX_POINT('',#2453);
#2453 = CARTESIAN_POINT('',(-3.44,0.875,-3.68));
#2454 = LINE('',#2455,#2456);
#2455 = CARTESIAN_POINT('',(-3.44,0.875,-3.68));
#2456 = VECTOR('',#2457,1.);
#2457 = DIRECTION('',(0.,-1.,0.));
#2458 = ORIENTED_EDGE('',*,*,#2459,.T.);
#2459 = EDGE_CURVE('',#2452,#2460,#2462,.T.);
#2460 = VERTEX_POINT('',#2461);
#2461 = CARTESIAN_POINT('',(-3.44,0.875,-4.28));
#2462 = LINE('',#2463,#2464);
#2463 = CARTESIAN_POINT('',(-3.44,0.875,-3.68));
#2464 = VECTOR('',#2465,1.);
#2465 = DIRECTION('',(0.,0.,-1.));
#2466 = ORIENTED_EDGE('',*,*,#2467,.T.);
#2467 = EDGE_CURVE('',#2460,#2468,#2470,.T.);
#2468 = VERTEX_POINT('',#2469);
#2469 = CARTESIAN_POINT('',(-3.44,1.27,-4.28));
#2470 = LINE('',#2471,#2472);
#2471 = CARTESIAN_POINT('',(-3.44,0.875,-4.28));
#2472 = VECTOR('',#2473,1.);
#2473 = DIRECTION('',(0.,1.,0.));
#2474 = ORIENTED_EDGE('',*,*,#2475,.T.);
#2475 = EDGE_CURVE('',#2468,#2476,#2478,.T.);
#2476 = VERTEX_POINT('',#2477);
#2477 = CARTESIAN_POINT('',(-3.44,1.27,-4.95));
#2478 = LINE('',#2479,#2480);
#2479 = CARTESIAN_POINT('',(-3.44,1.27,-4.28));
#2480 = VECTOR('',#2481,1.);
#2481 = DIRECTION('',(0.,0.,-1.));
#2482 = ORIENTED_EDGE('',*,*,#2483,.T.);
#2483 = EDGE_CURVE('',#2476,#2121,#2484,.T.);
#2484 = LINE('',#2485,#2486);
#2485 = CARTESIAN_POINT('',(-3.44,1.27,-4.95));
#2486 = VECTOR('',#2487,1.);
#2487 = DIRECTION('',(0.,1.,0.));
#2488 = ORIENTED_EDGE('',*,*,#2120,.T.);
#2489 = PLANE('',#2490);
#2490 = AXIS2_PLACEMENT_3D('',#2491,#2492,#2493);
#2491 = CARTESIAN_POINT('',(-3.44,1.93,-3.25));
#2492 = DIRECTION('',(1.,0.,0.));
#2493 = DIRECTION('',(0.,0.,-1.));
#2494 = ADVANCED_FACE('',(#2495),#2506,.F.);
#2495 = FACE_BOUND('',#2496,.F.);
#2496 = EDGE_LOOP('',(#2497,#2498,#2499,#2500));
#2497 = ORIENTED_EDGE('',*,*,#2353,.T.);
#2498 = ORIENTED_EDGE('',*,*,#2419,.F.);
#2499 = ORIENTED_EDGE('',*,*,#2112,.F.);
#2500 = ORIENTED_EDGE('',*,*,#2501,.T.);
#2501 = EDGE_CURVE('',#2105,#2354,#2502,.T.);
#2502 = LINE('',#2503,#2504);
#2503 = CARTESIAN_POINT('',(-3.89,1.93,-3.25));
#2504 = VECTOR('',#2505,1.);
#2505 = DIRECTION('',(0.,-1.,0.));
#2506 = PLANE('',#2507);
#2507 = AXIS2_PLACEMENT_3D('',#2508,#2509,#2510);
#2508 = CARTESIAN_POINT('',(-3.89,1.93,-3.25));
#2509 = DIRECTION('',(0.,0.,1.));
#2510 = DIRECTION('',(1.,0.,-0.));
#2511 = ADVANCED_FACE('',(#2512),#2595,.F.);
#2512 = FACE_BOUND('',#2513,.F.);
#2513 = EDGE_LOOP('',(#2514,#2522,#2528,#2529,#2530,#2531,#2539,#2547,
    #2555,#2563,#2571,#2579,#2587,#2593,#2594));
#2514 = ORIENTED_EDGE('',*,*,#2515,.T.);
#2515 = EDGE_CURVE('',#1397,#2516,#2518,.T.);
#2516 = VERTEX_POINT('',#2517);
#2517 = CARTESIAN_POINT('',(-3.89,-1.916979166667,-3.1));
#2518 = LINE('',#2519,#2520);
#2519 = CARTESIAN_POINT('',(-3.89,-2.47,-3.1));
#2520 = VECTOR('',#2521,1.);
#2521 = DIRECTION('',(0.,1.,0.));
#2522 = ORIENTED_EDGE('',*,*,#2523,.T.);
#2523 = EDGE_CURVE('',#2516,#2362,#2524,.T.);
#2524 = LINE('',#2525,#2526);
#2525 = CARTESIAN_POINT('',(-3.89,-1.916979166667,-3.1));
#2526 = VECTOR('',#2527,1.);
#2527 = DIRECTION('',(0.,1.,0.));
#2528 = ORIENTED_EDGE('',*,*,#2361,.T.);
#2529 = ORIENTED_EDGE('',*,*,#2501,.F.);
#2530 = ORIENTED_EDGE('',*,*,#2104,.F.);
#2531 = ORIENTED_EDGE('',*,*,#2532,.F.);
#2532 = EDGE_CURVE('',#2533,#2097,#2535,.T.);
#2533 = VERTEX_POINT('',#2534);
#2534 = CARTESIAN_POINT('',(-3.89,1.27,-4.95));
#2535 = LINE('',#2536,#2537);
#2536 = CARTESIAN_POINT('',(-3.89,1.27,-4.95));
#2537 = VECTOR('',#2538,1.);
#2538 = DIRECTION('',(0.,1.,0.));
#2539 = ORIENTED_EDGE('',*,*,#2540,.F.);
#2540 = EDGE_CURVE('',#2541,#2533,#2543,.T.);
#2541 = VERTEX_POINT('',#2542);
#2542 = CARTESIAN_POINT('',(-3.89,1.27,-4.28));
#2543 = LINE('',#2544,#2545);
#2544 = CARTESIAN_POINT('',(-3.89,1.27,-4.28));
#2545 = VECTOR('',#2546,1.);
#2546 = DIRECTION('',(0.,0.,-1.));
#2547 = ORIENTED_EDGE('',*,*,#2548,.F.);
#2548 = EDGE_CURVE('',#2549,#2541,#2551,.T.);
#2549 = VERTEX_POINT('',#2550);
#2550 = CARTESIAN_POINT('',(-3.89,0.875,-4.28));
#2551 = LINE('',#2552,#2553);
#2552 = CARTESIAN_POINT('',(-3.89,0.875,-4.28));
#2553 = VECTOR('',#2554,1.);
#2554 = DIRECTION('',(0.,1.,0.));
#2555 = ORIENTED_EDGE('',*,*,#2556,.F.);
#2556 = EDGE_CURVE('',#2557,#2549,#2559,.T.);
#2557 = VERTEX_POINT('',#2558);
#2558 = CARTESIAN_POINT('',(-3.89,0.875,-3.68));
#2559 = LINE('',#2560,#2561);
#2560 = CARTESIAN_POINT('',(-3.89,0.875,-3.68));
#2561 = VECTOR('',#2562,1.);
#2562 = DIRECTION('',(0.,0.,-1.));
#2563 = ORIENTED_EDGE('',*,*,#2564,.T.);
#2564 = EDGE_CURVE('',#2557,#2565,#2567,.T.);
#2565 = VERTEX_POINT('',#2566);
#2566 = CARTESIAN_POINT('',(-3.89,-0.875,-3.68));
#2567 = LINE('',#2568,#2569);
#2568 = CARTESIAN_POINT('',(-3.89,0.875,-3.68));
#2569 = VECTOR('',#2570,1.);
#2570 = DIRECTION('',(0.,-1.,0.));
#2571 = ORIENTED_EDGE('',*,*,#2572,.T.);
#2572 = EDGE_CURVE('',#2565,#2573,#2575,.T.);
#2573 = VERTEX_POINT('',#2574);
#2574 = CARTESIAN_POINT('',(-3.89,-0.875,-4.28));
#2575 = LINE('',#2576,#2577);
#2576 = CARTESIAN_POINT('',(-3.89,-0.875,-3.68));
#2577 = VECTOR('',#2578,1.);
#2578 = DIRECTION('',(0.,0.,-1.));
#2579 = ORIENTED_EDGE('',*,*,#2580,.F.);
#2580 = EDGE_CURVE('',#2581,#2573,#2583,.T.);
#2581 = VERTEX_POINT('',#2582);
#2582 = CARTESIAN_POINT('',(-3.89,-1.27,-4.28));
#2583 = LINE('',#2584,#2585);
#2584 = CARTESIAN_POINT('',(-3.89,-1.27,-4.28));
#2585 = VECTOR('',#2586,1.);
#2586 = DIRECTION('',(0.,1.,0.));
#2587 = ORIENTED_EDGE('',*,*,#2588,.F.);
#2588 = EDGE_CURVE('',#1630,#2581,#2589,.T.);
#2589 = LINE('',#2590,#2591);
#2590 = CARTESIAN_POINT('',(-3.89,-1.27,-4.95));
#2591 = VECTOR('',#2592,1.);
#2592 = DIRECTION('',(0.,0.,1.));
#2593 = ORIENTED_EDGE('',*,*,#1629,.F.);
#2594 = ORIENTED_EDGE('',*,*,#1404,.T.);
#2595 = PLANE('',#2596);
#2596 = AXIS2_PLACEMENT_3D('',#2597,#2598,#2599);
#2597 = CARTESIAN_POINT('',(-3.89,1.93,-4.95));
#2598 = DIRECTION('',(-1.,0.,0.));
#2599 = DIRECTION('',(0.,0.,1.));
#2600 = ADVANCED_FACE('',(#2601),#2619,.T.);
#2601 = FACE_BOUND('',#2602,.F.);
#2602 = EDGE_LOOP('',(#2603,#2611,#2617,#2618));
#2603 = ORIENTED_EDGE('',*,*,#2604,.F.);
#2604 = EDGE_CURVE('',#2605,#1356,#2607,.T.);
#2605 = VERTEX_POINT('',#2606);
#2606 = CARTESIAN_POINT('',(3.89,-1.916979166667,-3.1));
#2607 = LINE('',#2608,#2609);
#2608 = CARTESIAN_POINT('',(3.89,-1.916979166667,-3.1));
#2609 = VECTOR('',#2610,1.);
#2610 = DIRECTION('',(0.,-1.,0.));
#2611 = ORIENTED_EDGE('',*,*,#2612,.F.);
#2612 = EDGE_CURVE('',#823,#2605,#2613,.T.);
#2613 = LINE('',#2614,#2615);
#2614 = CARTESIAN_POINT('',(4.825,-1.43,-3.1));
#2615 = VECTOR('',#2616,1.);
#2616 = DIRECTION('',(-0.886914084167,-0.461934418837,0.));
#2617 = ORIENTED_EDGE('',*,*,#822,.T.);
#2618 = ORIENTED_EDGE('',*,*,#1363,.F.);
#2619 = PLANE('',#2620);
#2620 = AXIS2_PLACEMENT_3D('',#2621,#2622,#2623);
#2621 = CARTESIAN_POINT('',(-4.825,-1.93,-3.1));
#2622 = DIRECTION('',(0.,0.,1.));
#2623 = DIRECTION('',(0.,-1.,0.));
#2624 = ADVANCED_FACE('',(#2625),#2643,.T.);
#2625 = FACE_BOUND('',#2626,.F.);
#2626 = EDGE_LOOP('',(#2627,#2628,#2629,#2637));
#2627 = ORIENTED_EDGE('',*,*,#2515,.F.);
#2628 = ORIENTED_EDGE('',*,*,#1396,.F.);
#2629 = ORIENTED_EDGE('',*,*,#2630,.T.);
#2630 = EDGE_CURVE('',#1389,#2631,#2633,.T.);
#2631 = VERTEX_POINT('',#2632);
#2632 = CARTESIAN_POINT('',(-4.825,-1.43,-3.1));
#2633 = LINE('',#2634,#2635);
#2634 = CARTESIAN_POINT('',(-4.825,-2.47,-3.1));
#2635 = VECTOR('',#2636,1.);
#2636 = DIRECTION('',(0.,1.,0.));
#2637 = ORIENTED_EDGE('',*,*,#2638,.F.);
#2638 = EDGE_CURVE('',#2516,#2631,#2639,.T.);
#2639 = LINE('',#2640,#2641);
#2640 = CARTESIAN_POINT('',(-3.89,-1.916979166667,-3.1));
#2641 = VECTOR('',#2642,1.);
#2642 = DIRECTION('',(-0.886914084167,0.461934418837,0.));
#2643 = PLANE('',#2644);
#2644 = AXIS2_PLACEMENT_3D('',#2645,#2646,#2647);
#2645 = CARTESIAN_POINT('',(-4.825,-1.93,-3.1));
#2646 = DIRECTION('',(0.,0.,1.));
#2647 = DIRECTION('',(0.,-1.,0.));
#2648 = ADVANCED_FACE('',(#2649),#2730,.F.);
#2649 = FACE_BOUND('',#2650,.F.);
#2650 = EDGE_LOOP('',(#2651,#2657,#2658,#2664,#2665,#2666,#2667,#2675,
    #2683,#2691,#2699,#2707,#2715,#2723,#2729));
#2651 = ORIENTED_EDGE('',*,*,#2652,.T.);
#2652 = EDGE_CURVE('',#2051,#2378,#2653,.T.);
#2653 = LINE('',#2654,#2655);
#2654 = CARTESIAN_POINT('',(3.89,1.93,-3.25));
#2655 = VECTOR('',#2656,1.);
#2656 = DIRECTION('',(0.,-1.,0.));
#2657 = ORIENTED_EDGE('',*,*,#2377,.T.);
#2658 = ORIENTED_EDGE('',*,*,#2659,.F.);
#2659 = EDGE_CURVE('',#2605,#2370,#2660,.T.);
#2660 = LINE('',#2661,#2662);
#2661 = CARTESIAN_POINT('',(3.89,-1.916979166667,-3.1));
#2662 = VECTOR('',#2663,1.);
#2663 = DIRECTION('',(0.,1.,0.));
#2664 = ORIENTED_EDGE('',*,*,#2604,.T.);
#2665 = ORIENTED_EDGE('',*,*,#1355,.T.);
#2666 = ORIENTED_EDGE('',*,*,#1670,.T.);
#2667 = ORIENTED_EDGE('',*,*,#2668,.T.);
#2668 = EDGE_CURVE('',#1663,#2669,#2671,.T.);
#2669 = VERTEX_POINT('',#2670);
#2670 = CARTESIAN_POINT('',(3.89,-1.27,-4.28));
#2671 = LINE('',#2672,#2673);
#2672 = CARTESIAN_POINT('',(3.89,-1.27,-4.95));
#2673 = VECTOR('',#2674,1.);
#2674 = DIRECTION('',(0.,0.,1.));
#2675 = ORIENTED_EDGE('',*,*,#2676,.T.);
#2676 = EDGE_CURVE('',#2669,#2677,#2679,.T.);
#2677 = VERTEX_POINT('',#2678);
#2678 = CARTESIAN_POINT('',(3.89,-0.875,-4.28));
#2679 = LINE('',#2680,#2681);
#2680 = CARTESIAN_POINT('',(3.89,-1.27,-4.28));
#2681 = VECTOR('',#2682,1.);
#2682 = DIRECTION('',(0.,1.,0.));
#2683 = ORIENTED_EDGE('',*,*,#2684,.F.);
#2684 = EDGE_CURVE('',#2685,#2677,#2687,.T.);
#2685 = VERTEX_POINT('',#2686);
#2686 = CARTESIAN_POINT('',(3.89,-0.875,-3.68));
#2687 = LINE('',#2688,#2689);
#2688 = CARTESIAN_POINT('',(3.89,-0.875,-3.68));
#2689 = VECTOR('',#2690,1.);
#2690 = DIRECTION('',(0.,0.,-1.));
#2691 = ORIENTED_EDGE('',*,*,#2692,.F.);
#2692 = EDGE_CURVE('',#2693,#2685,#2695,.T.);
#2693 = VERTEX_POINT('',#2694);
#2694 = CARTESIAN_POINT('',(3.89,0.875,-3.68));
#2695 = LINE('',#2696,#2697);
#2696 = CARTESIAN_POINT('',(3.89,0.875,-3.68));
#2697 = VECTOR('',#2698,1.);
#2698 = DIRECTION('',(0.,-1.,0.));
#2699 = ORIENTED_EDGE('',*,*,#2700,.F.);
#2700 = EDGE_CURVE('',#2701,#2693,#2703,.T.);
#2701 = VERTEX_POINT('',#2702);
#2702 = CARTESIAN_POINT('',(3.89,0.875,-4.28));
#2703 = LINE('',#2704,#2705);
#2704 = CARTESIAN_POINT('',(3.89,0.875,-4.28));
#2705 = VECTOR('',#2706,1.);
#2706 = DIRECTION('',(0.,0.,1.));
#2707 = ORIENTED_EDGE('',*,*,#2708,.T.);
#2708 = EDGE_CURVE('',#2701,#2709,#2711,.T.);
#2709 = VERTEX_POINT('',#2710);
#2710 = CARTESIAN_POINT('',(3.89,1.27,-4.28));
#2711 = LINE('',#2712,#2713);
#2712 = CARTESIAN_POINT('',(3.89,0.875,-4.28));
#2713 = VECTOR('',#2714,1.);
#2714 = DIRECTION('',(0.,1.,0.));
#2715 = ORIENTED_EDGE('',*,*,#2716,.T.);
#2716 = EDGE_CURVE('',#2709,#2717,#2719,.T.);
#2717 = VERTEX_POINT('',#2718);
#2718 = CARTESIAN_POINT('',(3.89,1.27,-4.95));
#2719 = LINE('',#2720,#2721);
#2720 = CARTESIAN_POINT('',(3.89,1.27,-4.28));
#2721 = VECTOR('',#2722,1.);
#2722 = DIRECTION('',(0.,0.,-1.));
#2723 = ORIENTED_EDGE('',*,*,#2724,.T.);
#2724 = EDGE_CURVE('',#2717,#2059,#2725,.T.);
#2725 = LINE('',#2726,#2727);
#2726 = CARTESIAN_POINT('',(3.89,1.27,-4.95));
#2727 = VECTOR('',#2728,1.);
#2728 = DIRECTION('',(0.,1.,0.));
#2729 = ORIENTED_EDGE('',*,*,#2058,.T.);
#2730 = PLANE('',#2731);
#2731 = AXIS2_PLACEMENT_3D('',#2732,#2733,#2734);
#2732 = CARTESIAN_POINT('',(3.89,1.93,-3.25));
#2733 = DIRECTION('',(1.,0.,0.));
#2734 = DIRECTION('',(0.,0.,-1.));
#2735 = ADVANCED_FACE('',(#2736),#2747,.F.);
#2736 = FACE_BOUND('',#2737,.F.);
#2737 = EDGE_LOOP('',(#2738,#2739,#2740,#2741));
#2738 = ORIENTED_EDGE('',*,*,#2385,.T.);
#2739 = ORIENTED_EDGE('',*,*,#2652,.F.);
#2740 = ORIENTED_EDGE('',*,*,#2050,.F.);
#2741 = ORIENTED_EDGE('',*,*,#2742,.T.);
#2742 = EDGE_CURVE('',#2043,#2386,#2743,.T.);
#2743 = LINE('',#2744,#2745);
#2744 = CARTESIAN_POINT('',(3.44,1.93,-3.25));
#2745 = VECTOR('',#2746,1.);
#2746 = DIRECTION('',(0.,-1.,0.));
#2747 = PLANE('',#2748);
#2748 = AXIS2_PLACEMENT_3D('',#2749,#2750,#2751);
#2749 = CARTESIAN_POINT('',(3.44,1.93,-3.25));
#2750 = DIRECTION('',(0.,0.,1.));
#2751 = DIRECTION('',(1.,0.,-0.));
#2752 = ADVANCED_FACE('',(#2753),#2821,.F.);
#2753 = FACE_BOUND('',#2754,.F.);
#2754 = EDGE_LOOP('',(#2755,#2756,#2757,#2765,#2773,#2781,#2789,#2797,
    #2805,#2813,#2819,#2820));
#2755 = ORIENTED_EDGE('',*,*,#2742,.F.);
#2756 = ORIENTED_EDGE('',*,*,#2042,.F.);
#2757 = ORIENTED_EDGE('',*,*,#2758,.F.);
#2758 = EDGE_CURVE('',#2759,#2035,#2761,.T.);
#2759 = VERTEX_POINT('',#2760);
#2760 = CARTESIAN_POINT('',(3.44,1.27,-4.95));
#2761 = LINE('',#2762,#2763);
#2762 = CARTESIAN_POINT('',(3.44,1.27,-4.95));
#2763 = VECTOR('',#2764,1.);
#2764 = DIRECTION('',(0.,1.,0.));
#2765 = ORIENTED_EDGE('',*,*,#2766,.F.);
#2766 = EDGE_CURVE('',#2767,#2759,#2769,.T.);
#2767 = VERTEX_POINT('',#2768);
#2768 = CARTESIAN_POINT('',(3.44,1.27,-4.28));
#2769 = LINE('',#2770,#2771);
#2770 = CARTESIAN_POINT('',(3.44,1.27,-4.28));
#2771 = VECTOR('',#2772,1.);
#2772 = DIRECTION('',(0.,0.,-1.));
#2773 = ORIENTED_EDGE('',*,*,#2774,.F.);
#2774 = EDGE_CURVE('',#2775,#2767,#2777,.T.);
#2775 = VERTEX_POINT('',#2776);
#2776 = CARTESIAN_POINT('',(3.44,0.875,-4.28));
#2777 = LINE('',#2778,#2779);
#2778 = CARTESIAN_POINT('',(3.44,0.875,-4.28));
#2779 = VECTOR('',#2780,1.);
#2780 = DIRECTION('',(0.,1.,0.));
#2781 = ORIENTED_EDGE('',*,*,#2782,.T.);
#2782 = EDGE_CURVE('',#2775,#2783,#2785,.T.);
#2783 = VERTEX_POINT('',#2784);
#2784 = CARTESIAN_POINT('',(3.44,0.875,-3.68));
#2785 = LINE('',#2786,#2787);
#2786 = CARTESIAN_POINT('',(3.44,0.875,-4.28));
#2787 = VECTOR('',#2788,1.);
#2788 = DIRECTION('',(0.,0.,1.));
#2789 = ORIENTED_EDGE('',*,*,#2790,.T.);
#2790 = EDGE_CURVE('',#2783,#2791,#2793,.T.);
#2791 = VERTEX_POINT('',#2792);
#2792 = CARTESIAN_POINT('',(3.44,-0.875,-3.68));
#2793 = LINE('',#2794,#2795);
#2794 = CARTESIAN_POINT('',(3.44,0.875,-3.68));
#2795 = VECTOR('',#2796,1.);
#2796 = DIRECTION('',(0.,-1.,0.));
#2797 = ORIENTED_EDGE('',*,*,#2798,.T.);
#2798 = EDGE_CURVE('',#2791,#2799,#2801,.T.);
#2799 = VERTEX_POINT('',#2800);
#2800 = CARTESIAN_POINT('',(3.44,-0.875,-4.28));
#2801 = LINE('',#2802,#2803);
#2802 = CARTESIAN_POINT('',(3.44,-0.875,-3.68));
#2803 = VECTOR('',#2804,1.);
#2804 = DIRECTION('',(0.,0.,-1.));
#2805 = ORIENTED_EDGE('',*,*,#2806,.F.);
#2806 = EDGE_CURVE('',#2807,#2799,#2809,.T.);
#2807 = VERTEX_POINT('',#2808);
#2808 = CARTESIAN_POINT('',(3.44,-1.27,-4.28));
#2809 = LINE('',#2810,#2811);
#2810 = CARTESIAN_POINT('',(3.44,-1.27,-4.28));
#2811 = VECTOR('',#2812,1.);
#2812 = DIRECTION('',(0.,1.,0.));
#2813 = ORIENTED_EDGE('',*,*,#2814,.F.);
#2814 = EDGE_CURVE('',#1511,#2807,#2815,.T.);
#2815 = LINE('',#2816,#2817);
#2816 = CARTESIAN_POINT('',(3.44,-1.27,-4.95));
#2817 = VECTOR('',#2818,1.);
#2818 = DIRECTION('',(0.,0.,1.));
#2819 = ORIENTED_EDGE('',*,*,#1510,.F.);
#2820 = ORIENTED_EDGE('',*,*,#2393,.T.);
#2821 = PLANE('',#2822);
#2822 = AXIS2_PLACEMENT_3D('',#2823,#2824,#2825);
#2823 = CARTESIAN_POINT('',(3.44,1.93,-4.95));
#2824 = DIRECTION('',(-1.,0.,0.));
#2825 = DIRECTION('',(0.,0.,1.));
#2826 = ADVANCED_FACE('',(#2827),#2838,.T.);
#2827 = FACE_BOUND('',#2828,.F.);
#2828 = EDGE_LOOP('',(#2829,#2830,#2836,#2837));
#2829 = ORIENTED_EDGE('',*,*,#2724,.F.);
#2830 = ORIENTED_EDGE('',*,*,#2831,.T.);
#2831 = EDGE_CURVE('',#2717,#862,#2832,.T.);
#2832 = LINE('',#2833,#2834);
#2833 = CARTESIAN_POINT('',(3.89,1.27,-4.95));
#2834 = VECTOR('',#2835,1.);
#2835 = DIRECTION('',(1.,0.,0.));
#2836 = ORIENTED_EDGE('',*,*,#861,.T.);
#2837 = ORIENTED_EDGE('',*,*,#2066,.F.);
#2838 = PLANE('',#2839);
#2839 = AXIS2_PLACEMENT_3D('',#2840,#2841,#2842);
#2840 = CARTESIAN_POINT('',(-4.825,1.27,-4.95));
#2841 = DIRECTION('',(0.,0.,-1.));
#2842 = DIRECTION('',(0.,1.,0.));
#2843 = ADVANCED_FACE('',(#2844),#2862,.T.);
#2844 = FACE_BOUND('',#2845,.F.);
#2845 = EDGE_LOOP('',(#2846,#2854,#2855,#2856));
#2846 = ORIENTED_EDGE('',*,*,#2847,.T.);
#2847 = EDGE_CURVE('',#2848,#2533,#2850,.T.);
#2848 = VERTEX_POINT('',#2849);
#2849 = CARTESIAN_POINT('',(-4.825,1.27,-4.95));
#2850 = LINE('',#2851,#2852);
#2851 = CARTESIAN_POINT('',(-4.825,1.27,-4.95));
#2852 = VECTOR('',#2853,1.);
#2853 = DIRECTION('',(1.,0.,0.));
#2854 = ORIENTED_EDGE('',*,*,#2532,.T.);
#2855 = ORIENTED_EDGE('',*,*,#2096,.F.);
#2856 = ORIENTED_EDGE('',*,*,#2857,.F.);
#2857 = EDGE_CURVE('',#2848,#2089,#2858,.T.);
#2858 = LINE('',#2859,#2860);
#2859 = CARTESIAN_POINT('',(-4.825,1.27,-4.95));
#2860 = VECTOR('',#2861,1.);
#2861 = DIRECTION('',(0.,1.,0.));
#2862 = PLANE('',#2863);
#2863 = AXIS2_PLACEMENT_3D('',#2864,#2865,#2866);
#2864 = CARTESIAN_POINT('',(-4.825,1.27,-4.95));
#2865 = DIRECTION('',(0.,0.,-1.));
#2866 = DIRECTION('',(0.,1.,0.));
#2867 = ADVANCED_FACE('',(#2868),#2879,.T.);
#2868 = FACE_BOUND('',#2869,.F.);
#2869 = EDGE_LOOP('',(#2870,#2871,#2877,#2878));
#2870 = ORIENTED_EDGE('',*,*,#1735,.F.);
#2871 = ORIENTED_EDGE('',*,*,#2872,.T.);
#2872 = EDGE_CURVE('',#1728,#2759,#2873,.T.);
#2873 = LINE('',#2874,#2875);
#2874 = CARTESIAN_POINT('',(1.82,1.27,-4.95));
#2875 = VECTOR('',#2876,1.);
#2876 = DIRECTION('',(1.,0.,0.));
#2877 = ORIENTED_EDGE('',*,*,#2758,.T.);
#2878 = ORIENTED_EDGE('',*,*,#2034,.F.);
#2879 = PLANE('',#2880);
#2880 = AXIS2_PLACEMENT_3D('',#2881,#2882,#2883);
#2881 = CARTESIAN_POINT('',(-4.825,1.27,-4.95));
#2882 = DIRECTION('',(0.,0.,-1.));
#2883 = DIRECTION('',(0.,1.,0.));
#2884 = ADVANCED_FACE('',(#2885),#2896,.T.);
#2885 = FACE_BOUND('',#2886,.F.);
#2886 = EDGE_LOOP('',(#2887,#2888,#2889,#2890));
#2887 = ORIENTED_EDGE('',*,*,#2226,.T.);
#2888 = ORIENTED_EDGE('',*,*,#2128,.F.);
#2889 = ORIENTED_EDGE('',*,*,#2483,.F.);
#2890 = ORIENTED_EDGE('',*,*,#2891,.T.);
#2891 = EDGE_CURVE('',#2476,#2227,#2892,.T.);
#2892 = LINE('',#2893,#2894);
#2893 = CARTESIAN_POINT('',(-3.44,1.27,-4.95));
#2894 = VECTOR('',#2895,1.);
#2895 = DIRECTION('',(1.,0.,0.));
#2896 = PLANE('',#2897);
#2897 = AXIS2_PLACEMENT_3D('',#2898,#2899,#2900);
#2898 = CARTESIAN_POINT('',(-4.825,1.27,-4.95));
#2899 = DIRECTION('',(0.,0.,-1.));
#2900 = DIRECTION('',(0.,1.,0.));
#2901 = ADVANCED_FACE('',(#2902),#2920,.T.);
#2902 = FACE_BOUND('',#2903,.F.);
#2903 = EDGE_LOOP('',(#2904,#2912,#2918,#2919));
#2904 = ORIENTED_EDGE('',*,*,#2905,.F.);
#2905 = EDGE_CURVE('',#2906,#2018,#2908,.T.);
#2906 = VERTEX_POINT('',#2907);
#2907 = CARTESIAN_POINT('',(-1.18,1.27,-4.95));
#2908 = LINE('',#2909,#2910);
#2909 = CARTESIAN_POINT('',(-1.18,1.27,-4.95));
#2910 = VECTOR('',#2911,1.);
#2911 = DIRECTION('',(0.,1.,0.));
#2912 = ORIENTED_EDGE('',*,*,#2913,.T.);
#2913 = EDGE_CURVE('',#2906,#1892,#2914,.T.);
#2914 = LINE('',#2915,#2916);
#2915 = CARTESIAN_POINT('',(-1.18,1.27,-4.95));
#2916 = VECTOR('',#2917,1.);
#2917 = DIRECTION('',(1.,0.,0.));
#2918 = ORIENTED_EDGE('',*,*,#1891,.T.);
#2919 = ORIENTED_EDGE('',*,*,#2025,.F.);
#2920 = PLANE('',#2921);
#2921 = AXIS2_PLACEMENT_3D('',#2922,#2923,#2924);
#2922 = CARTESIAN_POINT('',(-4.825,1.27,-4.95));
#2923 = DIRECTION('',(0.,0.,-1.));
#2924 = DIRECTION('',(0.,1.,0.));
#2925 = ADVANCED_FACE('',(#2926),#2937,.T.);
#2926 = FACE_BOUND('',#2927,.F.);
#2927 = EDGE_LOOP('',(#2928,#2929,#2935,#2936));
#2928 = ORIENTED_EDGE('',*,*,#2716,.F.);
#2929 = ORIENTED_EDGE('',*,*,#2930,.T.);
#2930 = EDGE_CURVE('',#2709,#870,#2931,.T.);
#2931 = LINE('',#2932,#2933);
#2932 = CARTESIAN_POINT('',(3.89,1.27,-4.28));
#2933 = VECTOR('',#2934,1.);
#2934 = DIRECTION('',(1.,0.,0.));
#2935 = ORIENTED_EDGE('',*,*,#869,.T.);
#2936 = ORIENTED_EDGE('',*,*,#2831,.F.);
#2937 = PLANE('',#2938);
#2938 = AXIS2_PLACEMENT_3D('',#2939,#2940,#2941);
#2939 = CARTESIAN_POINT('',(-4.825,1.27,-4.28));
#2940 = DIRECTION('',(0.,-1.,0.));
#2941 = DIRECTION('',(0.,0.,-1.));
#2942 = ADVANCED_FACE('',(#2943),#2961,.T.);
#2943 = FACE_BOUND('',#2944,.F.);
#2944 = EDGE_LOOP('',(#2945,#2953,#2954,#2955));
#2945 = ORIENTED_EDGE('',*,*,#2946,.T.);
#2946 = EDGE_CURVE('',#2947,#2541,#2949,.T.);
#2947 = VERTEX_POINT('',#2948);
#2948 = CARTESIAN_POINT('',(-4.825,1.27,-4.28));
#2949 = LINE('',#2950,#2951);
#2950 = CARTESIAN_POINT('',(-4.825,1.27,-4.28));
#2951 = VECTOR('',#2952,1.);
#2952 = DIRECTION('',(1.,0.,0.));
#2953 = ORIENTED_EDGE('',*,*,#2540,.T.);
#2954 = ORIENTED_EDGE('',*,*,#2847,.F.);
#2955 = ORIENTED_EDGE('',*,*,#2956,.F.);
#2956 = EDGE_CURVE('',#2947,#2848,#2957,.T.);
#2957 = LINE('',#2958,#2959);
#2958 = CARTESIAN_POINT('',(-4.825,1.27,-4.28));
#2959 = VECTOR('',#2960,1.);
#2960 = DIRECTION('',(0.,0.,-1.));
#2961 = PLANE('',#2962);
#2962 = AXIS2_PLACEMENT_3D('',#2963,#2964,#2965);
#2963 = CARTESIAN_POINT('',(-4.825,1.27,-4.28));
#2964 = DIRECTION('',(0.,-1.,0.));
#2965 = DIRECTION('',(0.,0.,-1.));
#2966 = ADVANCED_FACE('',(#2967),#2978,.T.);
#2967 = FACE_BOUND('',#2968,.F.);
#2968 = EDGE_LOOP('',(#2969,#2970,#2976,#2977));
#2969 = ORIENTED_EDGE('',*,*,#1727,.F.);
#2970 = ORIENTED_EDGE('',*,*,#2971,.T.);
#2971 = EDGE_CURVE('',#1720,#2767,#2972,.T.);
#2972 = LINE('',#2973,#2974);
#2973 = CARTESIAN_POINT('',(1.82,1.27,-4.28));
#2974 = VECTOR('',#2975,1.);
#2975 = DIRECTION('',(1.,0.,0.));
#2976 = ORIENTED_EDGE('',*,*,#2766,.T.);
#2977 = ORIENTED_EDGE('',*,*,#2872,.F.);
#2978 = PLANE('',#2979);
#2979 = AXIS2_PLACEMENT_3D('',#2980,#2981,#2982);
#2980 = CARTESIAN_POINT('',(-4.825,1.27,-4.28));
#2981 = DIRECTION('',(0.,-1.,0.));
#2982 = DIRECTION('',(0.,0.,-1.));
#2983 = ADVANCED_FACE('',(#2984),#2995,.T.);
#2984 = FACE_BOUND('',#2985,.F.);
#2985 = EDGE_LOOP('',(#2986,#2987,#2988,#2989));
#2986 = ORIENTED_EDGE('',*,*,#2234,.T.);
#2987 = ORIENTED_EDGE('',*,*,#2891,.F.);
#2988 = ORIENTED_EDGE('',*,*,#2475,.F.);
#2989 = ORIENTED_EDGE('',*,*,#2990,.T.);
#2990 = EDGE_CURVE('',#2468,#2235,#2991,.T.);
#2991 = LINE('',#2992,#2993);
#2992 = CARTESIAN_POINT('',(-3.44,1.27,-4.28));
#2993 = VECTOR('',#2994,1.);
#2994 = DIRECTION('',(1.,0.,0.));
#2995 = PLANE('',#2996);
#2996 = AXIS2_PLACEMENT_3D('',#2997,#2998,#2999);
#2997 = CARTESIAN_POINT('',(-4.825,1.27,-4.28));
#2998 = DIRECTION('',(0.,-1.,0.));
#2999 = DIRECTION('',(0.,0.,-1.));
#3000 = ADVANCED_FACE('',(#3001),#3019,.T.);
#3001 = FACE_BOUND('',#3002,.F.);
#3002 = EDGE_LOOP('',(#3003,#3011,#3017,#3018));
#3003 = ORIENTED_EDGE('',*,*,#3004,.F.);
#3004 = EDGE_CURVE('',#3005,#2906,#3007,.T.);
#3005 = VERTEX_POINT('',#3006);
#3006 = CARTESIAN_POINT('',(-1.18,1.27,-4.28));
#3007 = LINE('',#3008,#3009);
#3008 = CARTESIAN_POINT('',(-1.18,1.27,-4.28));
#3009 = VECTOR('',#3010,1.);
#3010 = DIRECTION('',(0.,0.,-1.));
#3011 = ORIENTED_EDGE('',*,*,#3012,.T.);
#3012 = EDGE_CURVE('',#3005,#1900,#3013,.T.);
#3013 = LINE('',#3014,#3015);
#3014 = CARTESIAN_POINT('',(-1.18,1.27,-4.28));
#3015 = VECTOR('',#3016,1.);
#3016 = DIRECTION('',(1.,0.,0.));
#3017 = ORIENTED_EDGE('',*,*,#1899,.T.);
#3018 = ORIENTED_EDGE('',*,*,#2913,.F.);
#3019 = PLANE('',#3020);
#3020 = AXIS2_PLACEMENT_3D('',#3021,#3022,#3023);
#3021 = CARTESIAN_POINT('',(-4.825,1.27,-4.28));
#3022 = DIRECTION('',(0.,-1.,0.));
#3023 = DIRECTION('',(0.,0.,-1.));
#3024 = ADVANCED_FACE('',(#3025),#3050,.T.);
#3025 = FACE_BOUND('',#3026,.F.);
#3026 = EDGE_LOOP('',(#3027,#3035,#3043,#3049));
#3027 = ORIENTED_EDGE('',*,*,#3028,.F.);
#3028 = EDGE_CURVE('',#3029,#2573,#3031,.T.);
#3029 = VERTEX_POINT('',#3030);
#3030 = CARTESIAN_POINT('',(-4.825,-0.875,-4.28));
#3031 = LINE('',#3032,#3033);
#3032 = CARTESIAN_POINT('',(-4.825,-0.875,-4.28));
#3033 = VECTOR('',#3034,1.);
#3034 = DIRECTION('',(1.,0.,0.));
#3035 = ORIENTED_EDGE('',*,*,#3036,.F.);
#3036 = EDGE_CURVE('',#3037,#3029,#3039,.T.);
#3037 = VERTEX_POINT('',#3038);
#3038 = CARTESIAN_POINT('',(-4.825,-1.27,-4.28));
#3039 = LINE('',#3040,#3041);
#3040 = CARTESIAN_POINT('',(-4.825,-1.27,-4.28));
#3041 = VECTOR('',#3042,1.);
#3042 = DIRECTION('',(0.,1.,0.));
#3043 = ORIENTED_EDGE('',*,*,#3044,.T.);
#3044 = EDGE_CURVE('',#3037,#2581,#3045,.T.);
#3045 = LINE('',#3046,#3047);
#3046 = CARTESIAN_POINT('',(-4.825,-1.27,-4.28));
#3047 = VECTOR('',#3048,1.);
#3048 = DIRECTION('',(1.,0.,0.));
#3049 = ORIENTED_EDGE('',*,*,#2580,.T.);
#3050 = PLANE('',#3051);
#3051 = AXIS2_PLACEMENT_3D('',#3052,#3053,#3054);
#3052 = CARTESIAN_POINT('',(-4.825,-1.27,-4.28));
#3053 = DIRECTION('',(0.,0.,-1.));
#3054 = DIRECTION('',(0.,1.,0.));
#3055 = ADVANCED_FACE('',(#3056),#3074,.T.);
#3056 = FACE_BOUND('',#3057,.F.);
#3057 = EDGE_LOOP('',(#3058,#3066,#3067,#3068));
#3058 = ORIENTED_EDGE('',*,*,#3059,.T.);
#3059 = EDGE_CURVE('',#3060,#2549,#3062,.T.);
#3060 = VERTEX_POINT('',#3061);
#3061 = CARTESIAN_POINT('',(-4.825,0.875,-4.28));
#3062 = LINE('',#3063,#3064);
#3063 = CARTESIAN_POINT('',(-4.825,0.875,-4.28));
#3064 = VECTOR('',#3065,1.);
#3065 = DIRECTION('',(1.,0.,0.));
#3066 = ORIENTED_EDGE('',*,*,#2548,.T.);
#3067 = ORIENTED_EDGE('',*,*,#2946,.F.);
#3068 = ORIENTED_EDGE('',*,*,#3069,.F.);
#3069 = EDGE_CURVE('',#3060,#2947,#3070,.T.);
#3070 = LINE('',#3071,#3072);
#3071 = CARTESIAN_POINT('',(-4.825,0.875,-4.28));
#3072 = VECTOR('',#3073,1.);
#3073 = DIRECTION('',(0.,1.,0.));
#3074 = PLANE('',#3075);
#3075 = AXIS2_PLACEMENT_3D('',#3076,#3077,#3078);
#3076 = CARTESIAN_POINT('',(-4.825,-1.27,-4.28));
#3077 = DIRECTION('',(0.,0.,-1.));
#3078 = DIRECTION('',(0.,1.,0.));
#3079 = ADVANCED_FACE('',(#3080),#3096,.T.);
#3080 = FACE_BOUND('',#3081,.F.);
#3081 = EDGE_LOOP('',(#3082,#3083,#3089,#3090));
#3082 = ORIENTED_EDGE('',*,*,#909,.T.);
#3083 = ORIENTED_EDGE('',*,*,#3084,.F.);
#3084 = EDGE_CURVE('',#2677,#902,#3085,.T.);
#3085 = LINE('',#3086,#3087);
#3086 = CARTESIAN_POINT('',(3.89,-0.875,-4.28));
#3087 = VECTOR('',#3088,1.);
#3088 = DIRECTION('',(1.,0.,0.));
#3089 = ORIENTED_EDGE('',*,*,#2676,.F.);
#3090 = ORIENTED_EDGE('',*,*,#3091,.T.);
#3091 = EDGE_CURVE('',#2669,#910,#3092,.T.);
#3092 = LINE('',#3093,#3094);
#3093 = CARTESIAN_POINT('',(3.89,-1.27,-4.28));
#3094 = VECTOR('',#3095,1.);
#3095 = DIRECTION('',(1.,0.,0.));
#3096 = PLANE('',#3097);
#3097 = AXIS2_PLACEMENT_3D('',#3098,#3099,#3100);
#3098 = CARTESIAN_POINT('',(-4.825,-1.27,-4.28));
#3099 = DIRECTION('',(0.,0.,-1.));
#3100 = DIRECTION('',(0.,1.,0.));
#3101 = ADVANCED_FACE('',(#3102),#3113,.T.);
#3102 = FACE_BOUND('',#3103,.F.);
#3103 = EDGE_LOOP('',(#3104,#3105,#3106,#3107));
#3104 = ORIENTED_EDGE('',*,*,#877,.T.);
#3105 = ORIENTED_EDGE('',*,*,#2930,.F.);
#3106 = ORIENTED_EDGE('',*,*,#2708,.F.);
#3107 = ORIENTED_EDGE('',*,*,#3108,.T.);
#3108 = EDGE_CURVE('',#2701,#878,#3109,.T.);
#3109 = LINE('',#3110,#3111);
#3110 = CARTESIAN_POINT('',(3.89,0.875,-4.28));
#3111 = VECTOR('',#3112,1.);
#3112 = DIRECTION('',(1.,0.,0.));
#3113 = PLANE('',#3114);
#3114 = AXIS2_PLACEMENT_3D('',#3115,#3116,#3117);
#3115 = CARTESIAN_POINT('',(-4.825,-1.27,-4.28));
#3116 = DIRECTION('',(0.,0.,-1.));
#3117 = DIRECTION('',(0.,1.,0.));
#3118 = ADVANCED_FACE('',(#3119),#3130,.T.);
#3119 = FACE_BOUND('',#3120,.F.);
#3120 = EDGE_LOOP('',(#3121,#3122,#3123,#3129));
#3121 = ORIENTED_EDGE('',*,*,#2971,.F.);
#3122 = ORIENTED_EDGE('',*,*,#1719,.F.);
#3123 = ORIENTED_EDGE('',*,*,#3124,.T.);
#3124 = EDGE_CURVE('',#1712,#2775,#3125,.T.);
#3125 = LINE('',#3126,#3127);
#3126 = CARTESIAN_POINT('',(1.82,0.875,-4.28));
#3127 = VECTOR('',#3128,1.);
#3128 = DIRECTION('',(1.,0.,0.));
#3129 = ORIENTED_EDGE('',*,*,#2774,.T.);
#3130 = PLANE('',#3131);
#3131 = AXIS2_PLACEMENT_3D('',#3132,#3133,#3134);
#3132 = CARTESIAN_POINT('',(-4.825,-1.27,-4.28));
#3133 = DIRECTION('',(0.,0.,-1.));
#3134 = DIRECTION('',(0.,1.,0.));
#3135 = ADVANCED_FACE('',(#3136),#3152,.T.);
#3136 = FACE_BOUND('',#3137,.F.);
#3137 = EDGE_LOOP('',(#3138,#3139,#3145,#3146));
#3138 = ORIENTED_EDGE('',*,*,#1798,.F.);
#3139 = ORIENTED_EDGE('',*,*,#3140,.T.);
#3140 = EDGE_CURVE('',#1791,#2807,#3141,.T.);
#3141 = LINE('',#3142,#3143);
#3142 = CARTESIAN_POINT('',(1.82,-1.27,-4.28));
#3143 = VECTOR('',#3144,1.);
#3144 = DIRECTION('',(1.,0.,0.));
#3145 = ORIENTED_EDGE('',*,*,#2806,.T.);
#3146 = ORIENTED_EDGE('',*,*,#3147,.F.);
#3147 = EDGE_CURVE('',#1799,#2799,#3148,.T.);
#3148 = LINE('',#3149,#3150);
#3149 = CARTESIAN_POINT('',(1.82,-0.875,-4.28));
#3150 = VECTOR('',#3151,1.);
#3151 = DIRECTION('',(1.,0.,0.));
#3152 = PLANE('',#3153);
#3153 = AXIS2_PLACEMENT_3D('',#3154,#3155,#3156);
#3154 = CARTESIAN_POINT('',(-4.825,-1.27,-4.28));
#3155 = DIRECTION('',(0.,0.,-1.));
#3156 = DIRECTION('',(0.,1.,0.));
#3157 = ADVANCED_FACE('',(#3158),#3174,.T.);
#3158 = FACE_BOUND('',#3159,.F.);
#3159 = EDGE_LOOP('',(#3160,#3161,#3167,#3168));
#3160 = ORIENTED_EDGE('',*,*,#2166,.T.);
#3161 = ORIENTED_EDGE('',*,*,#3162,.F.);
#3162 = EDGE_CURVE('',#2436,#2159,#3163,.T.);
#3163 = LINE('',#3164,#3165);
#3164 = CARTESIAN_POINT('',(-3.44,-0.875,-4.28));
#3165 = VECTOR('',#3166,1.);
#3166 = DIRECTION('',(1.,0.,0.));
#3167 = ORIENTED_EDGE('',*,*,#2435,.F.);
#3168 = ORIENTED_EDGE('',*,*,#3169,.T.);
#3169 = EDGE_CURVE('',#2428,#2167,#3170,.T.);
#3170 = LINE('',#3171,#3172);
#3171 = CARTESIAN_POINT('',(-3.44,-1.27,-4.28));
#3172 = VECTOR('',#3173,1.);
#3173 = DIRECTION('',(1.,0.,0.));
#3174 = PLANE('',#3175);
#3175 = AXIS2_PLACEMENT_3D('',#3176,#3177,#3178);
#3176 = CARTESIAN_POINT('',(-4.825,-1.27,-4.28));
#3177 = DIRECTION('',(0.,0.,-1.));
#3178 = DIRECTION('',(0.,1.,0.));
#3179 = ADVANCED_FACE('',(#3180),#3205,.T.);
#3180 = FACE_BOUND('',#3181,.F.);
#3181 = EDGE_LOOP('',(#3182,#3192,#3198,#3199));
#3182 = ORIENTED_EDGE('',*,*,#3183,.F.);
#3183 = EDGE_CURVE('',#3184,#3186,#3188,.T.);
#3184 = VERTEX_POINT('',#3185);
#3185 = CARTESIAN_POINT('',(-1.18,-1.27,-4.28));
#3186 = VERTEX_POINT('',#3187);
#3187 = CARTESIAN_POINT('',(-1.18,-0.875,-4.28));
#3188 = LINE('',#3189,#3190);
#3189 = CARTESIAN_POINT('',(-1.18,-1.27,-4.28));
#3190 = VECTOR('',#3191,1.);
#3191 = DIRECTION('',(0.,1.,0.));
#3192 = ORIENTED_EDGE('',*,*,#3193,.T.);
#3193 = EDGE_CURVE('',#3184,#1964,#3194,.T.);
#3194 = LINE('',#3195,#3196);
#3195 = CARTESIAN_POINT('',(-1.18,-1.27,-4.28));
#3196 = VECTOR('',#3197,1.);
#3197 = DIRECTION('',(1.,0.,0.));
#3198 = ORIENTED_EDGE('',*,*,#1963,.T.);
#3199 = ORIENTED_EDGE('',*,*,#3200,.F.);
#3200 = EDGE_CURVE('',#3186,#1956,#3201,.T.);
#3201 = LINE('',#3202,#3203);
#3202 = CARTESIAN_POINT('',(-1.18,-0.875,-4.28));
#3203 = VECTOR('',#3204,1.);
#3204 = DIRECTION('',(1.,0.,0.));
#3205 = PLANE('',#3206);
#3206 = AXIS2_PLACEMENT_3D('',#3207,#3208,#3209);
#3207 = CARTESIAN_POINT('',(-4.825,-1.27,-4.28));
#3208 = DIRECTION('',(0.,0.,-1.));
#3209 = DIRECTION('',(0.,1.,0.));
#3210 = ADVANCED_FACE('',(#3211),#3222,.T.);
#3211 = FACE_BOUND('',#3212,.F.);
#3212 = EDGE_LOOP('',(#3213,#3214,#3215,#3221));
#3213 = ORIENTED_EDGE('',*,*,#2990,.F.);
#3214 = ORIENTED_EDGE('',*,*,#2467,.F.);
#3215 = ORIENTED_EDGE('',*,*,#3216,.T.);
#3216 = EDGE_CURVE('',#2460,#2243,#3217,.T.);
#3217 = LINE('',#3218,#3219);
#3218 = CARTESIAN_POINT('',(-3.44,0.875,-4.28));
#3219 = VECTOR('',#3220,1.);
#3220 = DIRECTION('',(1.,0.,0.));
#3221 = ORIENTED_EDGE('',*,*,#2242,.T.);
#3222 = PLANE('',#3223);
#3223 = AXIS2_PLACEMENT_3D('',#3224,#3225,#3226);
#3224 = CARTESIAN_POINT('',(-4.825,-1.27,-4.28));
#3225 = DIRECTION('',(0.,0.,-1.));
#3226 = DIRECTION('',(0.,1.,0.));
#3227 = ADVANCED_FACE('',(#3228),#3246,.T.);
#3228 = FACE_BOUND('',#3229,.F.);
#3229 = EDGE_LOOP('',(#3230,#3231,#3239,#3245));
#3230 = ORIENTED_EDGE('',*,*,#3012,.F.);
#3231 = ORIENTED_EDGE('',*,*,#3232,.F.);
#3232 = EDGE_CURVE('',#3233,#3005,#3235,.T.);
#3233 = VERTEX_POINT('',#3234);
#3234 = CARTESIAN_POINT('',(-1.18,0.875,-4.28));
#3235 = LINE('',#3236,#3237);
#3236 = CARTESIAN_POINT('',(-1.18,0.875,-4.28));
#3237 = VECTOR('',#3238,1.);
#3238 = DIRECTION('',(0.,1.,0.));
#3239 = ORIENTED_EDGE('',*,*,#3240,.T.);
#3240 = EDGE_CURVE('',#3233,#1908,#3241,.T.);
#3241 = LINE('',#3242,#3243);
#3242 = CARTESIAN_POINT('',(-1.18,0.875,-4.28));
#3243 = VECTOR('',#3244,1.);
#3244 = DIRECTION('',(1.,0.,0.));
#3245 = ORIENTED_EDGE('',*,*,#1907,.T.);
#3246 = PLANE('',#3247);
#3247 = AXIS2_PLACEMENT_3D('',#3248,#3249,#3250);
#3248 = CARTESIAN_POINT('',(-4.825,-1.27,-4.28));
#3249 = DIRECTION('',(0.,0.,-1.));
#3250 = DIRECTION('',(0.,1.,0.));
#3251 = ADVANCED_FACE('',(#3252),#3263,.F.);
#3252 = FACE_BOUND('',#3253,.F.);
#3253 = EDGE_LOOP('',(#3254,#3255,#3261,#3262));
#3254 = ORIENTED_EDGE('',*,*,#901,.F.);
#3255 = ORIENTED_EDGE('',*,*,#3256,.T.);
#3256 = EDGE_CURVE('',#894,#2685,#3257,.T.);
#3257 = LINE('',#3258,#3259);
#3258 = CARTESIAN_POINT('',(4.825,-0.875,-3.68));
#3259 = VECTOR('',#3260,1.);
#3260 = DIRECTION('',(-1.,0.,0.));
#3261 = ORIENTED_EDGE('',*,*,#2684,.T.);
#3262 = ORIENTED_EDGE('',*,*,#3084,.T.);
#3263 = PLANE('',#3264);
#3264 = AXIS2_PLACEMENT_3D('',#3265,#3266,#3267);
#3265 = CARTESIAN_POINT('',(4.825,-0.875,-4.28));
#3266 = DIRECTION('',(0.,-1.,0.));
#3267 = DIRECTION('',(-1.,0.,0.));
#3268 = ADVANCED_FACE('',(#3269),#3287,.F.);
#3269 = FACE_BOUND('',#3270,.F.);
#3270 = EDGE_LOOP('',(#3271,#3272,#3273,#3281));
#3271 = ORIENTED_EDGE('',*,*,#3028,.T.);
#3272 = ORIENTED_EDGE('',*,*,#2572,.F.);
#3273 = ORIENTED_EDGE('',*,*,#3274,.T.);
#3274 = EDGE_CURVE('',#2565,#3275,#3277,.T.);
#3275 = VERTEX_POINT('',#3276);
#3276 = CARTESIAN_POINT('',(-4.825,-0.875,-3.68));
#3277 = LINE('',#3278,#3279);
#3278 = CARTESIAN_POINT('',(-3.89,-0.875,-3.68));
#3279 = VECTOR('',#3280,1.);
#3280 = DIRECTION('',(-1.,0.,0.));
#3281 = ORIENTED_EDGE('',*,*,#3282,.T.);
#3282 = EDGE_CURVE('',#3275,#3029,#3283,.T.);
#3283 = LINE('',#3284,#3285);
#3284 = CARTESIAN_POINT('',(-4.825,-0.875,-3.68));
#3285 = VECTOR('',#3286,1.);
#3286 = DIRECTION('',(0.,0.,-1.));
#3287 = PLANE('',#3288);
#3288 = AXIS2_PLACEMENT_3D('',#3289,#3290,#3291);
#3289 = CARTESIAN_POINT('',(4.825,-0.875,-4.28));
#3290 = DIRECTION('',(0.,-1.,0.));
#3291 = DIRECTION('',(-1.,0.,0.));
#3292 = ADVANCED_FACE('',(#3293),#3312,.F.);
#3293 = FACE_BOUND('',#3294,.F.);
#3294 = EDGE_LOOP('',(#3295,#3296,#3297,#3298,#3306));
#3295 = ORIENTED_EDGE('',*,*,#1806,.T.);
#3296 = ORIENTED_EDGE('',*,*,#3147,.T.);
#3297 = ORIENTED_EDGE('',*,*,#2798,.F.);
#3298 = ORIENTED_EDGE('',*,*,#3299,.T.);
#3299 = EDGE_CURVE('',#2791,#3300,#3302,.T.);
#3300 = VERTEX_POINT('',#3301);
#3301 = CARTESIAN_POINT('',(1.82,-0.875,-3.68));
#3302 = LINE('',#3303,#3304);
#3303 = CARTESIAN_POINT('',(3.44,-0.875,-3.68));
#3304 = VECTOR('',#3305,1.);
#3305 = DIRECTION('',(-1.,0.,0.));
#3306 = ORIENTED_EDGE('',*,*,#3307,.T.);
#3307 = EDGE_CURVE('',#3300,#1760,#3308,.T.);
#3308 = LINE('',#3309,#3310);
#3309 = CARTESIAN_POINT('',(1.82,-0.875,-3.68));
#3310 = VECTOR('',#3311,1.);
#3311 = DIRECTION('',(0.,0.,-1.));
#3312 = PLANE('',#3313);
#3313 = AXIS2_PLACEMENT_3D('',#3314,#3315,#3316);
#3314 = CARTESIAN_POINT('',(4.825,-0.875,-4.28));
#3315 = DIRECTION('',(0.,-1.,0.));
#3316 = DIRECTION('',(-1.,0.,0.));
#3317 = ADVANCED_FACE('',(#3318),#3352,.F.);
#3318 = FACE_BOUND('',#3319,.F.);
#3319 = EDGE_LOOP('',(#3320,#3328,#3329,#3330,#3338,#3346));
#3320 = ORIENTED_EDGE('',*,*,#3321,.T.);
#3321 = EDGE_CURVE('',#3322,#3186,#3324,.T.);
#3322 = VERTEX_POINT('',#3323);
#3323 = CARTESIAN_POINT('',(-1.18,-0.875,-4.25));
#3324 = LINE('',#3325,#3326);
#3325 = CARTESIAN_POINT('',(-1.18,-0.875,-4.25));
#3326 = VECTOR('',#3327,1.);
#3327 = DIRECTION('',(4.440892098501E-14,0.,-1.));
#3328 = ORIENTED_EDGE('',*,*,#3200,.T.);
#3329 = ORIENTED_EDGE('',*,*,#1955,.F.);
#3330 = ORIENTED_EDGE('',*,*,#3331,.F.);
#3331 = EDGE_CURVE('',#3332,#1948,#3334,.T.);
#3332 = VERTEX_POINT('',#3333);
#3333 = CARTESIAN_POINT('',(1.18,-0.875,-3.68));
#3334 = LINE('',#3335,#3336);
#3335 = CARTESIAN_POINT('',(1.18,-0.875,-3.68));
#3336 = VECTOR('',#3337,1.);
#3337 = DIRECTION('',(0.,0.,-1.));
#3338 = ORIENTED_EDGE('',*,*,#3339,.T.);
#3339 = EDGE_CURVE('',#3332,#3340,#3342,.T.);
#3340 = VERTEX_POINT('',#3341);
#3341 = CARTESIAN_POINT('',(-1.18,-0.875,-3.68));
#3342 = LINE('',#3343,#3344);
#3343 = CARTESIAN_POINT('',(1.18,-0.875,-3.68));
#3344 = VECTOR('',#3345,1.);
#3345 = DIRECTION('',(-1.,0.,0.));
#3346 = ORIENTED_EDGE('',*,*,#3347,.T.);
#3347 = EDGE_CURVE('',#3340,#3322,#3348,.T.);
#3348 = LINE('',#3349,#3350);
#3349 = CARTESIAN_POINT('',(-1.18,-0.875,-3.68));
#3350 = VECTOR('',#3351,1.);
#3351 = DIRECTION('',(0.,0.,-1.));
#3352 = PLANE('',#3353);
#3353 = AXIS2_PLACEMENT_3D('',#3354,#3355,#3356);
#3354 = CARTESIAN_POINT('',(4.825,-0.875,-4.28));
#3355 = DIRECTION('',(0.,-1.,0.));
#3356 = DIRECTION('',(-1.,0.,0.));
#3357 = ADVANCED_FACE('',(#3358),#3370,.F.);
#3358 = FACE_BOUND('',#3359,.F.);
#3359 = EDGE_LOOP('',(#3360,#3366,#3367,#3368,#3369));
#3360 = ORIENTED_EDGE('',*,*,#3361,.T.);
#3361 = EDGE_CURVE('',#263,#2444,#3362,.T.);
#3362 = LINE('',#3363,#3364);
#3363 = CARTESIAN_POINT('',(-1.82,-0.875,-3.68));
#3364 = VECTOR('',#3365,1.);
#3365 = DIRECTION('',(-1.,0.,0.));
#3366 = ORIENTED_EDGE('',*,*,#2443,.T.);
#3367 = ORIENTED_EDGE('',*,*,#3162,.T.);
#3368 = ORIENTED_EDGE('',*,*,#2158,.F.);
#3369 = ORIENTED_EDGE('',*,*,#270,.F.);
#3370 = PLANE('',#3371);
#3371 = AXIS2_PLACEMENT_3D('',#3372,#3373,#3374);
#3372 = CARTESIAN_POINT('',(4.825,-0.875,-4.28));
#3373 = DIRECTION('',(0.,-1.,0.));
#3374 = DIRECTION('',(-1.,0.,0.));
#3375 = ADVANCED_FACE('',(#3376),#3387,.T.);
#3376 = FACE_BOUND('',#3377,.F.);
#3377 = EDGE_LOOP('',(#3378,#3379,#3380,#3386));
#3378 = ORIENTED_EDGE('',*,*,#3256,.F.);
#3379 = ORIENTED_EDGE('',*,*,#893,.F.);
#3380 = ORIENTED_EDGE('',*,*,#3381,.F.);
#3381 = EDGE_CURVE('',#2693,#886,#3382,.T.);
#3382 = LINE('',#3383,#3384);
#3383 = CARTESIAN_POINT('',(3.89,0.875,-3.68));
#3384 = VECTOR('',#3385,1.);
#3385 = DIRECTION('',(1.,0.,0.));
#3386 = ORIENTED_EDGE('',*,*,#2692,.T.);
#3387 = PLANE('',#3388);
#3388 = AXIS2_PLACEMENT_3D('',#3389,#3390,#3391);
#3389 = CARTESIAN_POINT('',(-4.825,-1.27,-3.68));
#3390 = DIRECTION('',(0.,0.,-1.));
#3391 = DIRECTION('',(1.,0.,0.));
#3392 = ADVANCED_FACE('',(#3393),#3411,.T.);
#3393 = FACE_BOUND('',#3394,.F.);
#3394 = EDGE_LOOP('',(#3395,#3403,#3409,#3410));
#3395 = ORIENTED_EDGE('',*,*,#3396,.F.);
#3396 = EDGE_CURVE('',#3397,#2557,#3399,.T.);
#3397 = VERTEX_POINT('',#3398);
#3398 = CARTESIAN_POINT('',(-4.825,0.875,-3.68));
#3399 = LINE('',#3400,#3401);
#3400 = CARTESIAN_POINT('',(-4.825,0.875,-3.68));
#3401 = VECTOR('',#3402,1.);
#3402 = DIRECTION('',(1.,0.,0.));
#3403 = ORIENTED_EDGE('',*,*,#3404,.T.);
#3404 = EDGE_CURVE('',#3397,#3275,#3405,.T.);
#3405 = LINE('',#3406,#3407);
#3406 = CARTESIAN_POINT('',(-4.825,0.875,-3.68));
#3407 = VECTOR('',#3408,1.);
#3408 = DIRECTION('',(0.,-1.,0.));
#3409 = ORIENTED_EDGE('',*,*,#3274,.F.);
#3410 = ORIENTED_EDGE('',*,*,#2564,.F.);
#3411 = PLANE('',#3412);
#3412 = AXIS2_PLACEMENT_3D('',#3413,#3414,#3415);
#3413 = CARTESIAN_POINT('',(-4.825,-1.27,-3.68));
#3414 = DIRECTION('',(0.,0.,-1.));
#3415 = DIRECTION('',(1.,0.,0.));
#3416 = ADVANCED_FACE('',(#3417),#3435,.T.);
#3417 = FACE_BOUND('',#3418,.F.);
#3418 = EDGE_LOOP('',(#3419,#3420,#3421,#3429));
#3419 = ORIENTED_EDGE('',*,*,#3299,.F.);
#3420 = ORIENTED_EDGE('',*,*,#2790,.F.);
#3421 = ORIENTED_EDGE('',*,*,#3422,.F.);
#3422 = EDGE_CURVE('',#3423,#2783,#3425,.T.);
#3423 = VERTEX_POINT('',#3424);
#3424 = CARTESIAN_POINT('',(1.82,0.875,-3.68));
#3425 = LINE('',#3426,#3427);
#3426 = CARTESIAN_POINT('',(1.82,0.875,-3.68));
#3427 = VECTOR('',#3428,1.);
#3428 = DIRECTION('',(1.,0.,0.));
#3429 = ORIENTED_EDGE('',*,*,#3430,.T.);
#3430 = EDGE_CURVE('',#3423,#3300,#3431,.T.);
#3431 = LINE('',#3432,#3433);
#3432 = CARTESIAN_POINT('',(1.82,0.875,-3.68));
#3433 = VECTOR('',#3434,1.);
#3434 = DIRECTION('',(0.,-1.,0.));
#3435 = PLANE('',#3436);
#3436 = AXIS2_PLACEMENT_3D('',#3437,#3438,#3439);
#3437 = CARTESIAN_POINT('',(-4.825,-1.27,-3.68));
#3438 = DIRECTION('',(0.,0.,-1.));
#3439 = DIRECTION('',(1.,0.,0.));
#3440 = ADVANCED_FACE('',(#3441),#3466,.T.);
#3441 = FACE_BOUND('',#3442,.F.);
#3442 = EDGE_LOOP('',(#3443,#3444,#3452,#3460));
#3443 = ORIENTED_EDGE('',*,*,#3339,.F.);
#3444 = ORIENTED_EDGE('',*,*,#3445,.F.);
#3445 = EDGE_CURVE('',#3446,#3332,#3448,.T.);
#3446 = VERTEX_POINT('',#3447);
#3447 = CARTESIAN_POINT('',(1.18,0.875,-3.68));
#3448 = LINE('',#3449,#3450);
#3449 = CARTESIAN_POINT('',(1.18,0.875,-3.68));
#3450 = VECTOR('',#3451,1.);
#3451 = DIRECTION('',(0.,-1.,0.));
#3452 = ORIENTED_EDGE('',*,*,#3453,.F.);
#3453 = EDGE_CURVE('',#3454,#3446,#3456,.T.);
#3454 = VERTEX_POINT('',#3455);
#3455 = CARTESIAN_POINT('',(-1.18,0.875,-3.68));
#3456 = LINE('',#3457,#3458);
#3457 = CARTESIAN_POINT('',(-1.18,0.875,-3.68));
#3458 = VECTOR('',#3459,1.);
#3459 = DIRECTION('',(1.,0.,0.));
#3460 = ORIENTED_EDGE('',*,*,#3461,.T.);
#3461 = EDGE_CURVE('',#3454,#3340,#3462,.T.);
#3462 = LINE('',#3463,#3464);
#3463 = CARTESIAN_POINT('',(-1.18,0.875,-3.68));
#3464 = VECTOR('',#3465,1.);
#3465 = DIRECTION('',(0.,-1.,0.));
#3466 = PLANE('',#3467);
#3467 = AXIS2_PLACEMENT_3D('',#3468,#3469,#3470);
#3468 = CARTESIAN_POINT('',(-4.825,-1.27,-3.68));
#3469 = DIRECTION('',(0.,0.,-1.));
#3470 = DIRECTION('',(1.,0.,0.));
#3471 = ADVANCED_FACE('',(#3472),#3483,.T.);
#3472 = FACE_BOUND('',#3473,.F.);
#3473 = EDGE_LOOP('',(#3474,#3480,#3481,#3482));
#3474 = ORIENTED_EDGE('',*,*,#3475,.F.);
#3475 = EDGE_CURVE('',#2452,#255,#3476,.T.);
#3476 = LINE('',#3477,#3478);
#3477 = CARTESIAN_POINT('',(-3.44,0.875,-3.68));
#3478 = VECTOR('',#3479,1.);
#3479 = DIRECTION('',(1.,0.,0.));
#3480 = ORIENTED_EDGE('',*,*,#2451,.T.);
#3481 = ORIENTED_EDGE('',*,*,#3361,.F.);
#3482 = ORIENTED_EDGE('',*,*,#262,.F.);
#3483 = PLANE('',#3484);
#3484 = AXIS2_PLACEMENT_3D('',#3485,#3486,#3487);
#3485 = CARTESIAN_POINT('',(-4.825,-1.27,-3.68));
#3486 = DIRECTION('',(0.,0.,-1.));
#3487 = DIRECTION('',(1.,0.,0.));
#3488 = ADVANCED_FACE('',(#3489),#3495,.F.);
#3489 = FACE_BOUND('',#3490,.F.);
#3490 = EDGE_LOOP('',(#3491,#3492,#3493,#3494));
#3491 = ORIENTED_EDGE('',*,*,#885,.F.);
#3492 = ORIENTED_EDGE('',*,*,#3108,.F.);
#3493 = ORIENTED_EDGE('',*,*,#2700,.T.);
#3494 = ORIENTED_EDGE('',*,*,#3381,.T.);
#3495 = PLANE('',#3496);
#3496 = AXIS2_PLACEMENT_3D('',#3497,#3498,#3499);
#3497 = CARTESIAN_POINT('',(-4.825,0.875,-4.28));
#3498 = DIRECTION('',(0.,1.,0.));
#3499 = DIRECTION('',(1.,0.,0.));
#3500 = ADVANCED_FACE('',(#3501),#3512,.F.);
#3501 = FACE_BOUND('',#3502,.F.);
#3502 = EDGE_LOOP('',(#3503,#3504,#3510,#3511));
#3503 = ORIENTED_EDGE('',*,*,#3059,.F.);
#3504 = ORIENTED_EDGE('',*,*,#3505,.F.);
#3505 = EDGE_CURVE('',#3397,#3060,#3506,.T.);
#3506 = LINE('',#3507,#3508);
#3507 = CARTESIAN_POINT('',(-4.825,0.875,-3.68));
#3508 = VECTOR('',#3509,1.);
#3509 = DIRECTION('',(0.,0.,-1.));
#3510 = ORIENTED_EDGE('',*,*,#3396,.T.);
#3511 = ORIENTED_EDGE('',*,*,#2556,.T.);
#3512 = PLANE('',#3513);
#3513 = AXIS2_PLACEMENT_3D('',#3514,#3515,#3516);
#3514 = CARTESIAN_POINT('',(-4.825,0.875,-4.28));
#3515 = DIRECTION('',(0.,1.,0.));
#3516 = DIRECTION('',(1.,0.,0.));
#3517 = ADVANCED_FACE('',(#3518),#3530,.F.);
#3518 = FACE_BOUND('',#3519,.F.);
#3519 = EDGE_LOOP('',(#3520,#3521,#3522,#3523,#3524));
#3520 = ORIENTED_EDGE('',*,*,#3422,.T.);
#3521 = ORIENTED_EDGE('',*,*,#2782,.F.);
#3522 = ORIENTED_EDGE('',*,*,#3124,.F.);
#3523 = ORIENTED_EDGE('',*,*,#1711,.F.);
#3524 = ORIENTED_EDGE('',*,*,#3525,.F.);
#3525 = EDGE_CURVE('',#3423,#1704,#3526,.T.);
#3526 = LINE('',#3527,#3528);
#3527 = CARTESIAN_POINT('',(1.82,0.875,-3.68));
#3528 = VECTOR('',#3529,1.);
#3529 = DIRECTION('',(0.,0.,-1.));
#3530 = PLANE('',#3531);
#3531 = AXIS2_PLACEMENT_3D('',#3532,#3533,#3534);
#3532 = CARTESIAN_POINT('',(-4.825,0.875,-4.28));
#3533 = DIRECTION('',(0.,1.,0.));
#3534 = DIRECTION('',(1.,0.,0.));
#3535 = ADVANCED_FACE('',(#3536),#3561,.F.);
#3536 = FACE_BOUND('',#3537,.F.);
#3537 = EDGE_LOOP('',(#3538,#3539,#3545,#3546,#3547,#3555));
#3538 = ORIENTED_EDGE('',*,*,#3453,.T.);
#3539 = ORIENTED_EDGE('',*,*,#3540,.T.);
#3540 = EDGE_CURVE('',#3446,#1916,#3541,.T.);
#3541 = LINE('',#3542,#3543);
#3542 = CARTESIAN_POINT('',(1.18,0.875,-3.68));
#3543 = VECTOR('',#3544,1.);
#3544 = DIRECTION('',(0.,0.,-1.));
#3545 = ORIENTED_EDGE('',*,*,#1915,.T.);
#3546 = ORIENTED_EDGE('',*,*,#3240,.F.);
#3547 = ORIENTED_EDGE('',*,*,#3548,.F.);
#3548 = EDGE_CURVE('',#3549,#3233,#3551,.T.);
#3549 = VERTEX_POINT('',#3550);
#3550 = CARTESIAN_POINT('',(-1.18,0.875,-4.25));
#3551 = LINE('',#3552,#3553);
#3552 = CARTESIAN_POINT('',(-1.18,0.875,-4.25));
#3553 = VECTOR('',#3554,1.);
#3554 = DIRECTION('',(3.700743415417E-14,0.,-1.));
#3555 = ORIENTED_EDGE('',*,*,#3556,.F.);
#3556 = EDGE_CURVE('',#3454,#3549,#3557,.T.);
#3557 = LINE('',#3558,#3559);
#3558 = CARTESIAN_POINT('',(-1.18,0.875,-3.68));
#3559 = VECTOR('',#3560,1.);
#3560 = DIRECTION('',(0.,0.,-1.));
#3561 = PLANE('',#3562);
#3562 = AXIS2_PLACEMENT_3D('',#3563,#3564,#3565);
#3563 = CARTESIAN_POINT('',(-4.825,0.875,-4.28));
#3564 = DIRECTION('',(0.,1.,0.));
#3565 = DIRECTION('',(1.,0.,0.));
#3566 = ADVANCED_FACE('',(#3567),#3574,.F.);
#3567 = FACE_BOUND('',#3568,.F.);
#3568 = EDGE_LOOP('',(#3569,#3570,#3571,#3572,#3573));
#3569 = ORIENTED_EDGE('',*,*,#2250,.T.);
#3570 = ORIENTED_EDGE('',*,*,#3216,.F.);
#3571 = ORIENTED_EDGE('',*,*,#2459,.F.);
#3572 = ORIENTED_EDGE('',*,*,#3475,.T.);
#3573 = ORIENTED_EDGE('',*,*,#254,.T.);
#3574 = PLANE('',#3575);
#3575 = AXIS2_PLACEMENT_3D('',#3576,#3577,#3578);
#3576 = CARTESIAN_POINT('',(-4.825,0.875,-4.28));
#3577 = DIRECTION('',(0.,1.,0.));
#3578 = DIRECTION('',(1.,0.,0.));
#3579 = ADVANCED_FACE('',(#3580),#3641,.F.);
#3580 = FACE_BOUND('',#3581,.F.);
#3581 = EDGE_LOOP('',(#3582,#3590,#3596,#3597,#3603,#3604,#3605,#3606,
    #3607,#3608,#3609,#3610,#3611,#3617,#3625,#3633,#3639,#3640));
#3582 = ORIENTED_EDGE('',*,*,#3583,.T.);
#3583 = EDGE_CURVE('',#1381,#3584,#3586,.T.);
#3584 = VERTEX_POINT('',#3585);
#3585 = CARTESIAN_POINT('',(-4.825,-1.57,-6.1));
#3586 = LINE('',#3587,#3588);
#3587 = CARTESIAN_POINT('',(-4.825,-2.47,-6.1));
#3588 = VECTOR('',#3589,1.);
#3589 = DIRECTION('',(0.,1.,0.));
#3590 = ORIENTED_EDGE('',*,*,#3591,.F.);
#3591 = EDGE_CURVE('',#1613,#3584,#3592,.T.);
#3592 = LINE('',#3593,#3594);
#3593 = CARTESIAN_POINT('',(-4.825,-1.57,-4.95));
#3594 = VECTOR('',#3595,1.);
#3595 = DIRECTION('',(0.,0.,-1.));
#3596 = ORIENTED_EDGE('',*,*,#1645,.T.);
#3597 = ORIENTED_EDGE('',*,*,#3598,.T.);
#3598 = EDGE_CURVE('',#1638,#3037,#3599,.T.);
#3599 = LINE('',#3600,#3601);
#3600 = CARTESIAN_POINT('',(-4.825,-1.27,-4.95));
#3601 = VECTOR('',#3602,1.);
#3602 = DIRECTION('',(0.,0.,1.));
#3603 = ORIENTED_EDGE('',*,*,#3036,.T.);
#3604 = ORIENTED_EDGE('',*,*,#3282,.F.);
#3605 = ORIENTED_EDGE('',*,*,#3404,.F.);
#3606 = ORIENTED_EDGE('',*,*,#3505,.T.);
#3607 = ORIENTED_EDGE('',*,*,#3069,.T.);
#3608 = ORIENTED_EDGE('',*,*,#2956,.T.);
#3609 = ORIENTED_EDGE('',*,*,#2857,.T.);
#3610 = ORIENTED_EDGE('',*,*,#2088,.T.);
#3611 = ORIENTED_EDGE('',*,*,#3612,.F.);
#3612 = EDGE_CURVE('',#759,#2081,#3613,.T.);
#3613 = LINE('',#3614,#3615);
#3614 = CARTESIAN_POINT('',(-4.825,1.25,3.55));
#3615 = VECTOR('',#3616,1.);
#3616 = DIRECTION('',(0.,1.,0.));
#3617 = ORIENTED_EDGE('',*,*,#3618,.F.);
#3618 = EDGE_CURVE('',#3619,#759,#3621,.T.);
#3619 = VERTEX_POINT('',#3620);
#3620 = CARTESIAN_POINT('',(-4.825,-0.75,3.55));
#3621 = LINE('',#3622,#3623);
#3622 = CARTESIAN_POINT('',(-4.825,-0.75,3.55));
#3623 = VECTOR('',#3624,1.);
#3624 = DIRECTION('',(0.,1.,0.));
#3625 = ORIENTED_EDGE('',*,*,#3626,.F.);
#3626 = EDGE_CURVE('',#3627,#3619,#3629,.T.);
#3627 = VERTEX_POINT('',#3628);
#3628 = CARTESIAN_POINT('',(-4.825,-1.43,3.55));
#3629 = LINE('',#3630,#3631);
#3630 = CARTESIAN_POINT('',(-4.825,-1.43,3.55));
#3631 = VECTOR('',#3632,1.);
#3632 = DIRECTION('',(0.,1.,0.));
#3633 = ORIENTED_EDGE('',*,*,#3634,.F.);
#3634 = EDGE_CURVE('',#2631,#3627,#3635,.T.);
#3635 = LINE('',#3636,#3637);
#3636 = CARTESIAN_POINT('',(-4.825,-1.43,-3.1));
#3637 = VECTOR('',#3638,1.);
#3638 = DIRECTION('',(0.,0.,1.));
#3639 = ORIENTED_EDGE('',*,*,#2630,.F.);
#3640 = ORIENTED_EDGE('',*,*,#1388,.T.);
#3641 = PLANE('',#3642);
#3642 = AXIS2_PLACEMENT_3D('',#3643,#3644,#3645);
#3643 = CARTESIAN_POINT('',(-4.825,0.,0.));
#3644 = DIRECTION('',(1.,0.,0.));
#3645 = DIRECTION('',(0.,0.,-1.));
#3646 = ADVANCED_FACE('',(#3647),#3663,.T.);
#3647 = FACE_BOUND('',#3648,.F.);
#3648 = EDGE_LOOP('',(#3649,#3650,#3656,#3657));
#3649 = ORIENTED_EDGE('',*,*,#3583,.F.);
#3650 = ORIENTED_EDGE('',*,*,#3651,.F.);
#3651 = EDGE_CURVE('',#1293,#1381,#3652,.T.);
#3652 = LINE('',#3653,#3654);
#3653 = CARTESIAN_POINT('',(-4.525,-2.17,-6.35));
#3654 = VECTOR('',#3655,1.);
#3655 = DIRECTION('',(-0.60920769908,-0.60920769908,0.507673082567));
#3656 = ORIENTED_EDGE('',*,*,#1292,.T.);
#3657 = ORIENTED_EDGE('',*,*,#3658,.T.);
#3658 = EDGE_CURVE('',#1285,#3584,#3659,.T.);
#3659 = LINE('',#3660,#3661);
#3660 = CARTESIAN_POINT('',(-4.525,-1.87,-6.35));
#3661 = VECTOR('',#3662,1.);
#3662 = DIRECTION('',(-0.60920769908,0.60920769908,0.507673082567));
#3663 = PLANE('',#3664);
#3664 = AXIS2_PLACEMENT_3D('',#3665,#3666,#3667);
#3665 = CARTESIAN_POINT('',(-4.675,-2.02,-6.225));
#3666 = DIRECTION('',(-0.640184399664,0.,-0.768221279597));
#3667 = DIRECTION('',(-0.768221279597,0.,0.640184399664));
#3668 = ADVANCED_FACE('',(#3669),#3680,.T.);
#3669 = FACE_BOUND('',#3670,.F.);
#3670 = EDGE_LOOP('',(#3671,#3672,#3673,#3674));
#3671 = ORIENTED_EDGE('',*,*,#1300,.T.);
#3672 = ORIENTED_EDGE('',*,*,#3651,.T.);
#3673 = ORIENTED_EDGE('',*,*,#1378,.F.);
#3674 = ORIENTED_EDGE('',*,*,#3675,.T.);
#3675 = EDGE_CURVE('',#1379,#1277,#3676,.T.);
#3676 = LINE('',#3677,#3678);
#3677 = CARTESIAN_POINT('',(-4.175,-2.47,-6.1));
#3678 = VECTOR('',#3679,1.);
#3679 = DIRECTION('',(-0.60920769908,0.60920769908,-0.507673082567));
#3680 = PLANE('',#3681);
#3681 = AXIS2_PLACEMENT_3D('',#3682,#3683,#3684);
#3682 = CARTESIAN_POINT('',(-4.5,-2.32,-6.225));
#3683 = DIRECTION('',(0.,-0.640184399664,-0.768221279597));
#3684 = DIRECTION('',(0.,-0.768221279597,0.640184399664));
#3685 = ADVANCED_FACE('',(#3686),#3704,.T.);
#3686 = FACE_BOUND('',#3687,.F.);
#3687 = EDGE_LOOP('',(#3688,#3689,#3690,#3698));
#3688 = ORIENTED_EDGE('',*,*,#1274,.T.);
#3689 = ORIENTED_EDGE('',*,*,#3675,.F.);
#3690 = ORIENTED_EDGE('',*,*,#3691,.F.);
#3691 = EDGE_CURVE('',#3692,#1379,#3694,.T.);
#3692 = VERTEX_POINT('',#3693);
#3693 = CARTESIAN_POINT('',(-4.175,-1.57,-6.1));
#3694 = LINE('',#3695,#3696);
#3695 = CARTESIAN_POINT('',(-4.175,-1.57,-6.1));
#3696 = VECTOR('',#3697,1.);
#3697 = DIRECTION('',(0.,-1.,0.));
#3698 = ORIENTED_EDGE('',*,*,#3699,.T.);
#3699 = EDGE_CURVE('',#3692,#1275,#3700,.T.);
#3700 = LINE('',#3701,#3702);
#3701 = CARTESIAN_POINT('',(-4.175,-1.57,-6.1));
#3702 = VECTOR('',#3703,1.);
#3703 = DIRECTION('',(-0.60920769908,-0.60920769908,-0.507673082567));
#3704 = PLANE('',#3705);
#3705 = AXIS2_PLACEMENT_3D('',#3706,#3707,#3708);
#3706 = CARTESIAN_POINT('',(-4.325,-2.02,-6.225));
#3707 = DIRECTION('',(0.640184399664,0.,-0.768221279597));
#3708 = DIRECTION('',(0.768221279597,0.,0.640184399664));
#3709 = ADVANCED_FACE('',(#3710),#3721,.T.);
#3710 = FACE_BOUND('',#3711,.F.);
#3711 = EDGE_LOOP('',(#3712,#3713,#3714,#3715));
#3712 = ORIENTED_EDGE('',*,*,#3691,.T.);
#3713 = ORIENTED_EDGE('',*,*,#1420,.F.);
#3714 = ORIENTED_EDGE('',*,*,#1622,.T.);
#3715 = ORIENTED_EDGE('',*,*,#3716,.T.);
#3716 = EDGE_CURVE('',#1615,#3692,#3717,.T.);
#3717 = LINE('',#3718,#3719);
#3718 = CARTESIAN_POINT('',(-4.175,-1.57,-4.95));
#3719 = VECTOR('',#3720,1.);
#3720 = DIRECTION('',(0.,0.,-1.));
#3721 = PLANE('',#3722);
#3722 = AXIS2_PLACEMENT_3D('',#3723,#3724,#3725);
#3723 = CARTESIAN_POINT('',(-4.175,-1.57,-4.95));
#3724 = DIRECTION('',(1.,0.,0.));
#3725 = DIRECTION('',(0.,-1.,0.));
#3726 = ADVANCED_FACE('',(#3727),#3738,.T.);
#3727 = FACE_BOUND('',#3728,.F.);
#3728 = EDGE_LOOP('',(#3729,#3735,#3736,#3737));
#3729 = ORIENTED_EDGE('',*,*,#3730,.T.);
#3730 = EDGE_CURVE('',#3584,#3692,#3731,.T.);
#3731 = LINE('',#3732,#3733);
#3732 = CARTESIAN_POINT('',(-4.825,-1.57,-6.1));
#3733 = VECTOR('',#3734,1.);
#3734 = DIRECTION('',(1.,0.,0.));
#3735 = ORIENTED_EDGE('',*,*,#3716,.F.);
#3736 = ORIENTED_EDGE('',*,*,#1612,.F.);
#3737 = ORIENTED_EDGE('',*,*,#3591,.T.);
#3738 = PLANE('',#3739);
#3739 = AXIS2_PLACEMENT_3D('',#3740,#3741,#3742);
#3740 = CARTESIAN_POINT('',(-4.825,-1.57,-4.95));
#3741 = DIRECTION('',(0.,1.,0.));
#3742 = DIRECTION('',(1.,0.,0.));
#3743 = ADVANCED_FACE('',(#3744),#3750,.T.);
#3744 = FACE_BOUND('',#3745,.F.);
#3745 = EDGE_LOOP('',(#3746,#3747,#3748,#3749));
#3746 = ORIENTED_EDGE('',*,*,#3730,.F.);
#3747 = ORIENTED_EDGE('',*,*,#3658,.F.);
#3748 = ORIENTED_EDGE('',*,*,#1284,.T.);
#3749 = ORIENTED_EDGE('',*,*,#3699,.F.);
#3750 = PLANE('',#3751);
#3751 = AXIS2_PLACEMENT_3D('',#3752,#3753,#3754);
#3752 = CARTESIAN_POINT('',(-4.5,-1.72,-6.225));
#3753 = DIRECTION('',(0.,0.640184399664,-0.768221279597));
#3754 = DIRECTION('',(0.,0.768221279597,0.640184399664));
#3755 = ADVANCED_FACE('',(#3756),#3762,.T.);
#3756 = FACE_BOUND('',#3757,.F.);
#3757 = EDGE_LOOP('',(#3758,#3759,#3760,#3761));
#3758 = ORIENTED_EDGE('',*,*,#2668,.F.);
#3759 = ORIENTED_EDGE('',*,*,#1662,.T.);
#3760 = ORIENTED_EDGE('',*,*,#917,.T.);
#3761 = ORIENTED_EDGE('',*,*,#3091,.F.);
#3762 = PLANE('',#3763);
#3763 = AXIS2_PLACEMENT_3D('',#3764,#3765,#3766);
#3764 = CARTESIAN_POINT('',(-4.825,-1.27,-4.95));
#3765 = DIRECTION('',(0.,1.,0.));
#3766 = DIRECTION('',(0.,-0.,1.));
#3767 = ADVANCED_FACE('',(#3768),#3774,.T.);
#3768 = FACE_BOUND('',#3769,.F.);
#3769 = EDGE_LOOP('',(#3770,#3771,#3772,#3773));
#3770 = ORIENTED_EDGE('',*,*,#1637,.T.);
#3771 = ORIENTED_EDGE('',*,*,#2588,.T.);
#3772 = ORIENTED_EDGE('',*,*,#3044,.F.);
#3773 = ORIENTED_EDGE('',*,*,#3598,.F.);
#3774 = PLANE('',#3775);
#3775 = AXIS2_PLACEMENT_3D('',#3776,#3777,#3778);
#3776 = CARTESIAN_POINT('',(-4.825,-1.27,-4.95));
#3777 = DIRECTION('',(0.,1.,0.));
#3778 = DIRECTION('',(0.,-0.,1.));
#3779 = ADVANCED_FACE('',(#3780),#3786,.T.);
#3780 = FACE_BOUND('',#3781,.F.);
#3781 = EDGE_LOOP('',(#3782,#3783,#3784,#3785));
#3782 = ORIENTED_EDGE('',*,*,#3140,.F.);
#3783 = ORIENTED_EDGE('',*,*,#1790,.F.);
#3784 = ORIENTED_EDGE('',*,*,#1518,.T.);
#3785 = ORIENTED_EDGE('',*,*,#2814,.T.);
#3786 = PLANE('',#3787);
#3787 = AXIS2_PLACEMENT_3D('',#3788,#3789,#3790);
#3788 = CARTESIAN_POINT('',(-4.825,-1.27,-4.95));
#3789 = DIRECTION('',(0.,1.,0.));
#3790 = DIRECTION('',(0.,-0.,1.));
#3791 = ADVANCED_FACE('',(#3792),#3798,.T.);
#3792 = FACE_BOUND('',#3793,.F.);
#3793 = EDGE_LOOP('',(#3794,#3795,#3796,#3797));
#3794 = ORIENTED_EDGE('',*,*,#2174,.T.);
#3795 = ORIENTED_EDGE('',*,*,#3169,.F.);
#3796 = ORIENTED_EDGE('',*,*,#2427,.F.);
#3797 = ORIENTED_EDGE('',*,*,#1542,.T.);
#3798 = PLANE('',#3799);
#3799 = AXIS2_PLACEMENT_3D('',#3800,#3801,#3802);
#3800 = CARTESIAN_POINT('',(-4.825,-1.27,-4.95));
#3801 = DIRECTION('',(0.,1.,0.));
#3802 = DIRECTION('',(0.,-0.,1.));
#3803 = ADVANCED_FACE('',(#3804),#3815,.T.);
#3804 = FACE_BOUND('',#3805,.F.);
#3805 = EDGE_LOOP('',(#3806,#3812,#3813,#3814));
#3806 = ORIENTED_EDGE('',*,*,#3807,.F.);
#3807 = EDGE_CURVE('',#1575,#3184,#3808,.T.);
#3808 = LINE('',#3809,#3810);
#3809 = CARTESIAN_POINT('',(-1.18,-1.27,-4.95));
#3810 = VECTOR('',#3811,1.);
#3811 = DIRECTION('',(0.,0.,1.));
#3812 = ORIENTED_EDGE('',*,*,#1598,.T.);
#3813 = ORIENTED_EDGE('',*,*,#1971,.T.);
#3814 = ORIENTED_EDGE('',*,*,#3193,.F.);
#3815 = PLANE('',#3816);
#3816 = AXIS2_PLACEMENT_3D('',#3817,#3818,#3819);
#3817 = CARTESIAN_POINT('',(-4.825,-1.27,-4.95));
#3818 = DIRECTION('',(0.,1.,0.));
#3819 = DIRECTION('',(0.,-0.,1.));
#3820 = ADVANCED_FACE('',(#3821),#3836,.F.);
#3821 = FACE_BOUND('',#3822,.F.);
#3822 = EDGE_LOOP('',(#3823,#3824,#3825,#3826,#3827,#3828,#3829,#3830));
#3823 = ORIENTED_EDGE('',*,*,#2273,.F.);
#3824 = ORIENTED_EDGE('',*,*,#2305,.T.);
#3825 = ORIENTED_EDGE('',*,*,#2404,.F.);
#3826 = ORIENTED_EDGE('',*,*,#1572,.T.);
#3827 = ORIENTED_EDGE('',*,*,#3807,.T.);
#3828 = ORIENTED_EDGE('',*,*,#3183,.T.);
#3829 = ORIENTED_EDGE('',*,*,#3321,.F.);
#3830 = ORIENTED_EDGE('',*,*,#3831,.F.);
#3831 = EDGE_CURVE('',#2274,#3322,#3832,.T.);
#3832 = LINE('',#3833,#3834);
#3833 = CARTESIAN_POINT('',(-1.18,-1.65,-4.25));
#3834 = VECTOR('',#3835,1.);
#3835 = DIRECTION('',(0.,1.,0.));
#3836 = PLANE('',#3837);
#3837 = AXIS2_PLACEMENT_3D('',#3838,#3839,#3840);
#3838 = CARTESIAN_POINT('',(-1.18,1.93,-3.6));
#3839 = DIRECTION('',(1.,0.,0.));
#3840 = DIRECTION('',(0.,0.,-1.));
#3841 = ADVANCED_FACE('',(#3842),#3864,.F.);
#3842 = FACE_BOUND('',#3843,.F.);
#3843 = EDGE_LOOP('',(#3844,#3852,#3853,#3854,#3855,#3856,#3857,#3858));
#3844 = ORIENTED_EDGE('',*,*,#3845,.F.);
#3845 = EDGE_CURVE('',#3549,#3846,#3848,.T.);
#3846 = VERTEX_POINT('',#3847);
#3847 = CARTESIAN_POINT('',(-1.18,1.05,-4.25));
#3848 = LINE('',#3849,#3850);
#3849 = CARTESIAN_POINT('',(-1.18,0.875,-4.25));
#3850 = VECTOR('',#3851,1.);
#3851 = DIRECTION('',(0.,1.,0.));
#3852 = ORIENTED_EDGE('',*,*,#3548,.T.);
#3853 = ORIENTED_EDGE('',*,*,#3232,.T.);
#3854 = ORIENTED_EDGE('',*,*,#3004,.T.);
#3855 = ORIENTED_EDGE('',*,*,#2905,.T.);
#3856 = ORIENTED_EDGE('',*,*,#2017,.T.);
#3857 = ORIENTED_EDGE('',*,*,#2327,.T.);
#3858 = ORIENTED_EDGE('',*,*,#3859,.T.);
#3859 = EDGE_CURVE('',#2320,#3846,#3860,.T.);
#3860 = LINE('',#3861,#3862);
#3861 = CARTESIAN_POINT('',(-1.18,1.05,-3.6));
#3862 = VECTOR('',#3863,1.);
#3863 = DIRECTION('',(0.,0.,-1.));
#3864 = PLANE('',#3865);
#3865 = AXIS2_PLACEMENT_3D('',#3866,#3867,#3868);
#3866 = CARTESIAN_POINT('',(-1.18,1.93,-3.6));
#3867 = DIRECTION('',(1.,0.,0.));
#3868 = DIRECTION('',(0.,0.,-1.));
#3869 = ADVANCED_FACE('',(#3870),#3890,.T.);
#3870 = FACE_BOUND('',#3871,.F.);
#3871 = EDGE_LOOP('',(#3872,#3873,#3874,#3875,#3883,#3889));
#3872 = ORIENTED_EDGE('',*,*,#2152,.F.);
#3873 = ORIENTED_EDGE('',*,*,#2281,.F.);
#3874 = ORIENTED_EDGE('',*,*,#3831,.T.);
#3875 = ORIENTED_EDGE('',*,*,#3876,.T.);
#3876 = EDGE_CURVE('',#3322,#3877,#3879,.T.);
#3877 = VERTEX_POINT('',#3878);
#3878 = CARTESIAN_POINT('',(-1.18,-0.32,-4.25));
#3879 = LINE('',#3880,#3881);
#3880 = CARTESIAN_POINT('',(-1.18,-0.875,-4.25));
#3881 = VECTOR('',#3882,1.);
#3882 = DIRECTION('',(0.,1.,0.));
#3883 = ORIENTED_EDGE('',*,*,#3884,.T.);
#3884 = EDGE_CURVE('',#3877,#279,#3885,.T.);
#3885 = LINE('',#3886,#3887);
#3886 = CARTESIAN_POINT('',(-1.18,-0.32,-4.25));
#3887 = VECTOR('',#3888,1.);
#3888 = DIRECTION('',(-1.,0.,0.));
#3889 = ORIENTED_EDGE('',*,*,#278,.F.);
#3890 = PLANE('',#3891);
#3891 = AXIS2_PLACEMENT_3D('',#3892,#3893,#3894);
#3892 = CARTESIAN_POINT('',(-1.18,-1.65,-4.25));
#3893 = DIRECTION('',(0.,0.,-1.));
#3894 = DIRECTION('',(0.,1.,0.));
#3895 = ADVANCED_FACE('',(#3896),#3914,.T.);
#3896 = FACE_BOUND('',#3897,.F.);
#3897 = EDGE_LOOP('',(#3898,#3906,#3907,#3908));
#3898 = ORIENTED_EDGE('',*,*,#3899,.F.);
#3899 = EDGE_CURVE('',#332,#3900,#3902,.T.);
#3900 = VERTEX_POINT('',#3901);
#3901 = CARTESIAN_POINT('',(-1.18,-0.32,1.95));
#3902 = LINE('',#3903,#3904);
#3903 = CARTESIAN_POINT('',(-1.18,0.32,1.95));
#3904 = VECTOR('',#3905,1.);
#3905 = DIRECTION('',(0.,-1.,0.));
#3906 = ORIENTED_EDGE('',*,*,#372,.F.);
#3907 = ORIENTED_EDGE('',*,*,#420,.F.);
#3908 = ORIENTED_EDGE('',*,*,#3909,.F.);
#3909 = EDGE_CURVE('',#3900,#421,#3910,.T.);
#3910 = LINE('',#3911,#3912);
#3911 = CARTESIAN_POINT('',(-1.18,-0.32,1.95));
#3912 = VECTOR('',#3913,1.);
#3913 = DIRECTION('',(0.,0.,-1.));
#3914 = PLANE('',#3915);
#3915 = AXIS2_PLACEMENT_3D('',#3916,#3917,#3918);
#3916 = CARTESIAN_POINT('',(-1.18,0.,0.));
#3917 = DIRECTION('',(1.,0.,0.));
#3918 = DIRECTION('',(0.,0.,-1.));
#3919 = ADVANCED_FACE('',(#3920),#3947,.T.);
#3920 = FACE_BOUND('',#3921,.F.);
#3921 = EDGE_LOOP('',(#3922,#3930,#3936,#3937,#3938,#3939,#3940,#3946));
#3922 = ORIENTED_EDGE('',*,*,#3923,.F.);
#3923 = EDGE_CURVE('',#3924,#79,#3926,.T.);
#3924 = VERTEX_POINT('',#3925);
#3925 = CARTESIAN_POINT('',(-1.18,-0.32,-7.53));
#3926 = LINE('',#3927,#3928);
#3927 = CARTESIAN_POINT('',(-1.18,-0.32,-7.53));
#3928 = VECTOR('',#3929,1.);
#3929 = DIRECTION('',(0.,1.,0.));
#3930 = ORIENTED_EDGE('',*,*,#3931,.F.);
#3931 = EDGE_CURVE('',#3877,#3924,#3932,.T.);
#3932 = LINE('',#3933,#3934);
#3933 = CARTESIAN_POINT('',(-1.18,-0.32,-4.25));
#3934 = VECTOR('',#3935,1.);
#3935 = DIRECTION('',(0.,0.,-1.));
#3936 = ORIENTED_EDGE('',*,*,#3876,.F.);
#3937 = ORIENTED_EDGE('',*,*,#3347,.F.);
#3938 = ORIENTED_EDGE('',*,*,#3461,.F.);
#3939 = ORIENTED_EDGE('',*,*,#3556,.T.);
#3940 = ORIENTED_EDGE('',*,*,#3941,.F.);
#3941 = EDGE_CURVE('',#89,#3549,#3942,.T.);
#3942 = LINE('',#3943,#3944);
#3943 = CARTESIAN_POINT('',(-1.18,0.32,-4.25));
#3944 = VECTOR('',#3945,1.);
#3945 = DIRECTION('',(0.,1.,0.));
#3946 = ORIENTED_EDGE('',*,*,#88,.F.);
#3947 = PLANE('',#3948);
#3948 = AXIS2_PLACEMENT_3D('',#3949,#3950,#3951);
#3949 = CARTESIAN_POINT('',(-1.18,0.,0.));
#3950 = DIRECTION('',(1.,0.,0.));
#3951 = DIRECTION('',(0.,0.,-1.));
#3952 = ADVANCED_FACE('',(#3953),#3971,.T.);
#3953 = FACE_BOUND('',#3954,.F.);
#3954 = EDGE_LOOP('',(#3955,#3963,#3964,#3965));
#3955 = ORIENTED_EDGE('',*,*,#3956,.F.);
#3956 = EDGE_CURVE('',#340,#3957,#3959,.T.);
#3957 = VERTEX_POINT('',#3958);
#3958 = CARTESIAN_POINT('',(-1.38,-0.12,2.55));
#3959 = LINE('',#3960,#3961);
#3960 = CARTESIAN_POINT('',(-1.38,0.12,2.55));
#3961 = VECTOR('',#3962,1.);
#3962 = DIRECTION('',(0.,-1.,0.));
#3963 = ORIENTED_EDGE('',*,*,#339,.T.);
#3964 = ORIENTED_EDGE('',*,*,#3899,.T.);
#3965 = ORIENTED_EDGE('',*,*,#3966,.T.);
#3966 = EDGE_CURVE('',#3900,#3957,#3967,.T.);
#3967 = LINE('',#3968,#3969);
#3968 = CARTESIAN_POINT('',(-1.18,-0.32,1.95));
#3969 = VECTOR('',#3970,1.);
#3970 = DIRECTION('',(-0.301511344578,0.301511344578,0.904534033733));
#3971 = PLANE('',#3972);
#3972 = AXIS2_PLACEMENT_3D('',#3973,#3974,#3975);
#3973 = CARTESIAN_POINT('',(-1.28,0.,2.25));
#3974 = DIRECTION('',(0.948683298051,0.,0.316227766017));
#3975 = DIRECTION('',(-0.316227766017,0.,0.948683298051));
#3976 = ADVANCED_FACE('',(#3977),#3988,.T.);
#3977 = FACE_BOUND('',#3978,.F.);
#3978 = EDGE_LOOP('',(#3979,#3985,#3986,#3987));
#3979 = ORIENTED_EDGE('',*,*,#3980,.T.);
#3980 = EDGE_CURVE('',#3957,#310,#3981,.T.);
#3981 = LINE('',#3982,#3983);
#3982 = CARTESIAN_POINT('',(-1.38,-0.12,2.55));
#3983 = VECTOR('',#3984,1.);
#3984 = DIRECTION('',(-1.,0.,0.));
#3985 = ORIENTED_EDGE('',*,*,#309,.T.);
#3986 = ORIENTED_EDGE('',*,*,#347,.F.);
#3987 = ORIENTED_EDGE('',*,*,#3956,.T.);
#3988 = PLANE('',#3989);
#3989 = AXIS2_PLACEMENT_3D('',#3990,#3991,#3992);
#3990 = CARTESIAN_POINT('',(-1.18,0.32,2.55));
#3991 = DIRECTION('',(0.,0.,1.));
#3992 = DIRECTION('',(0.,-1.,0.));
#3993 = ADVANCED_FACE('',(#3994),#4005,.T.);
#3994 = FACE_BOUND('',#3995,.F.);
#3995 = EDGE_LOOP('',(#3996,#3997,#3998,#4004));
#3996 = ORIENTED_EDGE('',*,*,#3980,.F.);
#3997 = ORIENTED_EDGE('',*,*,#3966,.F.);
#3998 = ORIENTED_EDGE('',*,*,#3999,.T.);
#3999 = EDGE_CURVE('',#3900,#205,#4000,.T.);
#4000 = LINE('',#4001,#4002);
#4001 = CARTESIAN_POINT('',(-1.18,-0.32,1.95));
#4002 = VECTOR('',#4003,1.);
#4003 = DIRECTION('',(-1.,0.,0.));
#4004 = ORIENTED_EDGE('',*,*,#317,.F.);
#4005 = PLANE('',#4006);
#4006 = AXIS2_PLACEMENT_3D('',#4007,#4008,#4009);
#4007 = CARTESIAN_POINT('',(-1.5,-0.22,2.25));
#4008 = DIRECTION('',(0.,-0.948683298051,0.316227766017));
#4009 = DIRECTION('',(0.,0.316227766017,0.948683298051));
#4010 = ADVANCED_FACE('',(#4011),#4017,.T.);
#4011 = FACE_BOUND('',#4012,.F.);
#4012 = EDGE_LOOP('',(#4013,#4014,#4015,#4016));
#4013 = ORIENTED_EDGE('',*,*,#3999,.F.);
#4014 = ORIENTED_EDGE('',*,*,#3909,.T.);
#4015 = ORIENTED_EDGE('',*,*,#430,.F.);
#4016 = ORIENTED_EDGE('',*,*,#214,.F.);
#4017 = PLANE('',#4018);
#4018 = AXIS2_PLACEMENT_3D('',#4019,#4020,#4021);
#4019 = CARTESIAN_POINT('',(-1.18,-0.32,2.55));
#4020 = DIRECTION('',(0.,-1.,0.));
#4021 = DIRECTION('',(0.,0.,-1.));
#4022 = ADVANCED_FACE('',(#4023),#4034,.T.);
#4023 = FACE_BOUND('',#4024,.F.);
#4024 = EDGE_LOOP('',(#4025,#4026,#4032,#4033));
#4025 = ORIENTED_EDGE('',*,*,#166,.F.);
#4026 = ORIENTED_EDGE('',*,*,#4027,.T.);
#4027 = EDGE_CURVE('',#159,#3924,#4028,.T.);
#4028 = LINE('',#4029,#4030);
#4029 = CARTESIAN_POINT('',(-1.38,-0.12,-8.13));
#4030 = VECTOR('',#4031,1.);
#4031 = DIRECTION('',(0.301511344578,-0.301511344578,0.904534033733));
#4032 = ORIENTED_EDGE('',*,*,#3923,.T.);
#4033 = ORIENTED_EDGE('',*,*,#128,.T.);
#4034 = PLANE('',#4035);
#4035 = AXIS2_PLACEMENT_3D('',#4036,#4037,#4038);
#4036 = CARTESIAN_POINT('',(-1.28,0.,-7.83));
#4037 = DIRECTION('',(0.948683298051,0.,-0.316227766017));
#4038 = DIRECTION('',(-0.316227766017,0.,-0.948683298051));
#4039 = ADVANCED_FACE('',(#4040),#4051,.T.);
#4040 = FACE_BOUND('',#4041,.F.);
#4041 = EDGE_LOOP('',(#4042,#4048,#4049,#4050));
#4042 = ORIENTED_EDGE('',*,*,#4043,.F.);
#4043 = EDGE_CURVE('',#3924,#181,#4044,.T.);
#4044 = LINE('',#4045,#4046);
#4045 = CARTESIAN_POINT('',(-1.18,-0.32,-7.53));
#4046 = VECTOR('',#4047,1.);
#4047 = DIRECTION('',(-1.,0.,0.));
#4048 = ORIENTED_EDGE('',*,*,#4027,.F.);
#4049 = ORIENTED_EDGE('',*,*,#158,.T.);
#4050 = ORIENTED_EDGE('',*,*,#188,.T.);
#4051 = PLANE('',#4052);
#4052 = AXIS2_PLACEMENT_3D('',#4053,#4054,#4055);
#4053 = CARTESIAN_POINT('',(-1.5,-0.22,-7.83));
#4054 = DIRECTION('',(0.,-0.948683298051,-0.316227766017));
#4055 = DIRECTION('',(0.,-0.316227766017,0.948683298051));
#4056 = ADVANCED_FACE('',(#4057),#4063,.T.);
#4057 = FACE_BOUND('',#4058,.F.);
#4058 = EDGE_LOOP('',(#4059,#4060,#4061,#4062));
#4059 = ORIENTED_EDGE('',*,*,#4043,.T.);
#4060 = ORIENTED_EDGE('',*,*,#286,.F.);
#4061 = ORIENTED_EDGE('',*,*,#3884,.F.);
#4062 = ORIENTED_EDGE('',*,*,#3931,.T.);
#4063 = PLANE('',#4064);
#4064 = AXIS2_PLACEMENT_3D('',#4065,#4066,#4067);
#4065 = CARTESIAN_POINT('',(-1.18,-0.32,-4.25));
#4066 = DIRECTION('',(0.,-1.,0.));
#4067 = DIRECTION('',(0.,0.,-1.));
#4068 = ADVANCED_FACE('',(#4069),#4082,.T.);
#4069 = FACE_BOUND('',#4070,.F.);
#4070 = EDGE_LOOP('',(#4071,#4072,#4073,#4074,#4075,#4076));
#4071 = ORIENTED_EDGE('',*,*,#2203,.F.);
#4072 = ORIENTED_EDGE('',*,*,#246,.F.);
#4073 = ORIENTED_EDGE('',*,*,#96,.F.);
#4074 = ORIENTED_EDGE('',*,*,#3941,.T.);
#4075 = ORIENTED_EDGE('',*,*,#3845,.T.);
#4076 = ORIENTED_EDGE('',*,*,#4077,.T.);
#4077 = EDGE_CURVE('',#3846,#2204,#4078,.T.);
#4078 = LINE('',#4079,#4080);
#4079 = CARTESIAN_POINT('',(-1.18,1.05,-4.25));
#4080 = VECTOR('',#4081,1.);
#4081 = DIRECTION('',(-1.,0.,0.));
#4082 = PLANE('',#4083);
#4083 = AXIS2_PLACEMENT_3D('',#4084,#4085,#4086);
#4084 = CARTESIAN_POINT('',(-1.18,0.32,-4.25));
#4085 = DIRECTION('',(0.,0.,-1.));
#4086 = DIRECTION('',(0.,1.,0.));
#4087 = ADVANCED_FACE('',(#4088),#4094,.T.);
#4088 = FACE_BOUND('',#4089,.F.);
#4089 = EDGE_LOOP('',(#4090,#4091,#4092,#4093));
#4090 = ORIENTED_EDGE('',*,*,#2211,.T.);
#4091 = ORIENTED_EDGE('',*,*,#4077,.F.);
#4092 = ORIENTED_EDGE('',*,*,#3859,.F.);
#4093 = ORIENTED_EDGE('',*,*,#2319,.F.);
#4094 = PLANE('',#4095);
#4095 = AXIS2_PLACEMENT_3D('',#4096,#4097,#4098);
#4096 = CARTESIAN_POINT('',(-1.18,1.05,-4.25));
#4097 = DIRECTION('',(0.,1.,0.));
#4098 = DIRECTION('',(0.,-0.,1.));
#4099 = ADVANCED_FACE('',(#4100),#4106,.T.);
#4100 = FACE_BOUND('',#4101,.F.);
#4101 = EDGE_LOOP('',(#4102,#4103,#4104,#4105));
#4102 = ORIENTED_EDGE('',*,*,#766,.F.);
#4103 = ORIENTED_EDGE('',*,*,#3612,.T.);
#4104 = ORIENTED_EDGE('',*,*,#2080,.T.);
#4105 = ORIENTED_EDGE('',*,*,#599,.F.);
#4106 = PLANE('',#4107);
#4107 = AXIS2_PLACEMENT_3D('',#4108,#4109,#4110);
#4108 = CARTESIAN_POINT('',(-4.125,0.,4.25));
#4109 = DIRECTION('',(-0.707106781187,0.,0.707106781187));
#4110 = DIRECTION('',(0.707106781187,0.,0.707106781187));
#4111 = ADVANCED_FACE('',(#4112),#4136,.T.);
#4112 = FACE_BOUND('',#4113,.F.);
#4113 = EDGE_LOOP('',(#4114,#4120,#4121,#4129,#4135));
#4114 = ORIENTED_EDGE('',*,*,#4115,.T.);
#4115 = EDGE_CURVE('',#3619,#584,#4116,.T.);
#4116 = LINE('',#4117,#4118);
#4117 = CARTESIAN_POINT('',(-4.825,-0.75,3.55));
#4118 = VECTOR('',#4119,1.);
#4119 = DIRECTION('',(0.707106781187,0.,0.707106781187));
#4120 = ORIENTED_EDGE('',*,*,#583,.F.);
#4121 = ORIENTED_EDGE('',*,*,#4122,.T.);
#4122 = EDGE_CURVE('',#576,#4123,#4125,.T.);
#4123 = VERTEX_POINT('',#4124);
#4124 = CARTESIAN_POINT('',(-3.865,-1.93,4.51));
#4125 = LINE('',#4126,#4127);
#4126 = CARTESIAN_POINT('',(-3.425,-1.93,4.95));
#4127 = VECTOR('',#4128,1.);
#4128 = DIRECTION('',(-0.707106781187,0.,-0.707106781187));
#4129 = ORIENTED_EDGE('',*,*,#4130,.T.);
#4130 = EDGE_CURVE('',#4123,#3627,#4131,.T.);
#4131 = LINE('',#4132,#4133);
#4132 = CARTESIAN_POINT('',(-3.865,-1.93,4.51));
#4133 = VECTOR('',#4134,1.);
#4134 = DIRECTION('',(-0.663538107844,0.345592764502,-0.663538107844));
#4135 = ORIENTED_EDGE('',*,*,#3626,.T.);
#4136 = PLANE('',#4137);
#4137 = AXIS2_PLACEMENT_3D('',#4138,#4139,#4140);
#4138 = CARTESIAN_POINT('',(-4.125,0.,4.25));
#4139 = DIRECTION('',(-0.707106781187,0.,0.707106781187));
#4140 = DIRECTION('',(0.707106781187,0.,0.707106781187));
#4141 = ADVANCED_FACE('',(#4142),#4152,.T.);
#4142 = FACE_BOUND('',#4143,.F.);
#4143 = EDGE_LOOP('',(#4144,#4145,#4151));
#4144 = ORIENTED_EDGE('',*,*,#788,.F.);
#4145 = ORIENTED_EDGE('',*,*,#4146,.T.);
#4146 = EDGE_CURVE('',#781,#558,#4147,.T.);
#4147 = LINE('',#4148,#4149);
#4148 = CARTESIAN_POINT('',(4.825,-0.75,3.55));
#4149 = VECTOR('',#4150,1.);
#4150 = DIRECTION('',(-0.707106781187,0.,0.707106781187));
#4151 = ORIENTED_EDGE('',*,*,#713,.F.);
#4152 = PLANE('',#4153);
#4153 = AXIS2_PLACEMENT_3D('',#4154,#4155,#4156);
#4154 = CARTESIAN_POINT('',(-4.825,-0.75,-4.95));
#4155 = DIRECTION('',(0.,1.,0.));
#4156 = DIRECTION('',(1.,0.,0.));
#4157 = ADVANCED_FACE('',(#4158),#4175,.T.);
#4158 = FACE_BOUND('',#4159,.F.);
#4159 = EDGE_LOOP('',(#4160,#4168,#4169));
#4160 = ORIENTED_EDGE('',*,*,#4161,.F.);
#4161 = EDGE_CURVE('',#584,#4162,#4164,.T.);
#4162 = VERTEX_POINT('',#4163);
#4163 = CARTESIAN_POINT('',(-3.425,-0.75,3.55));
#4164 = LINE('',#4165,#4166);
#4165 = CARTESIAN_POINT('',(-3.425,-0.75,4.95));
#4166 = VECTOR('',#4167,1.);
#4167 = DIRECTION('',(0.,0.,-1.));
#4168 = ORIENTED_EDGE('',*,*,#4115,.F.);
#4169 = ORIENTED_EDGE('',*,*,#4170,.F.);
#4170 = EDGE_CURVE('',#4162,#3619,#4171,.T.);
#4171 = LINE('',#4172,#4173);
#4172 = CARTESIAN_POINT('',(-3.425,-0.75,3.55));
#4173 = VECTOR('',#4174,1.);
#4174 = DIRECTION('',(-1.,0.,0.));
#4175 = PLANE('',#4176);
#4176 = AXIS2_PLACEMENT_3D('',#4177,#4178,#4179);
#4177 = CARTESIAN_POINT('',(-4.825,-0.75,-4.95));
#4178 = DIRECTION('',(0.,1.,0.));
#4179 = DIRECTION('',(1.,0.,0.));
#4180 = ADVANCED_FACE('',(#4181),#4187,.T.);
#4181 = FACE_BOUND('',#4182,.F.);
#4182 = EDGE_LOOP('',(#4183,#4184,#4185,#4186));
#4183 = ORIENTED_EDGE('',*,*,#736,.T.);
#4184 = ORIENTED_EDGE('',*,*,#615,.F.);
#4185 = ORIENTED_EDGE('',*,*,#2073,.T.);
#4186 = ORIENTED_EDGE('',*,*,#845,.T.);
#4187 = PLANE('',#4188);
#4188 = AXIS2_PLACEMENT_3D('',#4189,#4190,#4191);
#4189 = CARTESIAN_POINT('',(4.125,0.,4.25));
#4190 = DIRECTION('',(0.707106781187,0.,0.707106781187));
#4191 = DIRECTION('',(-0.707106781187,0.,0.707106781187));
#4192 = ADVANCED_FACE('',(#4193),#4212,.T.);
#4193 = FACE_BOUND('',#4194,.F.);
#4194 = EDGE_LOOP('',(#4195,#4196,#4197,#4205,#4211));
#4195 = ORIENTED_EDGE('',*,*,#4146,.F.);
#4196 = ORIENTED_EDGE('',*,*,#838,.T.);
#4197 = ORIENTED_EDGE('',*,*,#4198,.F.);
#4198 = EDGE_CURVE('',#4199,#831,#4201,.T.);
#4199 = VERTEX_POINT('',#4200);
#4200 = CARTESIAN_POINT('',(3.865,-1.93,4.51));
#4201 = LINE('',#4202,#4203);
#4202 = CARTESIAN_POINT('',(3.865,-1.93,4.51));
#4203 = VECTOR('',#4204,1.);
#4204 = DIRECTION('',(0.663538107844,0.345592764502,-0.663538107844));
#4205 = ORIENTED_EDGE('',*,*,#4206,.T.);
#4206 = EDGE_CURVE('',#4199,#568,#4207,.T.);
#4207 = LINE('',#4208,#4209);
#4208 = CARTESIAN_POINT('',(3.865,-1.93,4.51));
#4209 = VECTOR('',#4210,1.);
#4210 = DIRECTION('',(-0.707106781187,0.,0.707106781187));
#4211 = ORIENTED_EDGE('',*,*,#567,.F.);
#4212 = PLANE('',#4213);
#4213 = AXIS2_PLACEMENT_3D('',#4214,#4215,#4216);
#4214 = CARTESIAN_POINT('',(4.125,0.,4.25));
#4215 = DIRECTION('',(0.707106781187,0.,0.707106781187));
#4216 = DIRECTION('',(-0.707106781187,0.,0.707106781187));
#4217 = ADVANCED_FACE('',(#4218),#4237,.T.);
#4218 = FACE_BOUND('',#4219,.F.);
#4219 = EDGE_LOOP('',(#4220,#4228,#4229,#4230,#4231));
#4220 = ORIENTED_EDGE('',*,*,#4221,.F.);
#4221 = EDGE_CURVE('',#4199,#4222,#4224,.T.);
#4222 = VERTEX_POINT('',#4223);
#4223 = CARTESIAN_POINT('',(3.865,-1.93,-3.1));
#4224 = LINE('',#4225,#4226);
#4225 = CARTESIAN_POINT('',(3.865,-1.93,4.51));
#4226 = VECTOR('',#4227,1.);
#4227 = DIRECTION('',(0.,0.,-1.));
#4228 = ORIENTED_EDGE('',*,*,#4198,.T.);
#4229 = ORIENTED_EDGE('',*,*,#830,.T.);
#4230 = ORIENTED_EDGE('',*,*,#2612,.T.);
#4231 = ORIENTED_EDGE('',*,*,#4232,.F.);
#4232 = EDGE_CURVE('',#4222,#2605,#4233,.T.);
#4233 = LINE('',#4234,#4235);
#4234 = CARTESIAN_POINT('',(3.865,-1.93,-3.1));
#4235 = VECTOR('',#4236,1.);
#4236 = DIRECTION('',(0.886914084167,0.461934418837,-4.726427698111E-14)
  );
#4237 = PLANE('',#4238);
#4238 = AXIS2_PLACEMENT_3D('',#4239,#4240,#4241);
#4239 = CARTESIAN_POINT('',(4.345,-1.68,0.925));
#4240 = DIRECTION('',(0.461934418837,-0.886914084167,0.));
#4241 = DIRECTION('',(-0.886914084167,-0.461934418837,0.));
#4242 = ADVANCED_FACE('',(#4243),#4327,.T.);
#4243 = FACE_BOUND('',#4244,.F.);
#4244 = EDGE_LOOP('',(#4245,#4255,#4263,#4271,#4279,#4287,#4295,#4301,
    #4302,#4303,#4304,#4305,#4313,#4321));
#4245 = ORIENTED_EDGE('',*,*,#4246,.F.);
#4246 = EDGE_CURVE('',#4247,#4249,#4251,.T.);
#4247 = VERTEX_POINT('',#4248);
#4248 = CARTESIAN_POINT('',(0.475,-1.93,-3.1));
#4249 = VERTEX_POINT('',#4250);
#4250 = CARTESIAN_POINT('',(0.475,-1.93,4.1));
#4251 = LINE('',#4252,#4253);
#4252 = CARTESIAN_POINT('',(0.475,-1.93,-3.1));
#4253 = VECTOR('',#4254,1.);
#4254 = DIRECTION('',(0.,0.,1.));
#4255 = ORIENTED_EDGE('',*,*,#4256,.T.);
#4256 = EDGE_CURVE('',#4247,#4257,#4259,.T.);
#4257 = VERTEX_POINT('',#4258);
#4258 = CARTESIAN_POINT('',(-0.475,-1.93,-3.1));
#4259 = LINE('',#4260,#4261);
#4260 = CARTESIAN_POINT('',(0.475,-1.93,-3.1));
#4261 = VECTOR('',#4262,1.);
#4262 = DIRECTION('',(-1.,0.,0.));
#4263 = ORIENTED_EDGE('',*,*,#4264,.T.);
#4264 = EDGE_CURVE('',#4257,#4265,#4267,.T.);
#4265 = VERTEX_POINT('',#4266);
#4266 = CARTESIAN_POINT('',(-0.475,-1.93,4.1));
#4267 = LINE('',#4268,#4269);
#4268 = CARTESIAN_POINT('',(-0.475,-1.93,-3.1));
#4269 = VECTOR('',#4270,1.);
#4270 = DIRECTION('',(0.,0.,1.));
#4271 = ORIENTED_EDGE('',*,*,#4272,.T.);
#4272 = EDGE_CURVE('',#4265,#4273,#4275,.T.);
#4273 = VERTEX_POINT('',#4274);
#4274 = CARTESIAN_POINT('',(-1.475,-1.93,4.1));
#4275 = LINE('',#4276,#4277);
#4276 = CARTESIAN_POINT('',(-0.475,-1.93,4.1));
#4277 = VECTOR('',#4278,1.);
#4278 = DIRECTION('',(-1.,0.,0.));
#4279 = ORIENTED_EDGE('',*,*,#4280,.F.);
#4280 = EDGE_CURVE('',#4281,#4273,#4283,.T.);
#4281 = VERTEX_POINT('',#4282);
#4282 = CARTESIAN_POINT('',(-1.475,-1.93,-3.1));
#4283 = LINE('',#4284,#4285);
#4284 = CARTESIAN_POINT('',(-1.475,-1.93,-3.1));
#4285 = VECTOR('',#4286,1.);
#4286 = DIRECTION('',(0.,0.,1.));
#4287 = ORIENTED_EDGE('',*,*,#4288,.T.);
#4288 = EDGE_CURVE('',#4281,#4289,#4291,.T.);
#4289 = VERTEX_POINT('',#4290);
#4290 = CARTESIAN_POINT('',(-3.865,-1.93,-3.1));
#4291 = LINE('',#4292,#4293);
#4292 = CARTESIAN_POINT('',(-1.475,-1.93,-3.1));
#4293 = VECTOR('',#4294,1.);
#4294 = DIRECTION('',(-1.,0.,0.));
#4295 = ORIENTED_EDGE('',*,*,#4296,.T.);
#4296 = EDGE_CURVE('',#4289,#4123,#4297,.T.);
#4297 = LINE('',#4298,#4299);
#4298 = CARTESIAN_POINT('',(-3.865,-1.93,-3.1));
#4299 = VECTOR('',#4300,1.);
#4300 = DIRECTION('',(0.,0.,1.));
#4301 = ORIENTED_EDGE('',*,*,#4122,.F.);
#4302 = ORIENTED_EDGE('',*,*,#575,.T.);
#4303 = ORIENTED_EDGE('',*,*,#4206,.F.);
#4304 = ORIENTED_EDGE('',*,*,#4221,.T.);
#4305 = ORIENTED_EDGE('',*,*,#4306,.T.);
#4306 = EDGE_CURVE('',#4222,#4307,#4309,.T.);
#4307 = VERTEX_POINT('',#4308);
#4308 = CARTESIAN_POINT('',(1.475,-1.93,-3.1));
#4309 = LINE('',#4310,#4311);
#4310 = CARTESIAN_POINT('',(3.865,-1.93,-3.1));
#4311 = VECTOR('',#4312,1.);
#4312 = DIRECTION('',(-1.,0.,0.));
#4313 = ORIENTED_EDGE('',*,*,#4314,.T.);
#4314 = EDGE_CURVE('',#4307,#4315,#4317,.T.);
#4315 = VERTEX_POINT('',#4316);
#4316 = CARTESIAN_POINT('',(1.475,-1.93,4.1));
#4317 = LINE('',#4318,#4319);
#4318 = CARTESIAN_POINT('',(1.475,-1.93,-3.1));
#4319 = VECTOR('',#4320,1.);
#4320 = DIRECTION('',(0.,0.,1.));
#4321 = ORIENTED_EDGE('',*,*,#4322,.T.);
#4322 = EDGE_CURVE('',#4315,#4249,#4323,.T.);
#4323 = LINE('',#4324,#4325);
#4324 = CARTESIAN_POINT('',(1.475,-1.93,4.1));
#4325 = VECTOR('',#4326,1.);
#4326 = DIRECTION('',(-1.,0.,0.));
#4327 = PLANE('',#4328);
#4328 = AXIS2_PLACEMENT_3D('',#4329,#4330,#4331);
#4329 = CARTESIAN_POINT('',(-4.825,-1.93,4.95));
#4330 = DIRECTION('',(0.,-1.,0.));
#4331 = DIRECTION('',(0.,0.,-1.));
#4332 = ADVANCED_FACE('',(#4333),#4358,.T.);
#4333 = FACE_BOUND('',#4334,.F.);
#4334 = EDGE_LOOP('',(#4335,#4336,#4344,#4352));
#4335 = ORIENTED_EDGE('',*,*,#4246,.T.);
#4336 = ORIENTED_EDGE('',*,*,#4337,.T.);
#4337 = EDGE_CURVE('',#4249,#4338,#4340,.T.);
#4338 = VERTEX_POINT('',#4339);
#4339 = CARTESIAN_POINT('',(0.475,-2.43,4.1));
#4340 = LINE('',#4341,#4342);
#4341 = CARTESIAN_POINT('',(0.475,-1.93,4.1));
#4342 = VECTOR('',#4343,1.);
#4343 = DIRECTION('',(0.,-1.,0.));
#4344 = ORIENTED_EDGE('',*,*,#4345,.T.);
#4345 = EDGE_CURVE('',#4338,#4346,#4348,.T.);
#4346 = VERTEX_POINT('',#4347);
#4347 = CARTESIAN_POINT('',(0.475,-2.43,-3.1));
#4348 = LINE('',#4349,#4350);
#4349 = CARTESIAN_POINT('',(0.475,-2.43,4.1));
#4350 = VECTOR('',#4351,1.);
#4351 = DIRECTION('',(0.,0.,-1.));
#4352 = ORIENTED_EDGE('',*,*,#4353,.F.);
#4353 = EDGE_CURVE('',#4247,#4346,#4354,.T.);
#4354 = LINE('',#4355,#4356);
#4355 = CARTESIAN_POINT('',(0.475,-1.93,-3.1));
#4356 = VECTOR('',#4357,1.);
#4357 = DIRECTION('',(0.,-1.,0.));
#4358 = PLANE('',#4359);
#4359 = AXIS2_PLACEMENT_3D('',#4360,#4361,#4362);
#4360 = CARTESIAN_POINT('',(0.475,-1.93,4.1));
#4361 = DIRECTION('',(-1.,0.,0.));
#4362 = DIRECTION('',(0.,0.,-1.));
#4363 = ADVANCED_FACE('',(#4364),#4382,.T.);
#4364 = FACE_BOUND('',#4365,.F.);
#4365 = EDGE_LOOP('',(#4366,#4367,#4375,#4381));
#4366 = ORIENTED_EDGE('',*,*,#4322,.F.);
#4367 = ORIENTED_EDGE('',*,*,#4368,.T.);
#4368 = EDGE_CURVE('',#4315,#4369,#4371,.T.);
#4369 = VERTEX_POINT('',#4370);
#4370 = CARTESIAN_POINT('',(1.475,-2.43,4.1));
#4371 = LINE('',#4372,#4373);
#4372 = CARTESIAN_POINT('',(1.475,-1.93,4.1));
#4373 = VECTOR('',#4374,1.);
#4374 = DIRECTION('',(0.,-1.,0.));
#4375 = ORIENTED_EDGE('',*,*,#4376,.T.);
#4376 = EDGE_CURVE('',#4369,#4338,#4377,.T.);
#4377 = LINE('',#4378,#4379);
#4378 = CARTESIAN_POINT('',(1.475,-2.43,4.1));
#4379 = VECTOR('',#4380,1.);
#4380 = DIRECTION('',(-1.,0.,0.));
#4381 = ORIENTED_EDGE('',*,*,#4337,.F.);
#4382 = PLANE('',#4383);
#4383 = AXIS2_PLACEMENT_3D('',#4384,#4385,#4386);
#4384 = CARTESIAN_POINT('',(1.475,-1.93,4.1));
#4385 = DIRECTION('',(0.,0.,1.));
#4386 = DIRECTION('',(-1.,0.,0.));
#4387 = ADVANCED_FACE('',(#4388),#4406,.T.);
#4388 = FACE_BOUND('',#4389,.F.);
#4389 = EDGE_LOOP('',(#4390,#4391,#4399,#4405));
#4390 = ORIENTED_EDGE('',*,*,#4314,.F.);
#4391 = ORIENTED_EDGE('',*,*,#4392,.T.);
#4392 = EDGE_CURVE('',#4307,#4393,#4395,.T.);
#4393 = VERTEX_POINT('',#4394);
#4394 = CARTESIAN_POINT('',(1.475,-2.43,-3.1));
#4395 = LINE('',#4396,#4397);
#4396 = CARTESIAN_POINT('',(1.475,-1.93,-3.1));
#4397 = VECTOR('',#4398,1.);
#4398 = DIRECTION('',(0.,-1.,0.));
#4399 = ORIENTED_EDGE('',*,*,#4400,.T.);
#4400 = EDGE_CURVE('',#4393,#4369,#4401,.T.);
#4401 = LINE('',#4402,#4403);
#4402 = CARTESIAN_POINT('',(1.475,-2.43,-3.1));
#4403 = VECTOR('',#4404,1.);
#4404 = DIRECTION('',(0.,0.,1.));
#4405 = ORIENTED_EDGE('',*,*,#4368,.F.);
#4406 = PLANE('',#4407);
#4407 = AXIS2_PLACEMENT_3D('',#4408,#4409,#4410);
#4408 = CARTESIAN_POINT('',(1.475,-1.93,-3.1));
#4409 = DIRECTION('',(1.,0.,0.));
#4410 = DIRECTION('',(0.,0.,1.));
#4411 = ADVANCED_FACE('',(#4412),#4457,.T.);
#4412 = FACE_BOUND('',#4413,.F.);
#4413 = EDGE_LOOP('',(#4414,#4415,#4423,#4431,#4437,#4438,#4439,#4445,
    #4446,#4447,#4448,#4449,#4450,#4451));
#4414 = ORIENTED_EDGE('',*,*,#4288,.F.);
#4415 = ORIENTED_EDGE('',*,*,#4416,.T.);
#4416 = EDGE_CURVE('',#4281,#4417,#4419,.T.);
#4417 = VERTEX_POINT('',#4418);
#4418 = CARTESIAN_POINT('',(-1.475,-2.43,-3.1));
#4419 = LINE('',#4420,#4421);
#4420 = CARTESIAN_POINT('',(-1.475,-1.93,-3.1));
#4421 = VECTOR('',#4422,1.);
#4422 = DIRECTION('',(0.,-1.,0.));
#4423 = ORIENTED_EDGE('',*,*,#4424,.T.);
#4424 = EDGE_CURVE('',#4417,#4425,#4427,.T.);
#4425 = VERTEX_POINT('',#4426);
#4426 = CARTESIAN_POINT('',(-0.475,-2.43,-3.1));
#4427 = LINE('',#4428,#4429);
#4428 = CARTESIAN_POINT('',(-1.475,-2.43,-3.1));
#4429 = VECTOR('',#4430,1.);
#4430 = DIRECTION('',(1.,0.,0.));
#4431 = ORIENTED_EDGE('',*,*,#4432,.F.);
#4432 = EDGE_CURVE('',#4257,#4425,#4433,.T.);
#4433 = LINE('',#4434,#4435);
#4434 = CARTESIAN_POINT('',(-0.475,-1.93,-3.1));
#4435 = VECTOR('',#4436,1.);
#4436 = DIRECTION('',(0.,-1.,0.));
#4437 = ORIENTED_EDGE('',*,*,#4256,.F.);
#4438 = ORIENTED_EDGE('',*,*,#4353,.T.);
#4439 = ORIENTED_EDGE('',*,*,#4440,.T.);
#4440 = EDGE_CURVE('',#4346,#4393,#4441,.T.);
#4441 = LINE('',#4442,#4443);
#4442 = CARTESIAN_POINT('',(0.475,-2.43,-3.1));
#4443 = VECTOR('',#4444,1.);
#4444 = DIRECTION('',(1.,0.,0.));
#4445 = ORIENTED_EDGE('',*,*,#4392,.F.);
#4446 = ORIENTED_EDGE('',*,*,#4306,.F.);
#4447 = ORIENTED_EDGE('',*,*,#4232,.T.);
#4448 = ORIENTED_EDGE('',*,*,#2659,.T.);
#4449 = ORIENTED_EDGE('',*,*,#2369,.T.);
#4450 = ORIENTED_EDGE('',*,*,#2523,.F.);
#4451 = ORIENTED_EDGE('',*,*,#4452,.F.);
#4452 = EDGE_CURVE('',#4289,#2516,#4453,.T.);
#4453 = LINE('',#4454,#4455);
#4454 = CARTESIAN_POINT('',(-3.865,-1.93,-3.1));
#4455 = VECTOR('',#4456,1.);
#4456 = DIRECTION('',(-0.886914084167,0.461934418837,-3.150951798741E-14
    ));
#4457 = PLANE('',#4458);
#4458 = AXIS2_PLACEMENT_3D('',#4459,#4460,#4461);
#4459 = CARTESIAN_POINT('',(0.475,-1.93,-3.1));
#4460 = DIRECTION('',(0.,0.,-1.));
#4461 = DIRECTION('',(1.,0.,0.));
#4462 = ADVANCED_FACE('',(#4463),#4481,.T.);
#4463 = FACE_BOUND('',#4464,.F.);
#4464 = EDGE_LOOP('',(#4465,#4466,#4474,#4480));
#4465 = ORIENTED_EDGE('',*,*,#4280,.T.);
#4466 = ORIENTED_EDGE('',*,*,#4467,.T.);
#4467 = EDGE_CURVE('',#4273,#4468,#4470,.T.);
#4468 = VERTEX_POINT('',#4469);
#4469 = CARTESIAN_POINT('',(-1.475,-2.43,4.1));
#4470 = LINE('',#4471,#4472);
#4471 = CARTESIAN_POINT('',(-1.475,-1.93,4.1));
#4472 = VECTOR('',#4473,1.);
#4473 = DIRECTION('',(0.,-1.,0.));
#4474 = ORIENTED_EDGE('',*,*,#4475,.T.);
#4475 = EDGE_CURVE('',#4468,#4417,#4476,.T.);
#4476 = LINE('',#4477,#4478);
#4477 = CARTESIAN_POINT('',(-1.475,-2.43,4.1));
#4478 = VECTOR('',#4479,1.);
#4479 = DIRECTION('',(0.,0.,-1.));
#4480 = ORIENTED_EDGE('',*,*,#4416,.F.);
#4481 = PLANE('',#4482);
#4482 = AXIS2_PLACEMENT_3D('',#4483,#4484,#4485);
#4483 = CARTESIAN_POINT('',(-1.475,-1.93,4.1));
#4484 = DIRECTION('',(-1.,0.,0.));
#4485 = DIRECTION('',(0.,0.,-1.));
#4486 = ADVANCED_FACE('',(#4487),#4505,.T.);
#4487 = FACE_BOUND('',#4488,.F.);
#4488 = EDGE_LOOP('',(#4489,#4490,#4498,#4504));
#4489 = ORIENTED_EDGE('',*,*,#4272,.F.);
#4490 = ORIENTED_EDGE('',*,*,#4491,.T.);
#4491 = EDGE_CURVE('',#4265,#4492,#4494,.T.);
#4492 = VERTEX_POINT('',#4493);
#4493 = CARTESIAN_POINT('',(-0.475,-2.43,4.1));
#4494 = LINE('',#4495,#4496);
#4495 = CARTESIAN_POINT('',(-0.475,-1.93,4.1));
#4496 = VECTOR('',#4497,1.);
#4497 = DIRECTION('',(0.,-1.,0.));
#4498 = ORIENTED_EDGE('',*,*,#4499,.T.);
#4499 = EDGE_CURVE('',#4492,#4468,#4500,.T.);
#4500 = LINE('',#4501,#4502);
#4501 = CARTESIAN_POINT('',(-0.475,-2.43,4.1));
#4502 = VECTOR('',#4503,1.);
#4503 = DIRECTION('',(-1.,0.,0.));
#4504 = ORIENTED_EDGE('',*,*,#4467,.F.);
#4505 = PLANE('',#4506);
#4506 = AXIS2_PLACEMENT_3D('',#4507,#4508,#4509);
#4507 = CARTESIAN_POINT('',(-0.475,-1.93,4.1));
#4508 = DIRECTION('',(0.,0.,1.));
#4509 = DIRECTION('',(-1.,0.,0.));
#4510 = ADVANCED_FACE('',(#4511),#4522,.T.);
#4511 = FACE_BOUND('',#4512,.F.);
#4512 = EDGE_LOOP('',(#4513,#4514,#4515,#4521));
#4513 = ORIENTED_EDGE('',*,*,#4264,.F.);
#4514 = ORIENTED_EDGE('',*,*,#4432,.T.);
#4515 = ORIENTED_EDGE('',*,*,#4516,.T.);
#4516 = EDGE_CURVE('',#4425,#4492,#4517,.T.);
#4517 = LINE('',#4518,#4519);
#4518 = CARTESIAN_POINT('',(-0.475,-2.43,-3.1));
#4519 = VECTOR('',#4520,1.);
#4520 = DIRECTION('',(0.,0.,1.));
#4521 = ORIENTED_EDGE('',*,*,#4491,.F.);
#4522 = PLANE('',#4523);
#4523 = AXIS2_PLACEMENT_3D('',#4524,#4525,#4526);
#4524 = CARTESIAN_POINT('',(-0.475,-1.93,-3.1));
#4525 = DIRECTION('',(1.,0.,0.));
#4526 = DIRECTION('',(0.,0.,1.));
#4527 = ADVANCED_FACE('',(#4528),#4534,.T.);
#4528 = FACE_BOUND('',#4529,.F.);
#4529 = EDGE_LOOP('',(#4530,#4531,#4532,#4533));
#4530 = ORIENTED_EDGE('',*,*,#4345,.F.);
#4531 = ORIENTED_EDGE('',*,*,#4376,.F.);
#4532 = ORIENTED_EDGE('',*,*,#4400,.F.);
#4533 = ORIENTED_EDGE('',*,*,#4440,.F.);
#4534 = PLANE('',#4535);
#4535 = AXIS2_PLACEMENT_3D('',#4536,#4537,#4538);
#4536 = CARTESIAN_POINT('',(-4.825,-2.43,4.95));
#4537 = DIRECTION('',(0.,-1.,0.));
#4538 = DIRECTION('',(1.,0.,0.));
#4539 = ADVANCED_FACE('',(#4540),#4546,.T.);
#4540 = FACE_BOUND('',#4541,.F.);
#4541 = EDGE_LOOP('',(#4542,#4543,#4544,#4545));
#4542 = ORIENTED_EDGE('',*,*,#4499,.F.);
#4543 = ORIENTED_EDGE('',*,*,#4516,.F.);
#4544 = ORIENTED_EDGE('',*,*,#4424,.F.);
#4545 = ORIENTED_EDGE('',*,*,#4475,.F.);
#4546 = PLANE('',#4547);
#4547 = AXIS2_PLACEMENT_3D('',#4548,#4549,#4550);
#4548 = CARTESIAN_POINT('',(-4.825,-2.43,4.95));
#4549 = DIRECTION('',(0.,-1.,0.));
#4550 = DIRECTION('',(1.,0.,0.));
#4551 = ADVANCED_FACE('',(#4552),#4559,.T.);
#4552 = FACE_BOUND('',#4553,.F.);
#4553 = EDGE_LOOP('',(#4554,#4555,#4556,#4557,#4558));
#4554 = ORIENTED_EDGE('',*,*,#4296,.F.);
#4555 = ORIENTED_EDGE('',*,*,#4452,.T.);
#4556 = ORIENTED_EDGE('',*,*,#2638,.T.);
#4557 = ORIENTED_EDGE('',*,*,#3634,.T.);
#4558 = ORIENTED_EDGE('',*,*,#4130,.F.);
#4559 = PLANE('',#4560);
#4560 = AXIS2_PLACEMENT_3D('',#4561,#4562,#4563);
#4561 = CARTESIAN_POINT('',(-4.345,-1.68,0.925));
#4562 = DIRECTION('',(-0.461934418837,-0.886914084167,0.));
#4563 = DIRECTION('',(0.886914084167,-0.461934418837,0.));
#4564 = ADVANCED_FACE('',(#4565),#4576,.F.);
#4565 = FACE_BOUND('',#4566,.F.);
#4566 = EDGE_LOOP('',(#4567,#4568,#4569,#4575));
#4567 = ORIENTED_EDGE('',*,*,#591,.F.);
#4568 = ORIENTED_EDGE('',*,*,#4161,.T.);
#4569 = ORIENTED_EDGE('',*,*,#4570,.F.);
#4570 = EDGE_CURVE('',#751,#4162,#4571,.T.);
#4571 = LINE('',#4572,#4573);
#4572 = CARTESIAN_POINT('',(-3.425,1.25,3.55));
#4573 = VECTOR('',#4574,1.);
#4574 = DIRECTION('',(0.,-1.,0.));
#4575 = ORIENTED_EDGE('',*,*,#750,.F.);
#4576 = PLANE('',#4577);
#4577 = AXIS2_PLACEMENT_3D('',#4578,#4579,#4580);
#4578 = CARTESIAN_POINT('',(-3.425,1.25,4.95));
#4579 = DIRECTION('',(1.,0.,0.));
#4580 = DIRECTION('',(0.,0.,-1.));
#4581 = ADVANCED_FACE('',(#4582),#4588,.F.);
#4582 = FACE_BOUND('',#4583,.F.);
#4583 = EDGE_LOOP('',(#4584,#4585,#4586,#4587));
#4584 = ORIENTED_EDGE('',*,*,#3618,.T.);
#4585 = ORIENTED_EDGE('',*,*,#758,.F.);
#4586 = ORIENTED_EDGE('',*,*,#4570,.T.);
#4587 = ORIENTED_EDGE('',*,*,#4170,.T.);
#4588 = PLANE('',#4589);
#4589 = AXIS2_PLACEMENT_3D('',#4590,#4591,#4592);
#4590 = CARTESIAN_POINT('',(-3.425,1.25,3.55));
#4591 = DIRECTION('',(0.,0.,-1.));
#4592 = DIRECTION('',(-1.,0.,0.));
#4593 = ADVANCED_FACE('',(#4594),#4619,.T.);
#4594 = FACE_BOUND('',#4595,.F.);
#4595 = EDGE_LOOP('',(#4596,#4606,#4612,#4613));
#4596 = ORIENTED_EDGE('',*,*,#4597,.F.);
#4597 = EDGE_CURVE('',#4598,#4600,#4602,.T.);
#4598 = VERTEX_POINT('',#4599);
#4599 = CARTESIAN_POINT('',(1.82,0.32,1.95));
#4600 = VERTEX_POINT('',#4601);
#4601 = CARTESIAN_POINT('',(1.82,-0.32,1.95));
#4602 = LINE('',#4603,#4604);
#4603 = CARTESIAN_POINT('',(1.82,0.32,1.95));
#4604 = VECTOR('',#4605,1.);
#4605 = DIRECTION('',(0.,-1.,0.));
#4606 = ORIENTED_EDGE('',*,*,#4607,.F.);
#4607 = EDGE_CURVE('',#489,#4598,#4608,.T.);
#4608 = LINE('',#4609,#4610);
#4609 = CARTESIAN_POINT('',(1.82,0.32,-1.65));
#4610 = VECTOR('',#4611,1.);
#4611 = DIRECTION('',(0.,0.,1.));
#4612 = ORIENTED_EDGE('',*,*,#486,.F.);
#4613 = ORIENTED_EDGE('',*,*,#4614,.F.);
#4614 = EDGE_CURVE('',#4600,#487,#4615,.T.);
#4615 = LINE('',#4616,#4617);
#4616 = CARTESIAN_POINT('',(1.82,-0.32,1.95));
#4617 = VECTOR('',#4618,1.);
#4618 = DIRECTION('',(0.,0.,-1.));
#4619 = PLANE('',#4620);
#4620 = AXIS2_PLACEMENT_3D('',#4621,#4622,#4623);
#4621 = CARTESIAN_POINT('',(1.82,0.,0.));
#4622 = DIRECTION('',(1.,0.,0.));
#4623 = DIRECTION('',(0.,0.,-1.));
#4624 = ADVANCED_FACE('',(#4625),#4668,.T.);
#4625 = FACE_BOUND('',#4626,.F.);
#4626 = EDGE_LOOP('',(#4627,#4637,#4645,#4651,#4652,#4653,#4654,#4662));
#4627 = ORIENTED_EDGE('',*,*,#4628,.F.);
#4628 = EDGE_CURVE('',#4629,#4631,#4633,.T.);
#4629 = VERTEX_POINT('',#4630);
#4630 = CARTESIAN_POINT('',(1.82,-0.32,-7.53));
#4631 = VERTEX_POINT('',#4632);
#4632 = CARTESIAN_POINT('',(1.82,0.32,-7.53));
#4633 = LINE('',#4634,#4635);
#4634 = CARTESIAN_POINT('',(1.82,-0.32,-7.53));
#4635 = VECTOR('',#4636,1.);
#4636 = DIRECTION('',(0.,1.,0.));
#4637 = ORIENTED_EDGE('',*,*,#4638,.F.);
#4638 = EDGE_CURVE('',#4639,#4629,#4641,.T.);
#4639 = VERTEX_POINT('',#4640);
#4640 = CARTESIAN_POINT('',(1.82,-0.32,-4.25));
#4641 = LINE('',#4642,#4643);
#4642 = CARTESIAN_POINT('',(1.82,-0.32,-4.25));
#4643 = VECTOR('',#4644,1.);
#4644 = DIRECTION('',(0.,0.,-1.));
#4645 = ORIENTED_EDGE('',*,*,#4646,.F.);
#4646 = EDGE_CURVE('',#1760,#4639,#4647,.T.);
#4647 = LINE('',#4648,#4649);
#4648 = CARTESIAN_POINT('',(1.82,-0.875,-4.25));
#4649 = VECTOR('',#4650,1.);
#4650 = DIRECTION('',(0.,1.,0.));
#4651 = ORIENTED_EDGE('',*,*,#3307,.F.);
#4652 = ORIENTED_EDGE('',*,*,#3430,.F.);
#4653 = ORIENTED_EDGE('',*,*,#3525,.T.);
#4654 = ORIENTED_EDGE('',*,*,#4655,.F.);
#4655 = EDGE_CURVE('',#4656,#1704,#4658,.T.);
#4656 = VERTEX_POINT('',#4657);
#4657 = CARTESIAN_POINT('',(1.82,0.32,-4.25));
#4658 = LINE('',#4659,#4660);
#4659 = CARTESIAN_POINT('',(1.82,0.32,-4.25));
#4660 = VECTOR('',#4661,1.);
#4661 = DIRECTION('',(0.,1.,0.));
#4662 = ORIENTED_EDGE('',*,*,#4663,.F.);
#4663 = EDGE_CURVE('',#4631,#4656,#4664,.T.);
#4664 = LINE('',#4665,#4666);
#4665 = CARTESIAN_POINT('',(1.82,0.32,-7.53));
#4666 = VECTOR('',#4667,1.);
#4667 = DIRECTION('',(0.,0.,1.));
#4668 = PLANE('',#4669);
#4669 = AXIS2_PLACEMENT_3D('',#4670,#4671,#4672);
#4670 = CARTESIAN_POINT('',(1.82,0.,0.));
#4671 = DIRECTION('',(1.,0.,0.));
#4672 = DIRECTION('',(0.,0.,-1.));
#4673 = ADVANCED_FACE('',(#4674),#4699,.T.);
#4674 = FACE_BOUND('',#4675,.F.);
#4675 = EDGE_LOOP('',(#4676,#4684,#4685,#4693));
#4676 = ORIENTED_EDGE('',*,*,#4677,.T.);
#4677 = EDGE_CURVE('',#4678,#4598,#4680,.T.);
#4678 = VERTEX_POINT('',#4679);
#4679 = CARTESIAN_POINT('',(1.62,0.12,2.55));
#4680 = LINE('',#4681,#4682);
#4681 = CARTESIAN_POINT('',(1.62,0.12,2.55));
#4682 = VECTOR('',#4683,1.);
#4683 = DIRECTION('',(0.301511344578,0.301511344578,-0.904534033733));
#4684 = ORIENTED_EDGE('',*,*,#4597,.T.);
#4685 = ORIENTED_EDGE('',*,*,#4686,.T.);
#4686 = EDGE_CURVE('',#4600,#4687,#4689,.T.);
#4687 = VERTEX_POINT('',#4688);
#4688 = CARTESIAN_POINT('',(1.62,-0.12,2.55));
#4689 = LINE('',#4690,#4691);
#4690 = CARTESIAN_POINT('',(1.82,-0.32,1.95));
#4691 = VECTOR('',#4692,1.);
#4692 = DIRECTION('',(-0.301511344578,0.301511344578,0.904534033733));
#4693 = ORIENTED_EDGE('',*,*,#4694,.F.);
#4694 = EDGE_CURVE('',#4678,#4687,#4695,.T.);
#4695 = LINE('',#4696,#4697);
#4696 = CARTESIAN_POINT('',(1.62,0.12,2.55));
#4697 = VECTOR('',#4698,1.);
#4698 = DIRECTION('',(0.,-1.,0.));
#4699 = PLANE('',#4700);
#4700 = AXIS2_PLACEMENT_3D('',#4701,#4702,#4703);
#4701 = CARTESIAN_POINT('',(1.72,0.,2.25));
#4702 = DIRECTION('',(0.948683298051,0.,0.316227766017));
#4703 = DIRECTION('',(-0.316227766017,0.,0.948683298051));
#4704 = ADVANCED_FACE('',(#4705),#4730,.T.);
#4705 = FACE_BOUND('',#4706,.F.);
#4706 = EDGE_LOOP('',(#4707,#4708,#4716,#4724));
#4707 = ORIENTED_EDGE('',*,*,#4677,.F.);
#4708 = ORIENTED_EDGE('',*,*,#4709,.T.);
#4709 = EDGE_CURVE('',#4678,#4710,#4712,.T.);
#4710 = VERTEX_POINT('',#4711);
#4711 = CARTESIAN_POINT('',(1.38,0.12,2.55));
#4712 = LINE('',#4713,#4714);
#4713 = CARTESIAN_POINT('',(1.62,0.12,2.55));
#4714 = VECTOR('',#4715,1.);
#4715 = DIRECTION('',(-1.,0.,0.));
#4716 = ORIENTED_EDGE('',*,*,#4717,.T.);
#4717 = EDGE_CURVE('',#4710,#4718,#4720,.T.);
#4718 = VERTEX_POINT('',#4719);
#4719 = CARTESIAN_POINT('',(1.18,0.32,1.95));
#4720 = LINE('',#4721,#4722);
#4721 = CARTESIAN_POINT('',(1.38,0.12,2.55));
#4722 = VECTOR('',#4723,1.);
#4723 = DIRECTION('',(-0.301511344578,0.301511344578,-0.904534033733));
#4724 = ORIENTED_EDGE('',*,*,#4725,.F.);
#4725 = EDGE_CURVE('',#4598,#4718,#4726,.T.);
#4726 = LINE('',#4727,#4728);
#4727 = CARTESIAN_POINT('',(1.82,0.32,1.95));
#4728 = VECTOR('',#4729,1.);
#4729 = DIRECTION('',(-1.,0.,0.));
#4730 = PLANE('',#4731);
#4731 = AXIS2_PLACEMENT_3D('',#4732,#4733,#4734);
#4732 = CARTESIAN_POINT('',(1.5,0.22,2.25));
#4733 = DIRECTION('',(0.,0.948683298051,0.316227766017));
#4734 = DIRECTION('',(0.,0.316227766017,-0.948683298051));
#4735 = ADVANCED_FACE('',(#4736),#4754,.T.);
#4736 = FACE_BOUND('',#4737,.F.);
#4737 = EDGE_LOOP('',(#4738,#4746,#4752,#4753));
#4738 = ORIENTED_EDGE('',*,*,#4739,.T.);
#4739 = EDGE_CURVE('',#4687,#4740,#4742,.T.);
#4740 = VERTEX_POINT('',#4741);
#4741 = CARTESIAN_POINT('',(1.38,-0.12,2.55));
#4742 = LINE('',#4743,#4744);
#4743 = CARTESIAN_POINT('',(1.62,-0.12,2.55));
#4744 = VECTOR('',#4745,1.);
#4745 = DIRECTION('',(-1.,0.,0.));
#4746 = ORIENTED_EDGE('',*,*,#4747,.T.);
#4747 = EDGE_CURVE('',#4740,#4710,#4748,.T.);
#4748 = LINE('',#4749,#4750);
#4749 = CARTESIAN_POINT('',(1.38,-0.12,2.55));
#4750 = VECTOR('',#4751,1.);
#4751 = DIRECTION('',(0.,1.,0.));
#4752 = ORIENTED_EDGE('',*,*,#4709,.F.);
#4753 = ORIENTED_EDGE('',*,*,#4694,.T.);
#4754 = PLANE('',#4755);
#4755 = AXIS2_PLACEMENT_3D('',#4756,#4757,#4758);
#4756 = CARTESIAN_POINT('',(1.82,0.32,2.55));
#4757 = DIRECTION('',(0.,0.,1.));
#4758 = DIRECTION('',(0.,-1.,0.));
#4759 = ADVANCED_FACE('',(#4760),#4778,.T.);
#4760 = FACE_BOUND('',#4761,.F.);
#4761 = EDGE_LOOP('',(#4762,#4763,#4771,#4777));
#4762 = ORIENTED_EDGE('',*,*,#4686,.F.);
#4763 = ORIENTED_EDGE('',*,*,#4764,.T.);
#4764 = EDGE_CURVE('',#4600,#4765,#4767,.T.);
#4765 = VERTEX_POINT('',#4766);
#4766 = CARTESIAN_POINT('',(1.18,-0.32,1.95));
#4767 = LINE('',#4768,#4769);
#4768 = CARTESIAN_POINT('',(1.82,-0.32,1.95));
#4769 = VECTOR('',#4770,1.);
#4770 = DIRECTION('',(-1.,0.,0.));
#4771 = ORIENTED_EDGE('',*,*,#4772,.F.);
#4772 = EDGE_CURVE('',#4740,#4765,#4773,.T.);
#4773 = LINE('',#4774,#4775);
#4774 = CARTESIAN_POINT('',(1.38,-0.12,2.55));
#4775 = VECTOR('',#4776,1.);
#4776 = DIRECTION('',(-0.301511344578,-0.301511344578,-0.904534033733));
#4777 = ORIENTED_EDGE('',*,*,#4739,.F.);
#4778 = PLANE('',#4779);
#4779 = AXIS2_PLACEMENT_3D('',#4780,#4781,#4782);
#4780 = CARTESIAN_POINT('',(1.5,-0.22,2.25));
#4781 = DIRECTION('',(0.,-0.948683298051,0.316227766017));
#4782 = DIRECTION('',(0.,0.316227766017,0.948683298051));
#4783 = ADVANCED_FACE('',(#4784),#4795,.T.);
#4784 = FACE_BOUND('',#4785,.F.);
#4785 = EDGE_LOOP('',(#4786,#4787,#4788,#4789));
#4786 = ORIENTED_EDGE('',*,*,#4764,.F.);
#4787 = ORIENTED_EDGE('',*,*,#4614,.T.);
#4788 = ORIENTED_EDGE('',*,*,#512,.F.);
#4789 = ORIENTED_EDGE('',*,*,#4790,.F.);
#4790 = EDGE_CURVE('',#4765,#505,#4791,.T.);
#4791 = LINE('',#4792,#4793);
#4792 = CARTESIAN_POINT('',(1.18,-0.32,1.95));
#4793 = VECTOR('',#4794,1.);
#4794 = DIRECTION('',(0.,0.,-1.));
#4795 = PLANE('',#4796);
#4796 = AXIS2_PLACEMENT_3D('',#4797,#4798,#4799);
#4797 = CARTESIAN_POINT('',(1.82,-0.32,2.55));
#4798 = DIRECTION('',(0.,-1.,0.));
#4799 = DIRECTION('',(0.,0.,-1.));
#4800 = ADVANCED_FACE('',(#4801),#4817,.F.);
#4801 = FACE_BOUND('',#4802,.F.);
#4802 = EDGE_LOOP('',(#4803,#4809,#4810,#4811));
#4803 = ORIENTED_EDGE('',*,*,#4804,.F.);
#4804 = EDGE_CURVE('',#4765,#4718,#4805,.T.);
#4805 = LINE('',#4806,#4807);
#4806 = CARTESIAN_POINT('',(1.18,-0.32,1.95));
#4807 = VECTOR('',#4808,1.);
#4808 = DIRECTION('',(0.,1.,0.));
#4809 = ORIENTED_EDGE('',*,*,#4790,.T.);
#4810 = ORIENTED_EDGE('',*,*,#504,.T.);
#4811 = ORIENTED_EDGE('',*,*,#4812,.T.);
#4812 = EDGE_CURVE('',#497,#4718,#4813,.T.);
#4813 = LINE('',#4814,#4815);
#4814 = CARTESIAN_POINT('',(1.18,0.32,-1.65));
#4815 = VECTOR('',#4816,1.);
#4816 = DIRECTION('',(0.,0.,1.));
#4817 = PLANE('',#4818);
#4818 = AXIS2_PLACEMENT_3D('',#4819,#4820,#4821);
#4819 = CARTESIAN_POINT('',(1.18,0.,0.));
#4820 = DIRECTION('',(1.,0.,0.));
#4821 = DIRECTION('',(0.,0.,-1.));
#4822 = ADVANCED_FACE('',(#4823),#4866,.F.);
#4823 = FACE_BOUND('',#4824,.F.);
#4824 = EDGE_LOOP('',(#4825,#4835,#4843,#4849,#4850,#4851,#4852,#4860));
#4825 = ORIENTED_EDGE('',*,*,#4826,.F.);
#4826 = EDGE_CURVE('',#4827,#4829,#4831,.T.);
#4827 = VERTEX_POINT('',#4828);
#4828 = CARTESIAN_POINT('',(1.18,0.32,-7.53));
#4829 = VERTEX_POINT('',#4830);
#4830 = CARTESIAN_POINT('',(1.18,-0.32,-7.53));
#4831 = LINE('',#4832,#4833);
#4832 = CARTESIAN_POINT('',(1.18,0.32,-7.53));
#4833 = VECTOR('',#4834,1.);
#4834 = DIRECTION('',(0.,-1.,0.));
#4835 = ORIENTED_EDGE('',*,*,#4836,.T.);
#4836 = EDGE_CURVE('',#4827,#4837,#4839,.T.);
#4837 = VERTEX_POINT('',#4838);
#4838 = CARTESIAN_POINT('',(1.18,0.32,-4.25));
#4839 = LINE('',#4840,#4841);
#4840 = CARTESIAN_POINT('',(1.18,0.32,-7.53));
#4841 = VECTOR('',#4842,1.);
#4842 = DIRECTION('',(0.,0.,1.));
#4843 = ORIENTED_EDGE('',*,*,#4844,.T.);
#4844 = EDGE_CURVE('',#4837,#1916,#4845,.T.);
#4845 = LINE('',#4846,#4847);
#4846 = CARTESIAN_POINT('',(1.18,0.32,-4.25));
#4847 = VECTOR('',#4848,1.);
#4848 = DIRECTION('',(0.,1.,0.));
#4849 = ORIENTED_EDGE('',*,*,#3540,.F.);
#4850 = ORIENTED_EDGE('',*,*,#3445,.T.);
#4851 = ORIENTED_EDGE('',*,*,#3331,.T.);
#4852 = ORIENTED_EDGE('',*,*,#4853,.T.);
#4853 = EDGE_CURVE('',#1948,#4854,#4856,.T.);
#4854 = VERTEX_POINT('',#4855);
#4855 = CARTESIAN_POINT('',(1.18,-0.32,-4.25));
#4856 = LINE('',#4857,#4858);
#4857 = CARTESIAN_POINT('',(1.18,-0.875,-4.25));
#4858 = VECTOR('',#4859,1.);
#4859 = DIRECTION('',(0.,1.,0.));
#4860 = ORIENTED_EDGE('',*,*,#4861,.T.);
#4861 = EDGE_CURVE('',#4854,#4829,#4862,.T.);
#4862 = LINE('',#4863,#4864);
#4863 = CARTESIAN_POINT('',(1.18,-0.32,-4.25));
#4864 = VECTOR('',#4865,1.);
#4865 = DIRECTION('',(0.,0.,-1.));
#4866 = PLANE('',#4867);
#4867 = AXIS2_PLACEMENT_3D('',#4868,#4869,#4870);
#4868 = CARTESIAN_POINT('',(1.18,0.,0.));
#4869 = DIRECTION('',(1.,0.,0.));
#4870 = DIRECTION('',(0.,0.,-1.));
#4871 = ADVANCED_FACE('',(#4872),#4878,.T.);
#4872 = FACE_BOUND('',#4873,.F.);
#4873 = EDGE_LOOP('',(#4874,#4875,#4876,#4877));
#4874 = ORIENTED_EDGE('',*,*,#4717,.F.);
#4875 = ORIENTED_EDGE('',*,*,#4747,.F.);
#4876 = ORIENTED_EDGE('',*,*,#4772,.T.);
#4877 = ORIENTED_EDGE('',*,*,#4804,.T.);
#4878 = PLANE('',#4879);
#4879 = AXIS2_PLACEMENT_3D('',#4880,#4881,#4882);
#4880 = CARTESIAN_POINT('',(1.28,0.,2.25));
#4881 = DIRECTION('',(-0.948683298051,0.,0.316227766017));
#4882 = DIRECTION('',(0.316227766017,0.,0.948683298051));
#4883 = ADVANCED_FACE('',(#4884),#4890,.T.);
#4884 = FACE_BOUND('',#4885,.F.);
#4885 = EDGE_LOOP('',(#4886,#4887,#4888,#4889));
#4886 = ORIENTED_EDGE('',*,*,#4725,.T.);
#4887 = ORIENTED_EDGE('',*,*,#4812,.F.);
#4888 = ORIENTED_EDGE('',*,*,#496,.T.);
#4889 = ORIENTED_EDGE('',*,*,#4607,.T.);
#4890 = PLANE('',#4891);
#4891 = AXIS2_PLACEMENT_3D('',#4892,#4893,#4894);
#4892 = CARTESIAN_POINT('',(1.82,0.32,-2.4));
#4893 = DIRECTION('',(0.,1.,0.));
#4894 = DIRECTION('',(0.,-0.,1.));
#4895 = ADVANCED_FACE('',(#4896),#4921,.T.);
#4896 = FACE_BOUND('',#4897,.F.);
#4897 = EDGE_LOOP('',(#4898,#4906,#4914,#4920));
#4898 = ORIENTED_EDGE('',*,*,#4899,.F.);
#4899 = EDGE_CURVE('',#4900,#4829,#4902,.T.);
#4900 = VERTEX_POINT('',#4901);
#4901 = CARTESIAN_POINT('',(1.38,-0.12,-8.13));
#4902 = LINE('',#4903,#4904);
#4903 = CARTESIAN_POINT('',(1.38,-0.12,-8.13));
#4904 = VECTOR('',#4905,1.);
#4905 = DIRECTION('',(-0.301511344578,-0.301511344578,0.904534033733));
#4906 = ORIENTED_EDGE('',*,*,#4907,.F.);
#4907 = EDGE_CURVE('',#4908,#4900,#4910,.T.);
#4908 = VERTEX_POINT('',#4909);
#4909 = CARTESIAN_POINT('',(1.38,0.12,-8.13));
#4910 = LINE('',#4911,#4912);
#4911 = CARTESIAN_POINT('',(1.38,0.12,-8.13));
#4912 = VECTOR('',#4913,1.);
#4913 = DIRECTION('',(0.,-1.,0.));
#4914 = ORIENTED_EDGE('',*,*,#4915,.T.);
#4915 = EDGE_CURVE('',#4908,#4827,#4916,.T.);
#4916 = LINE('',#4917,#4918);
#4917 = CARTESIAN_POINT('',(1.38,0.12,-8.13));
#4918 = VECTOR('',#4919,1.);
#4919 = DIRECTION('',(-0.301511344578,0.301511344578,0.904534033733));
#4920 = ORIENTED_EDGE('',*,*,#4826,.T.);
#4921 = PLANE('',#4922);
#4922 = AXIS2_PLACEMENT_3D('',#4923,#4924,#4925);
#4923 = CARTESIAN_POINT('',(1.28,0.,-7.83));
#4924 = DIRECTION('',(-0.948683298051,0.,-0.316227766017));
#4925 = DIRECTION('',(0.316227766017,0.,-0.948683298051));
#4926 = ADVANCED_FACE('',(#4927),#4950,.T.);
#4927 = FACE_BOUND('',#4928,.F.);
#4928 = EDGE_LOOP('',(#4929,#4937,#4943,#4944));
#4929 = ORIENTED_EDGE('',*,*,#4930,.F.);
#4930 = EDGE_CURVE('',#4931,#4629,#4933,.T.);
#4931 = VERTEX_POINT('',#4932);
#4932 = CARTESIAN_POINT('',(1.62,-0.12,-8.13));
#4933 = LINE('',#4934,#4935);
#4934 = CARTESIAN_POINT('',(1.62,-0.12,-8.13));
#4935 = VECTOR('',#4936,1.);
#4936 = DIRECTION('',(0.301511344578,-0.301511344578,0.904534033733));
#4937 = ORIENTED_EDGE('',*,*,#4938,.T.);
#4938 = EDGE_CURVE('',#4931,#4900,#4939,.T.);
#4939 = LINE('',#4940,#4941);
#4940 = CARTESIAN_POINT('',(1.62,-0.12,-8.13));
#4941 = VECTOR('',#4942,1.);
#4942 = DIRECTION('',(-1.,0.,0.));
#4943 = ORIENTED_EDGE('',*,*,#4899,.T.);
#4944 = ORIENTED_EDGE('',*,*,#4945,.F.);
#4945 = EDGE_CURVE('',#4629,#4829,#4946,.T.);
#4946 = LINE('',#4947,#4948);
#4947 = CARTESIAN_POINT('',(1.82,-0.32,-7.53));
#4948 = VECTOR('',#4949,1.);
#4949 = DIRECTION('',(-1.,0.,0.));
#4950 = PLANE('',#4951);
#4951 = AXIS2_PLACEMENT_3D('',#4952,#4953,#4954);
#4952 = CARTESIAN_POINT('',(1.5,-0.22,-7.83));
#4953 = DIRECTION('',(0.,-0.948683298051,-0.316227766017));
#4954 = DIRECTION('',(0.,-0.316227766017,0.948683298051));
#4955 = ADVANCED_FACE('',(#4956),#4974,.T.);
#4956 = FACE_BOUND('',#4957,.F.);
#4957 = EDGE_LOOP('',(#4958,#4959,#4960,#4968));
#4958 = ORIENTED_EDGE('',*,*,#4930,.T.);
#4959 = ORIENTED_EDGE('',*,*,#4628,.T.);
#4960 = ORIENTED_EDGE('',*,*,#4961,.T.);
#4961 = EDGE_CURVE('',#4631,#4962,#4964,.T.);
#4962 = VERTEX_POINT('',#4963);
#4963 = CARTESIAN_POINT('',(1.62,0.12,-8.13));
#4964 = LINE('',#4965,#4966);
#4965 = CARTESIAN_POINT('',(1.82,0.32,-7.53));
#4966 = VECTOR('',#4967,1.);
#4967 = DIRECTION('',(-0.301511344578,-0.301511344578,-0.904534033733));
#4968 = ORIENTED_EDGE('',*,*,#4969,.F.);
#4969 = EDGE_CURVE('',#4931,#4962,#4970,.T.);
#4970 = LINE('',#4971,#4972);
#4971 = CARTESIAN_POINT('',(1.62,-0.12,-8.13));
#4972 = VECTOR('',#4973,1.);
#4973 = DIRECTION('',(0.,1.,0.));
#4974 = PLANE('',#4975);
#4975 = AXIS2_PLACEMENT_3D('',#4976,#4977,#4978);
#4976 = CARTESIAN_POINT('',(1.72,0.,-7.83));
#4977 = DIRECTION('',(0.948683298051,0.,-0.316227766017));
#4978 = DIRECTION('',(-0.316227766017,0.,-0.948683298051));
#4979 = ADVANCED_FACE('',(#4980),#4996,.T.);
#4980 = FACE_BOUND('',#4981,.F.);
#4981 = EDGE_LOOP('',(#4982,#4983,#4989,#4990));
#4982 = ORIENTED_EDGE('',*,*,#4961,.F.);
#4983 = ORIENTED_EDGE('',*,*,#4984,.T.);
#4984 = EDGE_CURVE('',#4631,#4827,#4985,.T.);
#4985 = LINE('',#4986,#4987);
#4986 = CARTESIAN_POINT('',(1.82,0.32,-7.53));
#4987 = VECTOR('',#4988,1.);
#4988 = DIRECTION('',(-1.,0.,0.));
#4989 = ORIENTED_EDGE('',*,*,#4915,.F.);
#4990 = ORIENTED_EDGE('',*,*,#4991,.F.);
#4991 = EDGE_CURVE('',#4962,#4908,#4992,.T.);
#4992 = LINE('',#4993,#4994);
#4993 = CARTESIAN_POINT('',(1.62,0.12,-8.13));
#4994 = VECTOR('',#4995,1.);
#4995 = DIRECTION('',(-1.,0.,0.));
#4996 = PLANE('',#4997);
#4997 = AXIS2_PLACEMENT_3D('',#4998,#4999,#5000);
#4998 = CARTESIAN_POINT('',(1.5,0.22,-7.83));
#4999 = DIRECTION('',(0.,0.948683298051,-0.316227766017));
#5000 = DIRECTION('',(0.,-0.316227766017,-0.948683298051));
#5001 = ADVANCED_FACE('',(#5002),#5013,.T.);
#5002 = FACE_BOUND('',#5003,.F.);
#5003 = EDGE_LOOP('',(#5004,#5005,#5006,#5012));
#5004 = ORIENTED_EDGE('',*,*,#4984,.F.);
#5005 = ORIENTED_EDGE('',*,*,#4663,.T.);
#5006 = ORIENTED_EDGE('',*,*,#5007,.T.);
#5007 = EDGE_CURVE('',#4656,#4837,#5008,.T.);
#5008 = LINE('',#5009,#5010);
#5009 = CARTESIAN_POINT('',(1.82,0.32,-4.25));
#5010 = VECTOR('',#5011,1.);
#5011 = DIRECTION('',(-1.,0.,0.));
#5012 = ORIENTED_EDGE('',*,*,#4836,.F.);
#5013 = PLANE('',#5014);
#5014 = AXIS2_PLACEMENT_3D('',#5015,#5016,#5017);
#5015 = CARTESIAN_POINT('',(1.82,0.32,-8.13));
#5016 = DIRECTION('',(0.,1.,0.));
#5017 = DIRECTION('',(0.,-0.,1.));
#5018 = ADVANCED_FACE('',(#5019),#5032,.T.);
#5019 = FACE_BOUND('',#5020,.F.);
#5020 = EDGE_LOOP('',(#5021,#5022,#5023,#5024,#5025,#5026));
#5021 = ORIENTED_EDGE('',*,*,#1923,.F.);
#5022 = ORIENTED_EDGE('',*,*,#4844,.F.);
#5023 = ORIENTED_EDGE('',*,*,#5007,.F.);
#5024 = ORIENTED_EDGE('',*,*,#4655,.T.);
#5025 = ORIENTED_EDGE('',*,*,#1703,.T.);
#5026 = ORIENTED_EDGE('',*,*,#5027,.T.);
#5027 = EDGE_CURVE('',#1696,#1924,#5028,.T.);
#5028 = LINE('',#5029,#5030);
#5029 = CARTESIAN_POINT('',(1.82,1.05,-4.25));
#5030 = VECTOR('',#5031,1.);
#5031 = DIRECTION('',(-1.,0.,0.));
#5032 = PLANE('',#5033);
#5033 = AXIS2_PLACEMENT_3D('',#5034,#5035,#5036);
#5034 = CARTESIAN_POINT('',(1.82,0.32,-4.25));
#5035 = DIRECTION('',(0.,0.,-1.));
#5036 = DIRECTION('',(0.,1.,0.));
#5037 = ADVANCED_FACE('',(#5038),#5044,.T.);
#5038 = FACE_BOUND('',#5039,.F.);
#5039 = EDGE_LOOP('',(#5040,#5041,#5042,#5043));
#5040 = ORIENTED_EDGE('',*,*,#1931,.T.);
#5041 = ORIENTED_EDGE('',*,*,#5027,.F.);
#5042 = ORIENTED_EDGE('',*,*,#1695,.F.);
#5043 = ORIENTED_EDGE('',*,*,#1830,.F.);
#5044 = PLANE('',#5045);
#5045 = AXIS2_PLACEMENT_3D('',#5046,#5047,#5048);
#5046 = CARTESIAN_POINT('',(1.82,1.05,-4.25));
#5047 = DIRECTION('',(0.,1.,0.));
#5048 = DIRECTION('',(0.,-0.,1.));
#5049 = ADVANCED_FACE('',(#5050),#5056,.T.);
#5050 = FACE_BOUND('',#5051,.F.);
#5051 = EDGE_LOOP('',(#5052,#5053,#5054,#5055));
#5052 = ORIENTED_EDGE('',*,*,#4991,.T.);
#5053 = ORIENTED_EDGE('',*,*,#4907,.T.);
#5054 = ORIENTED_EDGE('',*,*,#4938,.F.);
#5055 = ORIENTED_EDGE('',*,*,#4969,.T.);
#5056 = PLANE('',#5057);
#5057 = AXIS2_PLACEMENT_3D('',#5058,#5059,#5060);
#5058 = CARTESIAN_POINT('',(1.82,-0.32,-8.13));
#5059 = DIRECTION('',(0.,0.,-1.));
#5060 = DIRECTION('',(0.,1.,0.));
#5061 = ADVANCED_FACE('',(#5062),#5073,.T.);
#5062 = FACE_BOUND('',#5063,.F.);
#5063 = EDGE_LOOP('',(#5064,#5065,#5066,#5072));
#5064 = ORIENTED_EDGE('',*,*,#4945,.T.);
#5065 = ORIENTED_EDGE('',*,*,#4861,.F.);
#5066 = ORIENTED_EDGE('',*,*,#5067,.F.);
#5067 = EDGE_CURVE('',#4639,#4854,#5068,.T.);
#5068 = LINE('',#5069,#5070);
#5069 = CARTESIAN_POINT('',(1.82,-0.32,-4.25));
#5070 = VECTOR('',#5071,1.);
#5071 = DIRECTION('',(-1.,0.,0.));
#5072 = ORIENTED_EDGE('',*,*,#4638,.T.);
#5073 = PLANE('',#5074);
#5074 = AXIS2_PLACEMENT_3D('',#5075,#5076,#5077);
#5075 = CARTESIAN_POINT('',(1.82,-0.32,-4.25));
#5076 = DIRECTION('',(0.,-1.,0.));
#5077 = DIRECTION('',(0.,0.,-1.));
#5078 = ADVANCED_FACE('',(#5079),#5092,.T.);
#5079 = FACE_BOUND('',#5080,.F.);
#5080 = EDGE_LOOP('',(#5081,#5082,#5088,#5089,#5090,#5091));
#5081 = ORIENTED_EDGE('',*,*,#1945,.F.);
#5082 = ORIENTED_EDGE('',*,*,#5083,.F.);
#5083 = EDGE_CURVE('',#1758,#1946,#5084,.T.);
#5084 = LINE('',#5085,#5086);
#5085 = CARTESIAN_POINT('',(1.82,-1.65,-4.25));
#5086 = VECTOR('',#5087,1.);
#5087 = DIRECTION('',(-1.,0.,0.));
#5088 = ORIENTED_EDGE('',*,*,#1757,.T.);
#5089 = ORIENTED_EDGE('',*,*,#4646,.T.);
#5090 = ORIENTED_EDGE('',*,*,#5067,.T.);
#5091 = ORIENTED_EDGE('',*,*,#4853,.F.);
#5092 = PLANE('',#5093);
#5093 = AXIS2_PLACEMENT_3D('',#5094,#5095,#5096);
#5094 = CARTESIAN_POINT('',(1.82,-1.65,-4.25));
#5095 = DIRECTION('',(0.,0.,-1.));
#5096 = DIRECTION('',(0.,1.,0.));
#5097 = ADVANCED_FACE('',(#5098),#5104,.T.);
#5098 = FACE_BOUND('',#5099,.F.);
#5099 = EDGE_LOOP('',(#5100,#5101,#5102,#5103));
#5100 = ORIENTED_EDGE('',*,*,#1985,.F.);
#5101 = ORIENTED_EDGE('',*,*,#1868,.T.);
#5102 = ORIENTED_EDGE('',*,*,#1767,.T.);
#5103 = ORIENTED_EDGE('',*,*,#5083,.T.);
#5104 = PLANE('',#5105);
#5105 = AXIS2_PLACEMENT_3D('',#5106,#5107,#5108);
#5106 = CARTESIAN_POINT('',(1.82,-1.65,-3.6));
#5107 = DIRECTION('',(0.,-1.,0.));
#5108 = DIRECTION('',(0.,0.,-1.));
#5109 = ADVANCED_FACE('',(#5110),#5121,.T.);
#5110 = FACE_BOUND('',#5111,.F.);
#5111 = EDGE_LOOP('',(#5112,#5113,#5114,#5115));
#5112 = ORIENTED_EDGE('',*,*,#624,.T.);
#5113 = ORIENTED_EDGE('',*,*,#543,.T.);
#5114 = ORIENTED_EDGE('',*,*,#412,.F.);
#5115 = ORIENTED_EDGE('',*,*,#5116,.F.);
#5116 = EDGE_CURVE('',#625,#405,#5117,.T.);
#5117 = LINE('',#5118,#5119);
#5118 = CARTESIAN_POINT('',(-2.77,1.25,4.95));
#5119 = VECTOR('',#5120,1.);
#5120 = DIRECTION('',(0.,0.,-1.));
#5121 = PLANE('',#5122);
#5122 = AXIS2_PLACEMENT_3D('',#5123,#5124,#5125);
#5123 = CARTESIAN_POINT('',(-2.77,1.25,4.95));
#5124 = DIRECTION('',(0.,-1.,0.));
#5125 = DIRECTION('',(1.,0.,0.));
#5126 = ADVANCED_FACE('',(#5127),#5138,.T.);
#5127 = FACE_BOUND('',#5128,.F.);
#5128 = EDGE_LOOP('',(#5129,#5130,#5131,#5132));
#5129 = ORIENTED_EDGE('',*,*,#632,.T.);
#5130 = ORIENTED_EDGE('',*,*,#5116,.T.);
#5131 = ORIENTED_EDGE('',*,*,#404,.F.);
#5132 = ORIENTED_EDGE('',*,*,#5133,.F.);
#5133 = EDGE_CURVE('',#633,#397,#5134,.T.);
#5134 = LINE('',#5135,#5136);
#5135 = CARTESIAN_POINT('',(-2.77,-1.25,4.95));
#5136 = VECTOR('',#5137,1.);
#5137 = DIRECTION('',(0.,0.,-1.));
#5138 = PLANE('',#5139);
#5139 = AXIS2_PLACEMENT_3D('',#5140,#5141,#5142);
#5140 = CARTESIAN_POINT('',(-2.77,-1.25,4.95));
#5141 = DIRECTION('',(1.,0.,0.));
#5142 = DIRECTION('',(-0.,1.,0.));
#5143 = ADVANCED_FACE('',(#5144),#5150,.T.);
#5144 = FACE_BOUND('',#5145,.F.);
#5145 = EDGE_LOOP('',(#5146,#5147,#5148,#5149));
#5146 = ORIENTED_EDGE('',*,*,#640,.T.);
#5147 = ORIENTED_EDGE('',*,*,#5133,.T.);
#5148 = ORIENTED_EDGE('',*,*,#396,.F.);
#5149 = ORIENTED_EDGE('',*,*,#536,.F.);
#5150 = PLANE('',#5151);
#5151 = AXIS2_PLACEMENT_3D('',#5152,#5153,#5154);
#5152 = CARTESIAN_POINT('',(-0.23,-1.25,4.95));
#5153 = DIRECTION('',(0.,1.,0.));
#5154 = DIRECTION('',(-1.,0.,0.));
#5155 = ADVANCED_FACE('',(#5156),#5172,.T.);
#5156 = FACE_BOUND('',#5157,.F.);
#5157 = EDGE_LOOP('',(#5158,#5159,#5165,#5166));
#5158 = ORIENTED_EDGE('',*,*,#648,.T.);
#5159 = ORIENTED_EDGE('',*,*,#5160,.T.);
#5160 = EDGE_CURVE('',#651,#447,#5161,.T.);
#5161 = LINE('',#5162,#5163);
#5162 = CARTESIAN_POINT('',(0.93,-1.25,4.95));
#5163 = VECTOR('',#5164,1.);
#5164 = DIRECTION('',(0.,0.,-1.));
#5165 = ORIENTED_EDGE('',*,*,#444,.F.);
#5166 = ORIENTED_EDGE('',*,*,#5167,.F.);
#5167 = EDGE_CURVE('',#649,#445,#5168,.T.);
#5168 = LINE('',#5169,#5170);
#5169 = CARTESIAN_POINT('',(2.77,-1.25,4.95));
#5170 = VECTOR('',#5171,1.);
#5171 = DIRECTION('',(0.,0.,-1.));
#5172 = PLANE('',#5173);
#5173 = AXIS2_PLACEMENT_3D('',#5174,#5175,#5176);
#5174 = CARTESIAN_POINT('',(2.77,-1.25,4.95));
#5175 = DIRECTION('',(0.,1.,0.));
#5176 = DIRECTION('',(-1.,0.,0.));
#5177 = ADVANCED_FACE('',(#5178),#5189,.T.);
#5178 = FACE_BOUND('',#5179,.F.);
#5179 = EDGE_LOOP('',(#5180,#5181,#5187,#5188));
#5180 = ORIENTED_EDGE('',*,*,#682,.T.);
#5181 = ORIENTED_EDGE('',*,*,#5182,.T.);
#5182 = EDGE_CURVE('',#675,#455,#5183,.T.);
#5183 = LINE('',#5184,#5185);
#5184 = CARTESIAN_POINT('',(0.23,-0.55,4.95));
#5185 = VECTOR('',#5186,1.);
#5186 = DIRECTION('',(0.,0.,-1.));
#5187 = ORIENTED_EDGE('',*,*,#454,.F.);
#5188 = ORIENTED_EDGE('',*,*,#5160,.F.);
#5189 = PLANE('',#5190);
#5190 = AXIS2_PLACEMENT_3D('',#5191,#5192,#5193);
#5191 = CARTESIAN_POINT('',(0.93,-1.25,4.95));
#5192 = DIRECTION('',(0.707106781187,0.707106781187,0.));
#5193 = DIRECTION('',(-0.707106781187,0.707106781187,0.));
#5194 = ADVANCED_FACE('',(#5195),#5206,.T.);
#5195 = FACE_BOUND('',#5196,.F.);
#5196 = EDGE_LOOP('',(#5197,#5198,#5204,#5205));
#5197 = ORIENTED_EDGE('',*,*,#674,.T.);
#5198 = ORIENTED_EDGE('',*,*,#5199,.T.);
#5199 = EDGE_CURVE('',#667,#463,#5200,.T.);
#5200 = LINE('',#5201,#5202);
#5201 = CARTESIAN_POINT('',(0.23,1.25,4.95));
#5202 = VECTOR('',#5203,1.);
#5203 = DIRECTION('',(0.,0.,-1.));
#5204 = ORIENTED_EDGE('',*,*,#462,.F.);
#5205 = ORIENTED_EDGE('',*,*,#5182,.F.);
#5206 = PLANE('',#5207);
#5207 = AXIS2_PLACEMENT_3D('',#5208,#5209,#5210);
#5208 = CARTESIAN_POINT('',(0.23,-0.55,4.95));
#5209 = DIRECTION('',(1.,0.,0.));
#5210 = DIRECTION('',(-0.,1.,0.));
#5211 = ADVANCED_FACE('',(#5212),#5223,.T.);
#5212 = FACE_BOUND('',#5213,.F.);
#5213 = EDGE_LOOP('',(#5214,#5215,#5221,#5222));
#5214 = ORIENTED_EDGE('',*,*,#666,.T.);
#5215 = ORIENTED_EDGE('',*,*,#5216,.T.);
#5216 = EDGE_CURVE('',#659,#471,#5217,.T.);
#5217 = LINE('',#5218,#5219);
#5218 = CARTESIAN_POINT('',(2.77,1.25,4.95));
#5219 = VECTOR('',#5220,1.);
#5220 = DIRECTION('',(0.,0.,-1.));
#5221 = ORIENTED_EDGE('',*,*,#470,.F.);
#5222 = ORIENTED_EDGE('',*,*,#5199,.F.);
#5223 = PLANE('',#5224);
#5224 = AXIS2_PLACEMENT_3D('',#5225,#5226,#5227);
#5225 = CARTESIAN_POINT('',(0.23,1.25,4.95));
#5226 = DIRECTION('',(0.,-1.,0.));
#5227 = DIRECTION('',(1.,0.,0.));
#5228 = ADVANCED_FACE('',(#5229),#5235,.T.);
#5229 = FACE_BOUND('',#5230,.F.);
#5230 = EDGE_LOOP('',(#5231,#5232,#5233,#5234));
#5231 = ORIENTED_EDGE('',*,*,#658,.T.);
#5232 = ORIENTED_EDGE('',*,*,#5167,.T.);
#5233 = ORIENTED_EDGE('',*,*,#478,.F.);
#5234 = ORIENTED_EDGE('',*,*,#5216,.F.);
#5235 = PLANE('',#5236);
#5236 = AXIS2_PLACEMENT_3D('',#5237,#5238,#5239);
#5237 = CARTESIAN_POINT('',(2.77,1.25,4.95));
#5238 = DIRECTION('',(-1.,0.,0.));
#5239 = DIRECTION('',(0.,-1.,0.));
#5240 = MANIFOLD_SOLID_BREP('',#5241);
#5241 = CLOSED_SHELL('',(#5242,#5291,#5322,#5346,#5370,#5394,#5412));
#5242 = ADVANCED_FACE('',(#5243),#5286,.F.);
#5243 = FACE_BOUND('',#5244,.F.);
#5244 = EDGE_LOOP('',(#5245,#5255,#5264,#5272,#5280));
#5245 = ORIENTED_EDGE('',*,*,#5246,.T.);
#5246 = EDGE_CURVE('',#5247,#5249,#5251,.T.);
#5247 = VERTEX_POINT('',#5248);
#5248 = CARTESIAN_POINT('',(-1.3,1.935,4.4));
#5249 = VERTEX_POINT('',#5250);
#5250 = CARTESIAN_POINT('',(-1.3,1.935,1.95));
#5251 = LINE('',#5252,#5253);
#5252 = CARTESIAN_POINT('',(-1.3,1.935,4.4));
#5253 = VECTOR('',#5254,1.);
#5254 = DIRECTION('',(0.,0.,-1.));
#5255 = ORIENTED_EDGE('',*,*,#5256,.T.);
#5256 = EDGE_CURVE('',#5249,#5257,#5259,.T.);
#5257 = VERTEX_POINT('',#5258);
#5258 = CARTESIAN_POINT('',(-1.3,2.435,2.45));
#5259 = CIRCLE('',#5260,0.5);
#5260 = AXIS2_PLACEMENT_3D('',#5261,#5262,#5263);
#5261 = CARTESIAN_POINT('',(-1.3,2.435,1.95));
#5262 = DIRECTION('',(-1.,0.,0.));
#5263 = DIRECTION('',(0.,-1.,0.));
#5264 = ORIENTED_EDGE('',*,*,#5265,.T.);
#5265 = EDGE_CURVE('',#5257,#5266,#5268,.T.);
#5266 = VERTEX_POINT('',#5267);
#5267 = CARTESIAN_POINT('',(-1.3,3.135,2.45));
#5268 = LINE('',#5269,#5270);
#5269 = CARTESIAN_POINT('',(-1.3,2.435,2.45));
#5270 = VECTOR('',#5271,1.);
#5271 = DIRECTION('',(0.,1.,0.));
#5272 = ORIENTED_EDGE('',*,*,#5273,.T.);
#5273 = EDGE_CURVE('',#5266,#5274,#5276,.T.);
#5274 = VERTEX_POINT('',#5275);
#5275 = CARTESIAN_POINT('',(-1.3,3.135,3.2));
#5276 = LINE('',#5277,#5278);
#5277 = CARTESIAN_POINT('',(-1.3,3.135,2.45));
#5278 = VECTOR('',#5279,1.);
#5279 = DIRECTION('',(0.,0.,1.));
#5280 = ORIENTED_EDGE('',*,*,#5281,.T.);
#5281 = EDGE_CURVE('',#5274,#5247,#5282,.T.);
#5282 = LINE('',#5283,#5284);
#5283 = CARTESIAN_POINT('',(-1.3,3.135,3.2));
#5284 = VECTOR('',#5285,1.);
#5285 = DIRECTION('',(0.,-0.707106781187,0.707106781187));
#5286 = PLANE('',#5287);
#5287 = AXIS2_PLACEMENT_3D('',#5288,#5289,#5290);
#5288 = CARTESIAN_POINT('',(-1.3,0.,0.));
#5289 = DIRECTION('',(1.,0.,0.));
#5290 = DIRECTION('',(0.,0.,-1.));
#5291 = ADVANCED_FACE('',(#5292),#5317,.T.);
#5292 = FACE_BOUND('',#5293,.F.);
#5293 = EDGE_LOOP('',(#5294,#5295,#5303,#5311));
#5294 = ORIENTED_EDGE('',*,*,#5246,.F.);
#5295 = ORIENTED_EDGE('',*,*,#5296,.T.);
#5296 = EDGE_CURVE('',#5247,#5297,#5299,.T.);
#5297 = VERTEX_POINT('',#5298);
#5298 = CARTESIAN_POINT('',(1.3,1.935,4.4));
#5299 = LINE('',#5300,#5301);
#5300 = CARTESIAN_POINT('',(-1.3,1.935,4.4));
#5301 = VECTOR('',#5302,1.);
#5302 = DIRECTION('',(1.,0.,0.));
#5303 = ORIENTED_EDGE('',*,*,#5304,.T.);
#5304 = EDGE_CURVE('',#5297,#5305,#5307,.T.);
#5305 = VERTEX_POINT('',#5306);
#5306 = CARTESIAN_POINT('',(1.3,1.935,1.95));
#5307 = LINE('',#5308,#5309);
#5308 = CARTESIAN_POINT('',(1.3,1.935,4.4));
#5309 = VECTOR('',#5310,1.);
#5310 = DIRECTION('',(0.,0.,-1.));
#5311 = ORIENTED_EDGE('',*,*,#5312,.F.);
#5312 = EDGE_CURVE('',#5249,#5305,#5313,.T.);
#5313 = LINE('',#5314,#5315);
#5314 = CARTESIAN_POINT('',(-1.3,1.935,1.95));
#5315 = VECTOR('',#5316,1.);
#5316 = DIRECTION('',(1.,0.,0.));
#5317 = PLANE('',#5318);
#5318 = AXIS2_PLACEMENT_3D('',#5319,#5320,#5321);
#5319 = CARTESIAN_POINT('',(-1.3,1.935,4.4));
#5320 = DIRECTION('',(0.,-1.,0.));
#5321 = DIRECTION('',(0.,0.,-1.));
#5322 = ADVANCED_FACE('',(#5323),#5341,.T.);
#5323 = FACE_BOUND('',#5324,.F.);
#5324 = EDGE_LOOP('',(#5325,#5326,#5334,#5340));
#5325 = ORIENTED_EDGE('',*,*,#5281,.F.);
#5326 = ORIENTED_EDGE('',*,*,#5327,.T.);
#5327 = EDGE_CURVE('',#5274,#5328,#5330,.T.);
#5328 = VERTEX_POINT('',#5329);
#5329 = CARTESIAN_POINT('',(1.3,3.135,3.2));
#5330 = LINE('',#5331,#5332);
#5331 = CARTESIAN_POINT('',(-1.3,3.135,3.2));
#5332 = VECTOR('',#5333,1.);
#5333 = DIRECTION('',(1.,0.,0.));
#5334 = ORIENTED_EDGE('',*,*,#5335,.T.);
#5335 = EDGE_CURVE('',#5328,#5297,#5336,.T.);
#5336 = LINE('',#5337,#5338);
#5337 = CARTESIAN_POINT('',(1.3,3.135,3.2));
#5338 = VECTOR('',#5339,1.);
#5339 = DIRECTION('',(0.,-0.707106781187,0.707106781187));
#5340 = ORIENTED_EDGE('',*,*,#5296,.F.);
#5341 = PLANE('',#5342);
#5342 = AXIS2_PLACEMENT_3D('',#5343,#5344,#5345);
#5343 = CARTESIAN_POINT('',(-1.3,3.135,3.2));
#5344 = DIRECTION('',(0.,0.707106781187,0.707106781187));
#5345 = DIRECTION('',(0.,-0.707106781187,0.707106781187));
#5346 = ADVANCED_FACE('',(#5347),#5365,.T.);
#5347 = FACE_BOUND('',#5348,.F.);
#5348 = EDGE_LOOP('',(#5349,#5350,#5358,#5364));
#5349 = ORIENTED_EDGE('',*,*,#5273,.F.);
#5350 = ORIENTED_EDGE('',*,*,#5351,.T.);
#5351 = EDGE_CURVE('',#5266,#5352,#5354,.T.);
#5352 = VERTEX_POINT('',#5353);
#5353 = CARTESIAN_POINT('',(1.3,3.135,2.45));
#5354 = LINE('',#5355,#5356);
#5355 = CARTESIAN_POINT('',(-1.3,3.135,2.45));
#5356 = VECTOR('',#5357,1.);
#5357 = DIRECTION('',(1.,0.,0.));
#5358 = ORIENTED_EDGE('',*,*,#5359,.T.);
#5359 = EDGE_CURVE('',#5352,#5328,#5360,.T.);
#5360 = LINE('',#5361,#5362);
#5361 = CARTESIAN_POINT('',(1.3,3.135,2.45));
#5362 = VECTOR('',#5363,1.);
#5363 = DIRECTION('',(0.,0.,1.));
#5364 = ORIENTED_EDGE('',*,*,#5327,.F.);
#5365 = PLANE('',#5366);
#5366 = AXIS2_PLACEMENT_3D('',#5367,#5368,#5369);
#5367 = CARTESIAN_POINT('',(-1.3,3.135,2.45));
#5368 = DIRECTION('',(0.,1.,0.));
#5369 = DIRECTION('',(0.,-0.,1.));
#5370 = ADVANCED_FACE('',(#5371),#5389,.T.);
#5371 = FACE_BOUND('',#5372,.F.);
#5372 = EDGE_LOOP('',(#5373,#5374,#5382,#5388));
#5373 = ORIENTED_EDGE('',*,*,#5265,.F.);
#5374 = ORIENTED_EDGE('',*,*,#5375,.T.);
#5375 = EDGE_CURVE('',#5257,#5376,#5378,.T.);
#5376 = VERTEX_POINT('',#5377);
#5377 = CARTESIAN_POINT('',(1.3,2.435,2.45));
#5378 = LINE('',#5379,#5380);
#5379 = CARTESIAN_POINT('',(-1.3,2.435,2.45));
#5380 = VECTOR('',#5381,1.);
#5381 = DIRECTION('',(1.,0.,0.));
#5382 = ORIENTED_EDGE('',*,*,#5383,.T.);
#5383 = EDGE_CURVE('',#5376,#5352,#5384,.T.);
#5384 = LINE('',#5385,#5386);
#5385 = CARTESIAN_POINT('',(1.3,2.435,2.45));
#5386 = VECTOR('',#5387,1.);
#5387 = DIRECTION('',(0.,1.,0.));
#5388 = ORIENTED_EDGE('',*,*,#5351,.F.);
#5389 = PLANE('',#5390);
#5390 = AXIS2_PLACEMENT_3D('',#5391,#5392,#5393);
#5391 = CARTESIAN_POINT('',(-1.3,2.435,2.45));
#5392 = DIRECTION('',(0.,0.,-1.));
#5393 = DIRECTION('',(0.,1.,0.));
#5394 = ADVANCED_FACE('',(#5395),#5407,.F.);
#5395 = FACE_BOUND('',#5396,.F.);
#5396 = EDGE_LOOP('',(#5397,#5398,#5399,#5406));
#5397 = ORIENTED_EDGE('',*,*,#5256,.F.);
#5398 = ORIENTED_EDGE('',*,*,#5312,.T.);
#5399 = ORIENTED_EDGE('',*,*,#5400,.T.);
#5400 = EDGE_CURVE('',#5305,#5376,#5401,.T.);
#5401 = CIRCLE('',#5402,0.5);
#5402 = AXIS2_PLACEMENT_3D('',#5403,#5404,#5405);
#5403 = CARTESIAN_POINT('',(1.3,2.435,1.95));
#5404 = DIRECTION('',(-1.,0.,0.));
#5405 = DIRECTION('',(0.,-1.,0.));
#5406 = ORIENTED_EDGE('',*,*,#5375,.F.);
#5407 = CYLINDRICAL_SURFACE('',#5408,0.5);
#5408 = AXIS2_PLACEMENT_3D('',#5409,#5410,#5411);
#5409 = CARTESIAN_POINT('',(-1.3,2.435,1.95));
#5410 = DIRECTION('',(1.,0.,0.));
#5411 = DIRECTION('',(0.,0.,-1.));
#5412 = ADVANCED_FACE('',(#5413),#5420,.T.);
#5413 = FACE_BOUND('',#5414,.F.);
#5414 = EDGE_LOOP('',(#5415,#5416,#5417,#5418,#5419));
#5415 = ORIENTED_EDGE('',*,*,#5304,.F.);
#5416 = ORIENTED_EDGE('',*,*,#5335,.F.);
#5417 = ORIENTED_EDGE('',*,*,#5359,.F.);
#5418 = ORIENTED_EDGE('',*,*,#5383,.F.);
#5419 = ORIENTED_EDGE('',*,*,#5400,.F.);
#5420 = PLANE('',#5421);
#5421 = AXIS2_PLACEMENT_3D('',#5422,#5423,#5424);
#5422 = CARTESIAN_POINT('',(1.3,0.,0.));
#5423 = DIRECTION('',(1.,0.,0.));
#5424 = DIRECTION('',(0.,0.,-1.));
#5425 = GEOMETRIC_CURVE_SET('',(#5426,#5434));
#5426 = TRIMMED_CURVE('',#5427,(#5432,PARAMETER_VALUE(0.)),(#5433,
    PARAMETER_VALUE(3.141592653589)),.T.,.PARAMETER.);
#5427 = CIRCLE('',#5428,0.51);
#5428 = AXIS2_PLACEMENT_3D('',#5429,#5430,#5431);
#5429 = CARTESIAN_POINT('',(1.5,0.,-4.95));
#5430 = DIRECTION('',(0.,0.,-1.));
#5431 = DIRECTION('',(-1.,0.,0.));
#5432 = CARTESIAN_POINT('',(0.99,-1.513235405051E-13,-4.95));
#5433 = CARTESIAN_POINT('',(2.01,1.513235405051E-13,-4.95));
#5434 = TRIMMED_CURVE('',#5435,(#5440,PARAMETER_VALUE(0.)),(#5441,
    PARAMETER_VALUE(3.141592653589)),.T.,.PARAMETER.);
#5435 = CIRCLE('',#5436,0.51);
#5436 = AXIS2_PLACEMENT_3D('',#5437,#5438,#5439);
#5437 = CARTESIAN_POINT('',(1.5,0.,-4.95));
#5438 = DIRECTION('',(0.,0.,-1.));
#5439 = DIRECTION('',(1.,0.,0.));
#5440 = CARTESIAN_POINT('',(2.01,1.513235405051E-13,-4.95));
#5441 = CARTESIAN_POINT('',(0.99,-1.513235405051E-13,-4.95));
#5442 = GEOMETRIC_CURVE_SET('',(#5443,#5451));
#5443 = TRIMMED_CURVE('',#5444,(#5449,PARAMETER_VALUE(0.)),(#5450,
    PARAMETER_VALUE(3.141592653589)),.T.,.PARAMETER.);
#5444 = CIRCLE('',#5445,0.51);
#5445 = AXIS2_PLACEMENT_3D('',#5446,#5447,#5448);
#5446 = CARTESIAN_POINT('',(-1.5,0.,-4.95));
#5447 = DIRECTION('',(0.,0.,-1.));
#5448 = DIRECTION('',(-1.,0.,0.));
#5449 = CARTESIAN_POINT('',(-2.01,-1.513235405051E-13,-4.95));
#5450 = CARTESIAN_POINT('',(-0.99,1.513235405051E-13,-4.95));
#5451 = TRIMMED_CURVE('',#5452,(#5457,PARAMETER_VALUE(0.)),(#5458,
    PARAMETER_VALUE(3.141592653589)),.T.,.PARAMETER.);
#5452 = CIRCLE('',#5453,0.51);
#5453 = AXIS2_PLACEMENT_3D('',#5454,#5455,#5456);
#5454 = CARTESIAN_POINT('',(-1.5,0.,-4.95));
#5455 = DIRECTION('',(0.,0.,-1.));
#5456 = DIRECTION('',(1.,0.,0.));
#5457 = CARTESIAN_POINT('',(-0.99,1.513235405051E-13,-4.95));
#5458 = CARTESIAN_POINT('',(-2.01,-1.513235405051E-13,-4.95));
#5459 = GEOMETRIC_CURVE_SET('',(#5460,#5468));
#5460 = TRIMMED_CURVE('',#5461,(#5466,PARAMETER_VALUE(0.)),(#5467,
    PARAMETER_VALUE(3.141592653589)),.T.,.PARAMETER.);
#5461 = CIRCLE('',#5462,0.635);
#5462 = AXIS2_PLACEMENT_3D('',#5463,#5464,#5465);
#5463 = CARTESIAN_POINT('',(4.5,-1.96,-4.95));
#5464 = DIRECTION('',(0.,0.,-1.));
#5465 = DIRECTION('',(-1.,0.,0.));
#5466 = CARTESIAN_POINT('',(3.865,-1.96,-4.95));
#5467 = CARTESIAN_POINT('',(5.135,-1.96,-4.95));
#5468 = TRIMMED_CURVE('',#5469,(#5474,PARAMETER_VALUE(0.)),(#5475,
    PARAMETER_VALUE(3.141592653589)),.T.,.PARAMETER.);
#5469 = CIRCLE('',#5470,0.635);
#5470 = AXIS2_PLACEMENT_3D('',#5471,#5472,#5473);
#5471 = CARTESIAN_POINT('',(4.5,-1.96,-4.95));
#5472 = DIRECTION('',(0.,0.,-1.));
#5473 = DIRECTION('',(1.,0.,0.));
#5474 = CARTESIAN_POINT('',(5.135,-1.96,-4.95));
#5475 = CARTESIAN_POINT('',(3.865,-1.96,-4.95));
#5476 = GEOMETRIC_CURVE_SET('',(#5477,#5485));
#5477 = TRIMMED_CURVE('',#5478,(#5483,PARAMETER_VALUE(0.)),(#5484,
    PARAMETER_VALUE(3.141592653589)),.T.,.PARAMETER.);
#5478 = CIRCLE('',#5479,0.635);
#5479 = AXIS2_PLACEMENT_3D('',#5480,#5481,#5482);
#5480 = CARTESIAN_POINT('',(-4.5,-1.96,-4.95));
#5481 = DIRECTION('',(0.,0.,-1.));
#5482 = DIRECTION('',(-1.,0.,0.));
#5483 = CARTESIAN_POINT('',(-5.135,-1.96,-4.95));
#5484 = CARTESIAN_POINT('',(-3.865,-1.96,-4.95));
#5485 = TRIMMED_CURVE('',#5486,(#5491,PARAMETER_VALUE(0.)),(#5492,
    PARAMETER_VALUE(3.141592653589)),.T.,.PARAMETER.);
#5486 = CIRCLE('',#5487,0.635);
#5487 = AXIS2_PLACEMENT_3D('',#5488,#5489,#5490);
#5488 = CARTESIAN_POINT('',(-4.5,-1.96,-4.95));
#5489 = DIRECTION('',(0.,0.,-1.));
#5490 = DIRECTION('',(1.,0.,0.));
#5491 = CARTESIAN_POINT('',(-3.865,-1.96,-4.95));
#5492 = CARTESIAN_POINT('',(-5.135,-1.96,-4.95));
#5493 = ( GEOMETRIC_REPRESENTATION_CONTEXT(3) 
GLOBAL_UNCERTAINTY_ASSIGNED_CONTEXT((#5497)) 
GLOBAL_UNIT_ASSIGNED_CONTEXT((#5494,#5495,#5496)) REPRESENTATION_CONTEXT
('Context #1','3D Context with UNIT and UNCERTAINTY') );
#5494 = ( LENGTH_UNIT() NAMED_UNIT(*) SI_UNIT(.MILLI.,.METRE.) );
#5495 = ( NAMED_UNIT(*) PLANE_ANGLE_UNIT() SI_UNIT($,.RADIAN.) );
#5496 = ( NAMED_UNIT(*) SI_UNIT($,.STERADIAN.) SOLID_ANGLE_UNIT() );
#5497 = UNCERTAINTY_MEASURE_WITH_UNIT(LENGTH_MEASURE(1.E-07),#5494,
  'distance_accuracy_value','confusion accuracy');
#5498 = CONTEXT_DEPENDENT_SHAPE_REPRESENTATION(#5499,#5501);
#5499 = ( REPRESENTATION_RELATIONSHIP('','',#71,#48) 
REPRESENTATION_RELATIONSHIP_WITH_TRANSFORMATION(#5500) 
SHAPE_REPRESENTATION_RELATIONSHIP() );
#5500 = ITEM_DEFINED_TRANSFORMATION('','',#11,#49);
#5501 = PRODUCT_DEFINITION_SHAPE('Placement','Placement of an item',
  #5502);
#5502 = NEXT_ASSEMBLY_USAGE_OCCURRENCE('1','=>[0:1:1:3]','',#43,#66,$);
#5503 = PRODUCT_RELATED_PRODUCT_CATEGORY('part',$,(#68));
#5504 = SHAPE_DEFINITION_REPRESENTATION(#5505,#5511);
#5505 = PRODUCT_DEFINITION_SHAPE('','',#5506);
#5506 = PRODUCT_DEFINITION('design','',#5507,#5510);
#5507 = PRODUCT_DEFINITION_FORMATION('','',#5508);
#5508 = PRODUCT('436500428','436500428','',(#5509));
#5509 = PRODUCT_CONTEXT('',#2,'mechanical');
#5510 = PRODUCT_DEFINITION_CONTEXT('part definition',#2,'design');
#5511 = SHAPE_REPRESENTATION('',(#11,#5512),#5516);
#5512 = AXIS2_PLACEMENT_3D('',#5513,#5514,#5515);
#5513 = CARTESIAN_POINT('',(0.,0.,0.));
#5514 = DIRECTION('',(0.,0.,1.));
#5515 = DIRECTION('',(1.,0.,-0.));
#5516 = ( GEOMETRIC_REPRESENTATION_CONTEXT(3) 
GLOBAL_UNCERTAINTY_ASSIGNED_CONTEXT((#5520)) 
GLOBAL_UNIT_ASSIGNED_CONTEXT((#5517,#5518,#5519)) REPRESENTATION_CONTEXT
('Context #1','3D Context with UNIT and UNCERTAINTY') );
#5517 = ( LENGTH_UNIT() NAMED_UNIT(*) SI_UNIT(.MILLI.,.METRE.) );
#5518 = ( NAMED_UNIT(*) PLANE_ANGLE_UNIT() SI_UNIT($,.RADIAN.) );
#5519 = ( NAMED_UNIT(*) SI_UNIT($,.STERADIAN.) SOLID_ANGLE_UNIT() );
#5520 = UNCERTAINTY_MEASURE_WITH_UNIT(LENGTH_MEASURE(1.E-07),#5517,
  'distance_accuracy_value','confusion accuracy');
#5521 = CONTEXT_DEPENDENT_SHAPE_REPRESENTATION(#5522,#5524);
#5522 = ( REPRESENTATION_RELATIONSHIP('','',#5511,#10) 
REPRESENTATION_RELATIONSHIP_WITH_TRANSFORMATION(#5523) 
SHAPE_REPRESENTATION_RELATIONSHIP() );
#5523 = ITEM_DEFINED_TRANSFORMATION('','',#11,#19);
#5524 = PRODUCT_DEFINITION_SHAPE('Placement','Placement of an item',
  #5525);
#5525 = NEXT_ASSEMBLY_USAGE_OCCURRENCE('4','J4','',#5,#5506,$);
#5526 = PRODUCT_RELATED_PRODUCT_CATEGORY('part',$,(#5508));
#5527 = SHAPE_DEFINITION_REPRESENTATION(#5528,#5534);
#5528 = PRODUCT_DEFINITION_SHAPE('','',#5529);
#5529 = PRODUCT_DEFINITION('design','',#5530,#5533);
#5530 = PRODUCT_DEFINITION_FORMATION('','',#5531);
#5531 = PRODUCT('436500428','436500428','',(#5532));
#5532 = PRODUCT_CONTEXT('',#2,'mechanical');
#5533 = PRODUCT_DEFINITION_CONTEXT('part definition',#2,'design');
#5534 = SHAPE_REPRESENTATION('',(#11,#5535,#13233,#13418,#13435,#13452,
    #13469,#13486,#13503),#13520);
#5535 = MANIFOLD_SOLID_BREP('',#5536);
#5536 = CLOSED_SHELL('',(#5537,#5577,#5608,#5632,#5656,#5687,#5716,#5788
    ,#5800,#5824,#5841,#5913,#5967,#6041,#6123,#6205,#6236,#6459,#6490,
    #6513,#6543,#6567,#6768,#6799,#6823,#6847,#6871,#6895,#6919,#6936,
    #6951,#6982,#7013,#7037,#7077,#7101,#7141,#7197,#7226,#7238,#7255,
    #7295,#7335,#7375,#7415,#7455,#7502,#7528,#7600,#7663,#7694,#7725,
    #7788,#7842,#8049,#8110,#8171,#8202,#8226,#8250,#8372,#8451,#8468,
    #8557,#8581,#8605,#8692,#8709,#8783,#8800,#8824,#8841,#8865,#8896,
    #8913,#8944,#8961,#8985,#9002,#9026,#9057,#9074,#9105,#9136,#9160,
    #9182,#9199,#9216,#9238,#9269,#9293,#9333,#9364,#9386,#9426,#9443,
    #9474,#9491,#9515,#9540,#9580,#9627,#9665,#9683,#9700,#9724,#9748,
    #9779,#9810,#9834,#9851,#9863,#9880,#9898,#9929,#9967,#9998,#10011,
    #10078,#10100,#10117,#10141,#10158,#10175,#10187,#10199,#10211,
    #10223,#10240,#10262,#10274,#10296,#10331,#10366,#10397,#10423,
    #10458,#10491,#10522,#10564,#10595,#10626,#10650,#10667,#10691,
    #10733,#10750,#10767,#10779,#10810,#10839,#10851,#10875,#10892,
    #10909,#10926,#10945,#10962,#10974,#10986,#11021,#11056,#11087,
    #11113,#11148,#11181,#11212,#11254,#11285,#11316,#11340,#11357,
    #11381,#11423,#11440,#11457,#11469,#11500,#11529,#11541,#11565,
    #11582,#11599,#11616,#11635,#11652,#11664,#11676,#11697,#11725,
    #11744,#11761,#11792,#11816,#11840,#11862,#11879,#11898,#11910,
    #11922,#11934,#11964,#11980,#12003,#12015,#12040,#12065,#12155,
    #12186,#12210,#12234,#12285,#12309,#12333,#12350,#12362,#12374,
    #12387,#12404,#12416,#12447,#12496,#12527,#12558,#12582,#12606,
    #12623,#12645,#12694,#12706,#12718,#12749,#12778,#12802,#12824,
    #12841,#12860,#12872,#12884,#12901,#12920,#12932,#12949,#12966,
    #12983,#12995,#13017,#13034,#13051,#13068,#13080,#13102,#13119,
    #13136,#13153,#13165,#13187,#13204,#13221));
#5537 = ADVANCED_FACE('',(#5538),#5572,.T.);
#5538 = FACE_BOUND('',#5539,.F.);
#5539 = EDGE_LOOP('',(#5540,#5550,#5558,#5566));
#5540 = ORIENTED_EDGE('',*,*,#5541,.T.);
#5541 = EDGE_CURVE('',#5542,#5544,#5546,.T.);
#5542 = VERTEX_POINT('',#5543);
#5543 = CARTESIAN_POINT('',(-4.38,-0.12,2.55));
#5544 = VERTEX_POINT('',#5545);
#5545 = CARTESIAN_POINT('',(-4.62,-0.12,2.55));
#5546 = LINE('',#5547,#5548);
#5547 = CARTESIAN_POINT('',(-4.38,-0.12,2.55));
#5548 = VECTOR('',#5549,1.);
#5549 = DIRECTION('',(-1.,0.,0.));
#5550 = ORIENTED_EDGE('',*,*,#5551,.T.);
#5551 = EDGE_CURVE('',#5544,#5552,#5554,.T.);
#5552 = VERTEX_POINT('',#5553);
#5553 = CARTESIAN_POINT('',(-4.62,0.12,2.55));
#5554 = LINE('',#5555,#5556);
#5555 = CARTESIAN_POINT('',(-4.62,-0.12,2.55));
#5556 = VECTOR('',#5557,1.);
#5557 = DIRECTION('',(0.,1.,0.));
#5558 = ORIENTED_EDGE('',*,*,#5559,.F.);
#5559 = EDGE_CURVE('',#5560,#5552,#5562,.T.);
#5560 = VERTEX_POINT('',#5561);
#5561 = CARTESIAN_POINT('',(-4.38,0.12,2.55));
#5562 = LINE('',#5563,#5564);
#5563 = CARTESIAN_POINT('',(-4.38,0.12,2.55));
#5564 = VECTOR('',#5565,1.);
#5565 = DIRECTION('',(-1.,0.,0.));
#5566 = ORIENTED_EDGE('',*,*,#5567,.T.);
#5567 = EDGE_CURVE('',#5560,#5542,#5568,.T.);
#5568 = LINE('',#5569,#5570);
#5569 = CARTESIAN_POINT('',(-4.38,0.12,2.55));
#5570 = VECTOR('',#5571,1.);
#5571 = DIRECTION('',(0.,-1.,0.));
#5572 = PLANE('',#5573);
#5573 = AXIS2_PLACEMENT_3D('',#5574,#5575,#5576);
#5574 = CARTESIAN_POINT('',(-4.18,0.32,2.55));
#5575 = DIRECTION('',(0.,0.,1.));
#5576 = DIRECTION('',(0.,-1.,0.));
#5577 = ADVANCED_FACE('',(#5578),#5603,.T.);
#5578 = FACE_BOUND('',#5579,.F.);
#5579 = EDGE_LOOP('',(#5580,#5581,#5589,#5597));
#5580 = ORIENTED_EDGE('',*,*,#5541,.F.);
#5581 = ORIENTED_EDGE('',*,*,#5582,.F.);
#5582 = EDGE_CURVE('',#5583,#5542,#5585,.T.);
#5583 = VERTEX_POINT('',#5584);
#5584 = CARTESIAN_POINT('',(-4.18,-0.32,1.95));
#5585 = LINE('',#5586,#5587);
#5586 = CARTESIAN_POINT('',(-4.18,-0.32,1.95));
#5587 = VECTOR('',#5588,1.);
#5588 = DIRECTION('',(-0.301511344578,0.301511344578,0.904534033733));
#5589 = ORIENTED_EDGE('',*,*,#5590,.T.);
#5590 = EDGE_CURVE('',#5583,#5591,#5593,.T.);
#5591 = VERTEX_POINT('',#5592);
#5592 = CARTESIAN_POINT('',(-4.82,-0.32,1.95));
#5593 = LINE('',#5594,#5595);
#5594 = CARTESIAN_POINT('',(-4.18,-0.32,1.95));
#5595 = VECTOR('',#5596,1.);
#5596 = DIRECTION('',(-1.,0.,0.));
#5597 = ORIENTED_EDGE('',*,*,#5598,.F.);
#5598 = EDGE_CURVE('',#5544,#5591,#5599,.T.);
#5599 = LINE('',#5600,#5601);
#5600 = CARTESIAN_POINT('',(-4.62,-0.12,2.55));
#5601 = VECTOR('',#5602,1.);
#5602 = DIRECTION('',(-0.301511344578,-0.301511344578,-0.904534033733));
#5603 = PLANE('',#5604);
#5604 = AXIS2_PLACEMENT_3D('',#5605,#5606,#5607);
#5605 = CARTESIAN_POINT('',(-4.5,-0.22,2.25));
#5606 = DIRECTION('',(0.,-0.948683298051,0.316227766017));
#5607 = DIRECTION('',(0.,0.316227766017,0.948683298051));
#5608 = ADVANCED_FACE('',(#5609),#5627,.T.);
#5609 = FACE_BOUND('',#5610,.F.);
#5610 = EDGE_LOOP('',(#5611,#5612,#5620,#5626));
#5611 = ORIENTED_EDGE('',*,*,#5567,.F.);
#5612 = ORIENTED_EDGE('',*,*,#5613,.T.);
#5613 = EDGE_CURVE('',#5560,#5614,#5616,.T.);
#5614 = VERTEX_POINT('',#5615);
#5615 = CARTESIAN_POINT('',(-4.18,0.32,1.95));
#5616 = LINE('',#5617,#5618);
#5617 = CARTESIAN_POINT('',(-4.38,0.12,2.55));
#5618 = VECTOR('',#5619,1.);
#5619 = DIRECTION('',(0.301511344578,0.301511344578,-0.904534033733));
#5620 = ORIENTED_EDGE('',*,*,#5621,.T.);
#5621 = EDGE_CURVE('',#5614,#5583,#5622,.T.);
#5622 = LINE('',#5623,#5624);
#5623 = CARTESIAN_POINT('',(-4.18,0.32,1.95));
#5624 = VECTOR('',#5625,1.);
#5625 = DIRECTION('',(0.,-1.,0.));
#5626 = ORIENTED_EDGE('',*,*,#5582,.T.);
#5627 = PLANE('',#5628);
#5628 = AXIS2_PLACEMENT_3D('',#5629,#5630,#5631);
#5629 = CARTESIAN_POINT('',(-4.28,0.,2.25));
#5630 = DIRECTION('',(0.948683298051,0.,0.316227766017));
#5631 = DIRECTION('',(-0.316227766017,0.,0.948683298051));
#5632 = ADVANCED_FACE('',(#5633),#5651,.T.);
#5633 = FACE_BOUND('',#5634,.F.);
#5634 = EDGE_LOOP('',(#5635,#5643,#5644,#5645));
#5635 = ORIENTED_EDGE('',*,*,#5636,.F.);
#5636 = EDGE_CURVE('',#5614,#5637,#5639,.T.);
#5637 = VERTEX_POINT('',#5638);
#5638 = CARTESIAN_POINT('',(-4.82,0.32,1.95));
#5639 = LINE('',#5640,#5641);
#5640 = CARTESIAN_POINT('',(-4.18,0.32,1.95));
#5641 = VECTOR('',#5642,1.);
#5642 = DIRECTION('',(-1.,0.,0.));
#5643 = ORIENTED_EDGE('',*,*,#5613,.F.);
#5644 = ORIENTED_EDGE('',*,*,#5559,.T.);
#5645 = ORIENTED_EDGE('',*,*,#5646,.T.);
#5646 = EDGE_CURVE('',#5552,#5637,#5647,.T.);
#5647 = LINE('',#5648,#5649);
#5648 = CARTESIAN_POINT('',(-4.62,0.12,2.55));
#5649 = VECTOR('',#5650,1.);
#5650 = DIRECTION('',(-0.301511344578,0.301511344578,-0.904534033733));
#5651 = PLANE('',#5652);
#5652 = AXIS2_PLACEMENT_3D('',#5653,#5654,#5655);
#5653 = CARTESIAN_POINT('',(-4.5,0.22,2.25));
#5654 = DIRECTION('',(0.,0.948683298051,0.316227766017));
#5655 = DIRECTION('',(0.,0.316227766017,-0.948683298051));
#5656 = ADVANCED_FACE('',(#5657),#5682,.T.);
#5657 = FACE_BOUND('',#5658,.F.);
#5658 = EDGE_LOOP('',(#5659,#5660,#5668,#5676));
#5659 = ORIENTED_EDGE('',*,*,#5636,.T.);
#5660 = ORIENTED_EDGE('',*,*,#5661,.F.);
#5661 = EDGE_CURVE('',#5662,#5637,#5664,.T.);
#5662 = VERTEX_POINT('',#5663);
#5663 = CARTESIAN_POINT('',(-4.82,0.32,-1.65));
#5664 = LINE('',#5665,#5666);
#5665 = CARTESIAN_POINT('',(-4.82,0.32,-1.65));
#5666 = VECTOR('',#5667,1.);
#5667 = DIRECTION('',(0.,0.,1.));
#5668 = ORIENTED_EDGE('',*,*,#5669,.T.);
#5669 = EDGE_CURVE('',#5662,#5670,#5672,.T.);
#5670 = VERTEX_POINT('',#5671);
#5671 = CARTESIAN_POINT('',(-4.18,0.32,-1.65));
#5672 = LINE('',#5673,#5674);
#5673 = CARTESIAN_POINT('',(-4.82,0.32,-1.65));
#5674 = VECTOR('',#5675,1.);
#5675 = DIRECTION('',(1.,0.,0.));
#5676 = ORIENTED_EDGE('',*,*,#5677,.T.);
#5677 = EDGE_CURVE('',#5670,#5614,#5678,.T.);
#5678 = LINE('',#5679,#5680);
#5679 = CARTESIAN_POINT('',(-4.18,0.32,-1.65));
#5680 = VECTOR('',#5681,1.);
#5681 = DIRECTION('',(0.,0.,1.));
#5682 = PLANE('',#5683);
#5683 = AXIS2_PLACEMENT_3D('',#5684,#5685,#5686);
#5684 = CARTESIAN_POINT('',(-4.18,0.32,-2.4));
#5685 = DIRECTION('',(0.,1.,0.));
#5686 = DIRECTION('',(0.,-0.,1.));
#5687 = ADVANCED_FACE('',(#5688),#5711,.F.);
#5688 = FACE_BOUND('',#5689,.F.);
#5689 = EDGE_LOOP('',(#5690,#5696,#5704,#5710));
#5690 = ORIENTED_EDGE('',*,*,#5691,.F.);
#5691 = EDGE_CURVE('',#5591,#5637,#5692,.T.);
#5692 = LINE('',#5693,#5694);
#5693 = CARTESIAN_POINT('',(-4.82,-0.32,1.95));
#5694 = VECTOR('',#5695,1.);
#5695 = DIRECTION('',(0.,1.,0.));
#5696 = ORIENTED_EDGE('',*,*,#5697,.T.);
#5697 = EDGE_CURVE('',#5591,#5698,#5700,.T.);
#5698 = VERTEX_POINT('',#5699);
#5699 = CARTESIAN_POINT('',(-4.82,-0.32,-1.65));
#5700 = LINE('',#5701,#5702);
#5701 = CARTESIAN_POINT('',(-4.82,-0.32,1.95));
#5702 = VECTOR('',#5703,1.);
#5703 = DIRECTION('',(0.,0.,-1.));
#5704 = ORIENTED_EDGE('',*,*,#5705,.T.);
#5705 = EDGE_CURVE('',#5698,#5662,#5706,.T.);
#5706 = LINE('',#5707,#5708);
#5707 = CARTESIAN_POINT('',(-4.82,-0.32,-1.65));
#5708 = VECTOR('',#5709,1.);
#5709 = DIRECTION('',(0.,1.,0.));
#5710 = ORIENTED_EDGE('',*,*,#5661,.T.);
#5711 = PLANE('',#5712);
#5712 = AXIS2_PLACEMENT_3D('',#5713,#5714,#5715);
#5713 = CARTESIAN_POINT('',(-4.82,0.,0.));
#5714 = DIRECTION('',(1.,0.,0.));
#5715 = DIRECTION('',(0.,0.,-1.));
#5716 = ADVANCED_FACE('',(#5717),#5783,.F.);
#5717 = FACE_BOUND('',#5718,.F.);
#5718 = EDGE_LOOP('',(#5719,#5729,#5737,#5745,#5753,#5761,#5769,#5777));
#5719 = ORIENTED_EDGE('',*,*,#5720,.F.);
#5720 = EDGE_CURVE('',#5721,#5723,#5725,.T.);
#5721 = VERTEX_POINT('',#5722);
#5722 = CARTESIAN_POINT('',(-4.82,0.32,-7.53));
#5723 = VERTEX_POINT('',#5724);
#5724 = CARTESIAN_POINT('',(-4.82,-0.32,-7.53));
#5725 = LINE('',#5726,#5727);
#5726 = CARTESIAN_POINT('',(-4.82,0.32,-7.53));
#5727 = VECTOR('',#5728,1.);
#5728 = DIRECTION('',(0.,-1.,0.));
#5729 = ORIENTED_EDGE('',*,*,#5730,.T.);
#5730 = EDGE_CURVE('',#5721,#5731,#5733,.T.);
#5731 = VERTEX_POINT('',#5732);
#5732 = CARTESIAN_POINT('',(-4.82,0.32,-4.25));
#5733 = LINE('',#5734,#5735);
#5734 = CARTESIAN_POINT('',(-4.82,0.32,-7.53));
#5735 = VECTOR('',#5736,1.);
#5736 = DIRECTION('',(0.,0.,1.));
#5737 = ORIENTED_EDGE('',*,*,#5738,.T.);
#5738 = EDGE_CURVE('',#5731,#5739,#5741,.T.);
#5739 = VERTEX_POINT('',#5740);
#5740 = CARTESIAN_POINT('',(-4.82,0.875,-4.25));
#5741 = LINE('',#5742,#5743);
#5742 = CARTESIAN_POINT('',(-4.82,0.32,-4.25));
#5743 = VECTOR('',#5744,1.);
#5744 = DIRECTION('',(0.,1.,0.));
#5745 = ORIENTED_EDGE('',*,*,#5746,.F.);
#5746 = EDGE_CURVE('',#5747,#5739,#5749,.T.);
#5747 = VERTEX_POINT('',#5748);
#5748 = CARTESIAN_POINT('',(-4.82,0.875,-3.68));
#5749 = LINE('',#5750,#5751);
#5750 = CARTESIAN_POINT('',(-4.82,0.875,-3.68));
#5751 = VECTOR('',#5752,1.);
#5752 = DIRECTION('',(0.,0.,-1.));
#5753 = ORIENTED_EDGE('',*,*,#5754,.T.);
#5754 = EDGE_CURVE('',#5747,#5755,#5757,.T.);
#5755 = VERTEX_POINT('',#5756);
#5756 = CARTESIAN_POINT('',(-4.82,-0.875,-3.68));
#5757 = LINE('',#5758,#5759);
#5758 = CARTESIAN_POINT('',(-4.82,0.875,-3.68));
#5759 = VECTOR('',#5760,1.);
#5760 = DIRECTION('',(0.,-1.,0.));
#5761 = ORIENTED_EDGE('',*,*,#5762,.T.);
#5762 = EDGE_CURVE('',#5755,#5763,#5765,.T.);
#5763 = VERTEX_POINT('',#5764);
#5764 = CARTESIAN_POINT('',(-4.82,-0.875,-4.25));
#5765 = LINE('',#5766,#5767);
#5766 = CARTESIAN_POINT('',(-4.82,-0.875,-3.68));
#5767 = VECTOR('',#5768,1.);
#5768 = DIRECTION('',(0.,0.,-1.));
#5769 = ORIENTED_EDGE('',*,*,#5770,.T.);
#5770 = EDGE_CURVE('',#5763,#5771,#5773,.T.);
#5771 = VERTEX_POINT('',#5772);
#5772 = CARTESIAN_POINT('',(-4.82,-0.32,-4.25));
#5773 = LINE('',#5774,#5775);
#5774 = CARTESIAN_POINT('',(-4.82,-0.875,-4.25));
#5775 = VECTOR('',#5776,1.);
#5776 = DIRECTION('',(0.,1.,0.));
#5777 = ORIENTED_EDGE('',*,*,#5778,.T.);
#5778 = EDGE_CURVE('',#5771,#5723,#5779,.T.);
#5779 = LINE('',#5780,#5781);
#5780 = CARTESIAN_POINT('',(-4.82,-0.32,-4.25));
#5781 = VECTOR('',#5782,1.);
#5782 = DIRECTION('',(0.,0.,-1.));
#5783 = PLANE('',#5784);
#5784 = AXIS2_PLACEMENT_3D('',#5785,#5786,#5787);
#5785 = CARTESIAN_POINT('',(-4.82,0.,0.));
#5786 = DIRECTION('',(1.,0.,0.));
#5787 = DIRECTION('',(0.,0.,-1.));
#5788 = ADVANCED_FACE('',(#5789),#5795,.T.);
#5789 = FACE_BOUND('',#5790,.F.);
#5790 = EDGE_LOOP('',(#5791,#5792,#5793,#5794));
#5791 = ORIENTED_EDGE('',*,*,#5691,.T.);
#5792 = ORIENTED_EDGE('',*,*,#5646,.F.);
#5793 = ORIENTED_EDGE('',*,*,#5551,.F.);
#5794 = ORIENTED_EDGE('',*,*,#5598,.T.);
#5795 = PLANE('',#5796);
#5796 = AXIS2_PLACEMENT_3D('',#5797,#5798,#5799);
#5797 = CARTESIAN_POINT('',(-4.72,0.,2.25));
#5798 = DIRECTION('',(-0.948683298051,0.,0.316227766017));
#5799 = DIRECTION('',(0.316227766017,0.,0.948683298051));
#5800 = ADVANCED_FACE('',(#5801),#5819,.T.);
#5801 = FACE_BOUND('',#5802,.F.);
#5802 = EDGE_LOOP('',(#5803,#5804,#5812,#5818));
#5803 = ORIENTED_EDGE('',*,*,#5590,.F.);
#5804 = ORIENTED_EDGE('',*,*,#5805,.T.);
#5805 = EDGE_CURVE('',#5583,#5806,#5808,.T.);
#5806 = VERTEX_POINT('',#5807);
#5807 = CARTESIAN_POINT('',(-4.18,-0.32,-1.65));
#5808 = LINE('',#5809,#5810);
#5809 = CARTESIAN_POINT('',(-4.18,-0.32,1.95));
#5810 = VECTOR('',#5811,1.);
#5811 = DIRECTION('',(0.,0.,-1.));
#5812 = ORIENTED_EDGE('',*,*,#5813,.F.);
#5813 = EDGE_CURVE('',#5698,#5806,#5814,.T.);
#5814 = LINE('',#5815,#5816);
#5815 = CARTESIAN_POINT('',(-4.82,-0.32,-1.65));
#5816 = VECTOR('',#5817,1.);
#5817 = DIRECTION('',(1.,0.,0.));
#5818 = ORIENTED_EDGE('',*,*,#5697,.F.);
#5819 = PLANE('',#5820);
#5820 = AXIS2_PLACEMENT_3D('',#5821,#5822,#5823);
#5821 = CARTESIAN_POINT('',(-4.18,-0.32,2.55));
#5822 = DIRECTION('',(0.,-1.,0.));
#5823 = DIRECTION('',(0.,0.,-1.));
#5824 = ADVANCED_FACE('',(#5825),#5836,.T.);
#5825 = FACE_BOUND('',#5826,.F.);
#5826 = EDGE_LOOP('',(#5827,#5828,#5829,#5835));
#5827 = ORIENTED_EDGE('',*,*,#5621,.F.);
#5828 = ORIENTED_EDGE('',*,*,#5677,.F.);
#5829 = ORIENTED_EDGE('',*,*,#5830,.F.);
#5830 = EDGE_CURVE('',#5806,#5670,#5831,.T.);
#5831 = LINE('',#5832,#5833);
#5832 = CARTESIAN_POINT('',(-4.18,-0.32,-1.65));
#5833 = VECTOR('',#5834,1.);
#5834 = DIRECTION('',(0.,1.,0.));
#5835 = ORIENTED_EDGE('',*,*,#5805,.F.);
#5836 = PLANE('',#5837);
#5837 = AXIS2_PLACEMENT_3D('',#5838,#5839,#5840);
#5838 = CARTESIAN_POINT('',(-4.18,0.,0.));
#5839 = DIRECTION('',(1.,0.,0.));
#5840 = DIRECTION('',(0.,0.,-1.));
#5841 = ADVANCED_FACE('',(#5842),#5908,.T.);
#5842 = FACE_BOUND('',#5843,.F.);
#5843 = EDGE_LOOP('',(#5844,#5854,#5862,#5870,#5878,#5886,#5894,#5902));
#5844 = ORIENTED_EDGE('',*,*,#5845,.F.);
#5845 = EDGE_CURVE('',#5846,#5848,#5850,.T.);
#5846 = VERTEX_POINT('',#5847);
#5847 = CARTESIAN_POINT('',(-4.18,-0.32,-7.53));
#5848 = VERTEX_POINT('',#5849);
#5849 = CARTESIAN_POINT('',(-4.18,0.32,-7.53));
#5850 = LINE('',#5851,#5852);
#5851 = CARTESIAN_POINT('',(-4.18,-0.32,-7.53));
#5852 = VECTOR('',#5853,1.);
#5853 = DIRECTION('',(0.,1.,0.));
#5854 = ORIENTED_EDGE('',*,*,#5855,.F.);
#5855 = EDGE_CURVE('',#5856,#5846,#5858,.T.);
#5856 = VERTEX_POINT('',#5857);
#5857 = CARTESIAN_POINT('',(-4.18,-0.32,-4.25));
#5858 = LINE('',#5859,#5860);
#5859 = CARTESIAN_POINT('',(-4.18,-0.32,-4.25));
#5860 = VECTOR('',#5861,1.);
#5861 = DIRECTION('',(0.,0.,-1.));
#5862 = ORIENTED_EDGE('',*,*,#5863,.F.);
#5863 = EDGE_CURVE('',#5864,#5856,#5866,.T.);
#5864 = VERTEX_POINT('',#5865);
#5865 = CARTESIAN_POINT('',(-4.18,-0.875,-4.25));
#5866 = LINE('',#5867,#5868);
#5867 = CARTESIAN_POINT('',(-4.18,-0.875,-4.25));
#5868 = VECTOR('',#5869,1.);
#5869 = DIRECTION('',(0.,1.,0.));
#5870 = ORIENTED_EDGE('',*,*,#5871,.F.);
#5871 = EDGE_CURVE('',#5872,#5864,#5874,.T.);
#5872 = VERTEX_POINT('',#5873);
#5873 = CARTESIAN_POINT('',(-4.18,-0.875,-3.68));
#5874 = LINE('',#5875,#5876);
#5875 = CARTESIAN_POINT('',(-4.18,-0.875,-3.68));
#5876 = VECTOR('',#5877,1.);
#5877 = DIRECTION('',(0.,0.,-1.));
#5878 = ORIENTED_EDGE('',*,*,#5879,.F.);
#5879 = EDGE_CURVE('',#5880,#5872,#5882,.T.);
#5880 = VERTEX_POINT('',#5881);
#5881 = CARTESIAN_POINT('',(-4.18,0.875,-3.68));
#5882 = LINE('',#5883,#5884);
#5883 = CARTESIAN_POINT('',(-4.18,0.875,-3.68));
#5884 = VECTOR('',#5885,1.);
#5885 = DIRECTION('',(0.,-1.,0.));
#5886 = ORIENTED_EDGE('',*,*,#5887,.T.);
#5887 = EDGE_CURVE('',#5880,#5888,#5890,.T.);
#5888 = VERTEX_POINT('',#5889);
#5889 = CARTESIAN_POINT('',(-4.18,0.875,-4.25));
#5890 = LINE('',#5891,#5892);
#5891 = CARTESIAN_POINT('',(-4.18,0.875,-3.68));
#5892 = VECTOR('',#5893,1.);
#5893 = DIRECTION('',(0.,0.,-1.));
#5894 = ORIENTED_EDGE('',*,*,#5895,.F.);
#5895 = EDGE_CURVE('',#5896,#5888,#5898,.T.);
#5896 = VERTEX_POINT('',#5897);
#5897 = CARTESIAN_POINT('',(-4.18,0.32,-4.25));
#5898 = LINE('',#5899,#5900);
#5899 = CARTESIAN_POINT('',(-4.18,0.32,-4.25));
#5900 = VECTOR('',#5901,1.);
#5901 = DIRECTION('',(0.,1.,0.));
#5902 = ORIENTED_EDGE('',*,*,#5903,.F.);
#5903 = EDGE_CURVE('',#5848,#5896,#5904,.T.);
#5904 = LINE('',#5905,#5906);
#5905 = CARTESIAN_POINT('',(-4.18,0.32,-7.53));
#5906 = VECTOR('',#5907,1.);
#5907 = DIRECTION('',(0.,0.,1.));
#5908 = PLANE('',#5909);
#5909 = AXIS2_PLACEMENT_3D('',#5910,#5911,#5912);
#5910 = CARTESIAN_POINT('',(-4.18,0.,0.));
#5911 = DIRECTION('',(1.,0.,0.));
#5912 = DIRECTION('',(0.,0.,-1.));
#5913 = ADVANCED_FACE('',(#5914,#5956),#5962,.F.);
#5914 = FACE_BOUND('',#5915,.F.);
#5915 = EDGE_LOOP('',(#5916,#5926,#5934,#5942,#5950));
#5916 = ORIENTED_EDGE('',*,*,#5917,.T.);
#5917 = EDGE_CURVE('',#5918,#5920,#5922,.T.);
#5918 = VERTEX_POINT('',#5919);
#5919 = CARTESIAN_POINT('',(-3.23,1.27,-1.65));
#5920 = VERTEX_POINT('',#5921);
#5921 = CARTESIAN_POINT('',(-3.23,-1.27,-1.65));
#5922 = LINE('',#5923,#5924);
#5923 = CARTESIAN_POINT('',(-3.23,1.27,-1.65));
#5924 = VECTOR('',#5925,1.);
#5925 = DIRECTION('',(0.,-1.,0.));
#5926 = ORIENTED_EDGE('',*,*,#5927,.T.);
#5927 = EDGE_CURVE('',#5920,#5928,#5930,.T.);
#5928 = VERTEX_POINT('',#5929);
#5929 = CARTESIAN_POINT('',(-5.07,-1.27,-1.65));
#5930 = LINE('',#5931,#5932);
#5931 = CARTESIAN_POINT('',(-3.23,-1.27,-1.65));
#5932 = VECTOR('',#5933,1.);
#5933 = DIRECTION('',(-1.,0.,0.));
#5934 = ORIENTED_EDGE('',*,*,#5935,.T.);
#5935 = EDGE_CURVE('',#5928,#5936,#5938,.T.);
#5936 = VERTEX_POINT('',#5937);
#5937 = CARTESIAN_POINT('',(-5.77,-0.57,-1.65));
#5938 = LINE('',#5939,#5940);
#5939 = CARTESIAN_POINT('',(-5.07,-1.27,-1.65));
#5940 = VECTOR('',#5941,1.);
#5941 = DIRECTION('',(-0.707106781187,0.707106781186,0.));
#5942 = ORIENTED_EDGE('',*,*,#5943,.T.);
#5943 = EDGE_CURVE('',#5936,#5944,#5946,.T.);
#5944 = VERTEX_POINT('',#5945);
#5945 = CARTESIAN_POINT('',(-5.77,1.27,-1.65));
#5946 = LINE('',#5947,#5948);
#5947 = CARTESIAN_POINT('',(-5.77,-0.57,-1.65));
#5948 = VECTOR('',#5949,1.);
#5949 = DIRECTION('',(0.,1.,0.));
#5950 = ORIENTED_EDGE('',*,*,#5951,.T.);
#5951 = EDGE_CURVE('',#5944,#5918,#5952,.T.);
#5952 = LINE('',#5953,#5954);
#5953 = CARTESIAN_POINT('',(-5.77,1.27,-1.65));
#5954 = VECTOR('',#5955,1.);
#5955 = DIRECTION('',(1.,0.,0.));
#5956 = FACE_BOUND('',#5957,.F.);
#5957 = EDGE_LOOP('',(#5958,#5959,#5960,#5961));
#5958 = ORIENTED_EDGE('',*,*,#5830,.T.);
#5959 = ORIENTED_EDGE('',*,*,#5669,.F.);
#5960 = ORIENTED_EDGE('',*,*,#5705,.F.);
#5961 = ORIENTED_EDGE('',*,*,#5813,.T.);
#5962 = PLANE('',#5963);
#5963 = AXIS2_PLACEMENT_3D('',#5964,#5965,#5966);
#5964 = CARTESIAN_POINT('',(7.825,1.93,-1.65));
#5965 = DIRECTION('',(0.,0.,-1.));
#5966 = DIRECTION('',(-1.,0.,0.));
#5967 = ADVANCED_FACE('',(#5968,#6002),#6036,.F.);
#5968 = FACE_BOUND('',#5969,.F.);
#5969 = EDGE_LOOP('',(#5970,#5980,#5988,#5996));
#5970 = ORIENTED_EDGE('',*,*,#5971,.T.);
#5971 = EDGE_CURVE('',#5972,#5974,#5976,.T.);
#5972 = VERTEX_POINT('',#5973);
#5973 = CARTESIAN_POINT('',(-0.23,-1.27,-1.65));
#5974 = VERTEX_POINT('',#5975);
#5975 = CARTESIAN_POINT('',(-2.77,-1.27,-1.65));
#5976 = LINE('',#5977,#5978);
#5977 = CARTESIAN_POINT('',(-0.23,-1.27,-1.65));
#5978 = VECTOR('',#5979,1.);
#5979 = DIRECTION('',(-1.,0.,0.));
#5980 = ORIENTED_EDGE('',*,*,#5981,.T.);
#5981 = EDGE_CURVE('',#5974,#5982,#5984,.T.);
#5982 = VERTEX_POINT('',#5983);
#5983 = CARTESIAN_POINT('',(-2.77,1.27,-1.65));
#5984 = LINE('',#5985,#5986);
#5985 = CARTESIAN_POINT('',(-2.77,-1.27,-1.65));
#5986 = VECTOR('',#5987,1.);
#5987 = DIRECTION('',(0.,1.,0.));
#5988 = ORIENTED_EDGE('',*,*,#5989,.T.);
#5989 = EDGE_CURVE('',#5982,#5990,#5992,.T.);
#5990 = VERTEX_POINT('',#5991);
#5991 = CARTESIAN_POINT('',(-0.23,1.27,-1.65));
#5992 = LINE('',#5993,#5994);
#5993 = CARTESIAN_POINT('',(-2.77,1.27,-1.65));
#5994 = VECTOR('',#5995,1.);
#5995 = DIRECTION('',(1.,0.,0.));
#5996 = ORIENTED_EDGE('',*,*,#5997,.T.);
#5997 = EDGE_CURVE('',#5990,#5972,#5998,.T.);
#5998 = LINE('',#5999,#6000);
#5999 = CARTESIAN_POINT('',(-0.23,1.27,-1.65));
#6000 = VECTOR('',#6001,1.);
#6001 = DIRECTION('',(0.,-1.,0.));
#6002 = FACE_BOUND('',#6003,.F.);
#6003 = EDGE_LOOP('',(#6004,#6014,#6022,#6030));
#6004 = ORIENTED_EDGE('',*,*,#6005,.T.);
#6005 = EDGE_CURVE('',#6006,#6008,#6010,.T.);
#6006 = VERTEX_POINT('',#6007);
#6007 = CARTESIAN_POINT('',(-1.18,-0.32,-1.65));
#6008 = VERTEX_POINT('',#6009);
#6009 = CARTESIAN_POINT('',(-1.18,0.32,-1.65));
#6010 = LINE('',#6011,#6012);
#6011 = CARTESIAN_POINT('',(-1.18,-0.32,-1.65));
#6012 = VECTOR('',#6013,1.);
#6013 = DIRECTION('',(0.,1.,0.));
#6014 = ORIENTED_EDGE('',*,*,#6015,.F.);
#6015 = EDGE_CURVE('',#6016,#6008,#6018,.T.);
#6016 = VERTEX_POINT('',#6017);
#6017 = CARTESIAN_POINT('',(-1.82,0.32,-1.65));
#6018 = LINE('',#6019,#6020);
#6019 = CARTESIAN_POINT('',(-1.82,0.32,-1.65));
#6020 = VECTOR('',#6021,1.);
#6021 = DIRECTION('',(1.,0.,0.));
#6022 = ORIENTED_EDGE('',*,*,#6023,.F.);
#6023 = EDGE_CURVE('',#6024,#6016,#6026,.T.);
#6024 = VERTEX_POINT('',#6025);
#6025 = CARTESIAN_POINT('',(-1.82,-0.32,-1.65));
#6026 = LINE('',#6027,#6028);
#6027 = CARTESIAN_POINT('',(-1.82,-0.32,-1.65));
#6028 = VECTOR('',#6029,1.);
#6029 = DIRECTION('',(0.,1.,0.));
#6030 = ORIENTED_EDGE('',*,*,#6031,.T.);
#6031 = EDGE_CURVE('',#6024,#6006,#6032,.T.);
#6032 = LINE('',#6033,#6034);
#6033 = CARTESIAN_POINT('',(-1.82,-0.32,-1.65));
#6034 = VECTOR('',#6035,1.);
#6035 = DIRECTION('',(1.,0.,0.));
#6036 = PLANE('',#6037);
#6037 = AXIS2_PLACEMENT_3D('',#6038,#6039,#6040);
#6038 = CARTESIAN_POINT('',(7.825,1.93,-1.65));
#6039 = DIRECTION('',(0.,0.,-1.));
#6040 = DIRECTION('',(-1.,0.,0.));
#6041 = ADVANCED_FACE('',(#6042,#6084),#6118,.F.);
#6042 = FACE_BOUND('',#6043,.F.);
#6043 = EDGE_LOOP('',(#6044,#6054,#6062,#6070,#6078));
#6044 = ORIENTED_EDGE('',*,*,#6045,.T.);
#6045 = EDGE_CURVE('',#6046,#6048,#6050,.T.);
#6046 = VERTEX_POINT('',#6047);
#6047 = CARTESIAN_POINT('',(2.07,-1.27,-1.65));
#6048 = VERTEX_POINT('',#6049);
#6049 = CARTESIAN_POINT('',(0.23,-1.27,-1.65));
#6050 = LINE('',#6051,#6052);
#6051 = CARTESIAN_POINT('',(2.07,-1.27,-1.65));
#6052 = VECTOR('',#6053,1.);
#6053 = DIRECTION('',(-1.,0.,0.));
#6054 = ORIENTED_EDGE('',*,*,#6055,.T.);
#6055 = EDGE_CURVE('',#6048,#6056,#6058,.T.);
#6056 = VERTEX_POINT('',#6057);
#6057 = CARTESIAN_POINT('',(0.23,1.27,-1.65));
#6058 = LINE('',#6059,#6060);
#6059 = CARTESIAN_POINT('',(0.23,-1.27,-1.65));
#6060 = VECTOR('',#6061,1.);
#6061 = DIRECTION('',(0.,1.,0.));
#6062 = ORIENTED_EDGE('',*,*,#6063,.T.);
#6063 = EDGE_CURVE('',#6056,#6064,#6066,.T.);
#6064 = VERTEX_POINT('',#6065);
#6065 = CARTESIAN_POINT('',(2.77,1.27,-1.65));
#6066 = LINE('',#6067,#6068);
#6067 = CARTESIAN_POINT('',(0.23,1.27,-1.65));
#6068 = VECTOR('',#6069,1.);
#6069 = DIRECTION('',(1.,0.,0.));
#6070 = ORIENTED_EDGE('',*,*,#6071,.T.);
#6071 = EDGE_CURVE('',#6064,#6072,#6074,.T.);
#6072 = VERTEX_POINT('',#6073);
#6073 = CARTESIAN_POINT('',(2.77,-0.57,-1.65));
#6074 = LINE('',#6075,#6076);
#6075 = CARTESIAN_POINT('',(2.77,1.27,-1.65));
#6076 = VECTOR('',#6077,1.);
#6077 = DIRECTION('',(0.,-1.,0.));
#6078 = ORIENTED_EDGE('',*,*,#6079,.T.);
#6079 = EDGE_CURVE('',#6072,#6046,#6080,.T.);
#6080 = LINE('',#6081,#6082);
#6081 = CARTESIAN_POINT('',(2.77,-0.57,-1.65));
#6082 = VECTOR('',#6083,1.);
#6083 = DIRECTION('',(-0.707106781187,-0.707106781187,0.));
#6084 = FACE_BOUND('',#6085,.F.);
#6085 = EDGE_LOOP('',(#6086,#6096,#6104,#6112));
#6086 = ORIENTED_EDGE('',*,*,#6087,.T.);
#6087 = EDGE_CURVE('',#6088,#6090,#6092,.T.);
#6088 = VERTEX_POINT('',#6089);
#6089 = CARTESIAN_POINT('',(1.82,-0.32,-1.65));
#6090 = VERTEX_POINT('',#6091);
#6091 = CARTESIAN_POINT('',(1.82,0.32,-1.65));
#6092 = LINE('',#6093,#6094);
#6093 = CARTESIAN_POINT('',(1.82,-0.32,-1.65));
#6094 = VECTOR('',#6095,1.);
#6095 = DIRECTION('',(0.,1.,0.));
#6096 = ORIENTED_EDGE('',*,*,#6097,.F.);
#6097 = EDGE_CURVE('',#6098,#6090,#6100,.T.);
#6098 = VERTEX_POINT('',#6099);
#6099 = CARTESIAN_POINT('',(1.18,0.32,-1.65));
#6100 = LINE('',#6101,#6102);
#6101 = CARTESIAN_POINT('',(1.18,0.32,-1.65));
#6102 = VECTOR('',#6103,1.);
#6103 = DIRECTION('',(1.,0.,0.));
#6104 = ORIENTED_EDGE('',*,*,#6105,.F.);
#6105 = EDGE_CURVE('',#6106,#6098,#6108,.T.);
#6106 = VERTEX_POINT('',#6107);
#6107 = CARTESIAN_POINT('',(1.18,-0.32,-1.65));
#6108 = LINE('',#6109,#6110);
#6109 = CARTESIAN_POINT('',(1.18,-0.32,-1.65));
#6110 = VECTOR('',#6111,1.);
#6111 = DIRECTION('',(0.,1.,0.));
#6112 = ORIENTED_EDGE('',*,*,#6113,.T.);
#6113 = EDGE_CURVE('',#6106,#6088,#6114,.T.);
#6114 = LINE('',#6115,#6116);
#6115 = CARTESIAN_POINT('',(1.18,-0.32,-1.65));
#6116 = VECTOR('',#6117,1.);
#6117 = DIRECTION('',(1.,0.,0.));
#6118 = PLANE('',#6119);
#6119 = AXIS2_PLACEMENT_3D('',#6120,#6121,#6122);
#6120 = CARTESIAN_POINT('',(7.825,1.93,-1.65));
#6121 = DIRECTION('',(0.,0.,-1.));
#6122 = DIRECTION('',(-1.,0.,0.));
#6123 = ADVANCED_FACE('',(#6124,#6166),#6200,.F.);
#6124 = FACE_BOUND('',#6125,.F.);
#6125 = EDGE_LOOP('',(#6126,#6136,#6144,#6152,#6160));
#6126 = ORIENTED_EDGE('',*,*,#6127,.T.);
#6127 = EDGE_CURVE('',#6128,#6130,#6132,.T.);
#6128 = VERTEX_POINT('',#6129);
#6129 = CARTESIAN_POINT('',(5.07,-1.27,-1.65));
#6130 = VERTEX_POINT('',#6131);
#6131 = CARTESIAN_POINT('',(3.23,-1.27,-1.65));
#6132 = LINE('',#6133,#6134);
#6133 = CARTESIAN_POINT('',(5.07,-1.27,-1.65));
#6134 = VECTOR('',#6135,1.);
#6135 = DIRECTION('',(-1.,0.,0.));
#6136 = ORIENTED_EDGE('',*,*,#6137,.T.);
#6137 = EDGE_CURVE('',#6130,#6138,#6140,.T.);
#6138 = VERTEX_POINT('',#6139);
#6139 = CARTESIAN_POINT('',(3.23,1.27,-1.65));
#6140 = LINE('',#6141,#6142);
#6141 = CARTESIAN_POINT('',(3.23,-1.27,-1.65));
#6142 = VECTOR('',#6143,1.);
#6143 = DIRECTION('',(0.,1.,0.));
#6144 = ORIENTED_EDGE('',*,*,#6145,.T.);
#6145 = EDGE_CURVE('',#6138,#6146,#6148,.T.);
#6146 = VERTEX_POINT('',#6147);
#6147 = CARTESIAN_POINT('',(5.77,1.27,-1.65));
#6148 = LINE('',#6149,#6150);
#6149 = CARTESIAN_POINT('',(3.23,1.27,-1.65));
#6150 = VECTOR('',#6151,1.);
#6151 = DIRECTION('',(1.,0.,0.));
#6152 = ORIENTED_EDGE('',*,*,#6153,.T.);
#6153 = EDGE_CURVE('',#6146,#6154,#6156,.T.);
#6154 = VERTEX_POINT('',#6155);
#6155 = CARTESIAN_POINT('',(5.77,-0.57,-1.65));
#6156 = LINE('',#6157,#6158);
#6157 = CARTESIAN_POINT('',(5.77,1.27,-1.65));
#6158 = VECTOR('',#6159,1.);
#6159 = DIRECTION('',(0.,-1.,0.));
#6160 = ORIENTED_EDGE('',*,*,#6161,.T.);
#6161 = EDGE_CURVE('',#6154,#6128,#6162,.T.);
#6162 = LINE('',#6163,#6164);
#6163 = CARTESIAN_POINT('',(5.77,-0.57,-1.65));
#6164 = VECTOR('',#6165,1.);
#6165 = DIRECTION('',(-0.707106781187,-0.707106781187,0.));
#6166 = FACE_BOUND('',#6167,.F.);
#6167 = EDGE_LOOP('',(#6168,#6178,#6186,#6194));
#6168 = ORIENTED_EDGE('',*,*,#6169,.T.);
#6169 = EDGE_CURVE('',#6170,#6172,#6174,.T.);
#6170 = VERTEX_POINT('',#6171);
#6171 = CARTESIAN_POINT('',(4.82,-0.32,-1.65));
#6172 = VERTEX_POINT('',#6173);
#6173 = CARTESIAN_POINT('',(4.82,0.32,-1.65));
#6174 = LINE('',#6175,#6176);
#6175 = CARTESIAN_POINT('',(4.82,-0.32,-1.65));
#6176 = VECTOR('',#6177,1.);
#6177 = DIRECTION('',(0.,1.,0.));
#6178 = ORIENTED_EDGE('',*,*,#6179,.F.);
#6179 = EDGE_CURVE('',#6180,#6172,#6182,.T.);
#6180 = VERTEX_POINT('',#6181);
#6181 = CARTESIAN_POINT('',(4.18,0.32,-1.65));
#6182 = LINE('',#6183,#6184);
#6183 = CARTESIAN_POINT('',(4.18,0.32,-1.65));
#6184 = VECTOR('',#6185,1.);
#6185 = DIRECTION('',(1.,0.,0.));
#6186 = ORIENTED_EDGE('',*,*,#6187,.F.);
#6187 = EDGE_CURVE('',#6188,#6180,#6190,.T.);
#6188 = VERTEX_POINT('',#6189);
#6189 = CARTESIAN_POINT('',(4.18,-0.32,-1.65));
#6190 = LINE('',#6191,#6192);
#6191 = CARTESIAN_POINT('',(4.18,-0.32,-1.65));
#6192 = VECTOR('',#6193,1.);
#6193 = DIRECTION('',(0.,1.,0.));
#6194 = ORIENTED_EDGE('',*,*,#6195,.T.);
#6195 = EDGE_CURVE('',#6188,#6170,#6196,.T.);
#6196 = LINE('',#6197,#6198);
#6197 = CARTESIAN_POINT('',(4.18,-0.32,-1.65));
#6198 = VECTOR('',#6199,1.);
#6199 = DIRECTION('',(1.,0.,0.));
#6200 = PLANE('',#6201);
#6201 = AXIS2_PLACEMENT_3D('',#6202,#6203,#6204);
#6202 = CARTESIAN_POINT('',(7.825,1.93,-1.65));
#6203 = DIRECTION('',(0.,0.,-1.));
#6204 = DIRECTION('',(-1.,0.,0.));
#6205 = ADVANCED_FACE('',(#6206),#6231,.T.);
#6206 = FACE_BOUND('',#6207,.F.);
#6207 = EDGE_LOOP('',(#6208,#6218,#6224,#6225));
#6208 = ORIENTED_EDGE('',*,*,#6209,.T.);
#6209 = EDGE_CURVE('',#6210,#6212,#6214,.T.);
#6210 = VERTEX_POINT('',#6211);
#6211 = CARTESIAN_POINT('',(-3.23,1.27,4.95));
#6212 = VERTEX_POINT('',#6213);
#6213 = CARTESIAN_POINT('',(-3.23,-1.27,4.95));
#6214 = LINE('',#6215,#6216);
#6215 = CARTESIAN_POINT('',(-3.23,1.27,4.95));
#6216 = VECTOR('',#6217,1.);
#6217 = DIRECTION('',(0.,-1.,0.));
#6218 = ORIENTED_EDGE('',*,*,#6219,.T.);
#6219 = EDGE_CURVE('',#6212,#5920,#6220,.T.);
#6220 = LINE('',#6221,#6222);
#6221 = CARTESIAN_POINT('',(-3.23,-1.27,4.95));
#6222 = VECTOR('',#6223,1.);
#6223 = DIRECTION('',(0.,0.,-1.));
#6224 = ORIENTED_EDGE('',*,*,#5917,.F.);
#6225 = ORIENTED_EDGE('',*,*,#6226,.F.);
#6226 = EDGE_CURVE('',#6210,#5918,#6227,.T.);
#6227 = LINE('',#6228,#6229);
#6228 = CARTESIAN_POINT('',(-3.23,1.27,4.95));
#6229 = VECTOR('',#6230,1.);
#6230 = DIRECTION('',(0.,0.,-1.));
#6231 = PLANE('',#6232);
#6232 = AXIS2_PLACEMENT_3D('',#6233,#6234,#6235);
#6233 = CARTESIAN_POINT('',(-3.23,1.27,4.95));
#6234 = DIRECTION('',(-1.,0.,0.));
#6235 = DIRECTION('',(0.,-1.,0.));
#6236 = ADVANCED_FACE('',(#6237,#6303,#6336,#6378,#6420),#6454,.T.);
#6237 = FACE_BOUND('',#6238,.F.);
#6238 = EDGE_LOOP('',(#6239,#6249,#6257,#6265,#6273,#6281,#6289,#6297));
#6239 = ORIENTED_EDGE('',*,*,#6240,.F.);
#6240 = EDGE_CURVE('',#6241,#6243,#6245,.T.);
#6241 = VERTEX_POINT('',#6242);
#6242 = CARTESIAN_POINT('',(6.425,-0.75,4.95));
#6243 = VERTEX_POINT('',#6244);
#6244 = CARTESIAN_POINT('',(6.425,1.25,4.95));
#6245 = LINE('',#6246,#6247);
#6246 = CARTESIAN_POINT('',(6.425,-0.75,4.95));
#6247 = VECTOR('',#6248,1.);
#6248 = DIRECTION('',(0.,1.,0.));
#6249 = ORIENTED_EDGE('',*,*,#6250,.T.);
#6250 = EDGE_CURVE('',#6241,#6251,#6253,.T.);
#6251 = VERTEX_POINT('',#6252);
#6252 = CARTESIAN_POINT('',(6.425,-1.93,4.95));
#6253 = LINE('',#6254,#6255);
#6254 = CARTESIAN_POINT('',(6.425,-0.75,4.95));
#6255 = VECTOR('',#6256,1.);
#6256 = DIRECTION('',(0.,-1.,0.));
#6257 = ORIENTED_EDGE('',*,*,#6258,.F.);
#6258 = EDGE_CURVE('',#6259,#6251,#6261,.T.);
#6259 = VERTEX_POINT('',#6260);
#6260 = CARTESIAN_POINT('',(-6.425,-1.93,4.95));
#6261 = LINE('',#6262,#6263);
#6262 = CARTESIAN_POINT('',(-6.425,-1.93,4.95));
#6263 = VECTOR('',#6264,1.);
#6264 = DIRECTION('',(1.,0.,0.));
#6265 = ORIENTED_EDGE('',*,*,#6266,.T.);
#6266 = EDGE_CURVE('',#6259,#6267,#6269,.T.);
#6267 = VERTEX_POINT('',#6268);
#6268 = CARTESIAN_POINT('',(-6.425,-0.75,4.95));
#6269 = LINE('',#6270,#6271);
#6270 = CARTESIAN_POINT('',(-6.425,-1.93,4.95));
#6271 = VECTOR('',#6272,1.);
#6272 = DIRECTION('',(0.,1.,0.));
#6273 = ORIENTED_EDGE('',*,*,#6274,.T.);
#6274 = EDGE_CURVE('',#6267,#6275,#6277,.T.);
#6275 = VERTEX_POINT('',#6276);
#6276 = CARTESIAN_POINT('',(-6.425,1.25,4.95));
#6277 = LINE('',#6278,#6279);
#6278 = CARTESIAN_POINT('',(-6.425,-0.75,4.95));
#6279 = VECTOR('',#6280,1.);
#6280 = DIRECTION('',(0.,1.,0.));
#6281 = ORIENTED_EDGE('',*,*,#6282,.T.);
#6282 = EDGE_CURVE('',#6275,#6283,#6285,.T.);
#6283 = VERTEX_POINT('',#6284);
#6284 = CARTESIAN_POINT('',(-6.425,1.93,4.95));
#6285 = LINE('',#6286,#6287);
#6286 = CARTESIAN_POINT('',(-6.425,1.25,4.95));
#6287 = VECTOR('',#6288,1.);
#6288 = DIRECTION('',(0.,1.,0.));
#6289 = ORIENTED_EDGE('',*,*,#6290,.T.);
#6290 = EDGE_CURVE('',#6283,#6291,#6293,.T.);
#6291 = VERTEX_POINT('',#6292);
#6292 = CARTESIAN_POINT('',(6.425,1.93,4.95));
#6293 = LINE('',#6294,#6295);
#6294 = CARTESIAN_POINT('',(-6.425,1.93,4.95));
#6295 = VECTOR('',#6296,1.);
#6296 = DIRECTION('',(1.,0.,0.));
#6297 = ORIENTED_EDGE('',*,*,#6298,.T.);
#6298 = EDGE_CURVE('',#6291,#6243,#6299,.T.);
#6299 = LINE('',#6300,#6301);
#6300 = CARTESIAN_POINT('',(6.425,1.93,4.95));
#6301 = VECTOR('',#6302,1.);
#6302 = DIRECTION('',(0.,-1.,0.));
#6303 = FACE_BOUND('',#6304,.F.);
#6304 = EDGE_LOOP('',(#6305,#6313,#6314,#6322,#6330));
#6305 = ORIENTED_EDGE('',*,*,#6306,.F.);
#6306 = EDGE_CURVE('',#6212,#6307,#6309,.T.);
#6307 = VERTEX_POINT('',#6308);
#6308 = CARTESIAN_POINT('',(-5.07,-1.27,4.95));
#6309 = LINE('',#6310,#6311);
#6310 = CARTESIAN_POINT('',(-3.23,-1.27,4.95));
#6311 = VECTOR('',#6312,1.);
#6312 = DIRECTION('',(-1.,0.,0.));
#6313 = ORIENTED_EDGE('',*,*,#6209,.F.);
#6314 = ORIENTED_EDGE('',*,*,#6315,.F.);
#6315 = EDGE_CURVE('',#6316,#6210,#6318,.T.);
#6316 = VERTEX_POINT('',#6317);
#6317 = CARTESIAN_POINT('',(-5.77,1.27,4.95));
#6318 = LINE('',#6319,#6320);
#6319 = CARTESIAN_POINT('',(-5.77,1.27,4.95));
#6320 = VECTOR('',#6321,1.);
#6321 = DIRECTION('',(1.,0.,0.));
#6322 = ORIENTED_EDGE('',*,*,#6323,.F.);
#6323 = EDGE_CURVE('',#6324,#6316,#6326,.T.);
#6324 = VERTEX_POINT('',#6325);
#6325 = CARTESIAN_POINT('',(-5.77,-0.57,4.95));
#6326 = LINE('',#6327,#6328);
#6327 = CARTESIAN_POINT('',(-5.77,-0.57,4.95));
#6328 = VECTOR('',#6329,1.);
#6329 = DIRECTION('',(0.,1.,0.));
#6330 = ORIENTED_EDGE('',*,*,#6331,.F.);
#6331 = EDGE_CURVE('',#6307,#6324,#6332,.T.);
#6332 = LINE('',#6333,#6334);
#6333 = CARTESIAN_POINT('',(-5.07,-1.27,4.95));
#6334 = VECTOR('',#6335,1.);
#6335 = DIRECTION('',(-0.707106781187,0.707106781186,0.));
#6336 = FACE_BOUND('',#6337,.F.);
#6337 = EDGE_LOOP('',(#6338,#6348,#6356,#6364,#6372));
#6338 = ORIENTED_EDGE('',*,*,#6339,.F.);
#6339 = EDGE_CURVE('',#6340,#6342,#6344,.T.);
#6340 = VERTEX_POINT('',#6341);
#6341 = CARTESIAN_POINT('',(2.07,-1.27,4.95));
#6342 = VERTEX_POINT('',#6343);
#6343 = CARTESIAN_POINT('',(0.23,-1.27,4.95));
#6344 = LINE('',#6345,#6346);
#6345 = CARTESIAN_POINT('',(2.07,-1.27,4.95));
#6346 = VECTOR('',#6347,1.);
#6347 = DIRECTION('',(-1.,0.,0.));
#6348 = ORIENTED_EDGE('',*,*,#6349,.F.);
#6349 = EDGE_CURVE('',#6350,#6340,#6352,.T.);
#6350 = VERTEX_POINT('',#6351);
#6351 = CARTESIAN_POINT('',(2.77,-0.57,4.95));
#6352 = LINE('',#6353,#6354);
#6353 = CARTESIAN_POINT('',(2.77,-0.57,4.95));
#6354 = VECTOR('',#6355,1.);
#6355 = DIRECTION('',(-0.707106781187,-0.707106781187,0.));
#6356 = ORIENTED_EDGE('',*,*,#6357,.F.);
#6357 = EDGE_CURVE('',#6358,#6350,#6360,.T.);
#6358 = VERTEX_POINT('',#6359);
#6359 = CARTESIAN_POINT('',(2.77,1.27,4.95));
#6360 = LINE('',#6361,#6362);
#6361 = CARTESIAN_POINT('',(2.77,1.27,4.95));
#6362 = VECTOR('',#6363,1.);
#6363 = DIRECTION('',(0.,-1.,0.));
#6364 = ORIENTED_EDGE('',*,*,#6365,.F.);
#6365 = EDGE_CURVE('',#6366,#6358,#6368,.T.);
#6366 = VERTEX_POINT('',#6367);
#6367 = CARTESIAN_POINT('',(0.23,1.27,4.95));
#6368 = LINE('',#6369,#6370);
#6369 = CARTESIAN_POINT('',(0.23,1.27,4.95));
#6370 = VECTOR('',#6371,1.);
#6371 = DIRECTION('',(1.,0.,0.));
#6372 = ORIENTED_EDGE('',*,*,#6373,.F.);
#6373 = EDGE_CURVE('',#6342,#6366,#6374,.T.);
#6374 = LINE('',#6375,#6376);
#6375 = CARTESIAN_POINT('',(0.23,-1.27,4.95));
#6376 = VECTOR('',#6377,1.);
#6377 = DIRECTION('',(0.,1.,0.));
#6378 = FACE_BOUND('',#6379,.F.);
#6379 = EDGE_LOOP('',(#6380,#6390,#6398,#6406,#6414));
#6380 = ORIENTED_EDGE('',*,*,#6381,.F.);
#6381 = EDGE_CURVE('',#6382,#6384,#6386,.T.);
#6382 = VERTEX_POINT('',#6383);
#6383 = CARTESIAN_POINT('',(5.07,-1.27,4.95));
#6384 = VERTEX_POINT('',#6385);
#6385 = CARTESIAN_POINT('',(3.23,-1.27,4.95));
#6386 = LINE('',#6387,#6388);
#6387 = CARTESIAN_POINT('',(5.07,-1.27,4.95));
#6388 = VECTOR('',#6389,1.);
#6389 = DIRECTION('',(-1.,0.,0.));
#6390 = ORIENTED_EDGE('',*,*,#6391,.F.);
#6391 = EDGE_CURVE('',#6392,#6382,#6394,.T.);
#6392 = VERTEX_POINT('',#6393);
#6393 = CARTESIAN_POINT('',(5.77,-0.57,4.95));
#6394 = LINE('',#6395,#6396);
#6395 = CARTESIAN_POINT('',(5.77,-0.57,4.95));
#6396 = VECTOR('',#6397,1.);
#6397 = DIRECTION('',(-0.707106781187,-0.707106781187,0.));
#6398 = ORIENTED_EDGE('',*,*,#6399,.F.);
#6399 = EDGE_CURVE('',#6400,#6392,#6402,.T.);
#6400 = VERTEX_POINT('',#6401);
#6401 = CARTESIAN_POINT('',(5.77,1.27,4.95));
#6402 = LINE('',#6403,#6404);
#6403 = CARTESIAN_POINT('',(5.77,1.27,4.95));
#6404 = VECTOR('',#6405,1.);
#6405 = DIRECTION('',(0.,-1.,0.));
#6406 = ORIENTED_EDGE('',*,*,#6407,.F.);
#6407 = EDGE_CURVE('',#6408,#6400,#6410,.T.);
#6408 = VERTEX_POINT('',#6409);
#6409 = CARTESIAN_POINT('',(3.23,1.27,4.95));
#6410 = LINE('',#6411,#6412);
#6411 = CARTESIAN_POINT('',(3.23,1.27,4.95));
#6412 = VECTOR('',#6413,1.);
#6413 = DIRECTION('',(1.,0.,0.));
#6414 = ORIENTED_EDGE('',*,*,#6415,.F.);
#6415 = EDGE_CURVE('',#6384,#6408,#6416,.T.);
#6416 = LINE('',#6417,#6418);
#6417 = CARTESIAN_POINT('',(3.23,-1.27,4.95));
#6418 = VECTOR('',#6419,1.);
#6419 = DIRECTION('',(0.,1.,0.));
#6420 = FACE_BOUND('',#6421,.F.);
#6421 = EDGE_LOOP('',(#6422,#6432,#6440,#6448));
#6422 = ORIENTED_EDGE('',*,*,#6423,.F.);
#6423 = EDGE_CURVE('',#6424,#6426,#6428,.T.);
#6424 = VERTEX_POINT('',#6425);
#6425 = CARTESIAN_POINT('',(-0.23,-1.27,4.95));
#6426 = VERTEX_POINT('',#6427);
#6427 = CARTESIAN_POINT('',(-2.77,-1.27,4.95));
#6428 = LINE('',#6429,#6430);
#6429 = CARTESIAN_POINT('',(-0.23,-1.27,4.95));
#6430 = VECTOR('',#6431,1.);
#6431 = DIRECTION('',(-1.,0.,0.));
#6432 = ORIENTED_EDGE('',*,*,#6433,.F.);
#6433 = EDGE_CURVE('',#6434,#6424,#6436,.T.);
#6434 = VERTEX_POINT('',#6435);
#6435 = CARTESIAN_POINT('',(-0.23,1.27,4.95));
#6436 = LINE('',#6437,#6438);
#6437 = CARTESIAN_POINT('',(-0.23,1.27,4.95));
#6438 = VECTOR('',#6439,1.);
#6439 = DIRECTION('',(0.,-1.,0.));
#6440 = ORIENTED_EDGE('',*,*,#6441,.F.);
#6441 = EDGE_CURVE('',#6442,#6434,#6444,.T.);
#6442 = VERTEX_POINT('',#6443);
#6443 = CARTESIAN_POINT('',(-2.77,1.27,4.95));
#6444 = LINE('',#6445,#6446);
#6445 = CARTESIAN_POINT('',(-2.77,1.27,4.95));
#6446 = VECTOR('',#6447,1.);
#6447 = DIRECTION('',(1.,0.,0.));
#6448 = ORIENTED_EDGE('',*,*,#6449,.F.);
#6449 = EDGE_CURVE('',#6426,#6442,#6450,.T.);
#6450 = LINE('',#6451,#6452);
#6451 = CARTESIAN_POINT('',(-2.77,-1.27,4.95));
#6452 = VECTOR('',#6453,1.);
#6453 = DIRECTION('',(0.,1.,0.));
#6454 = PLANE('',#6455);
#6455 = AXIS2_PLACEMENT_3D('',#6456,#6457,#6458);
#6456 = CARTESIAN_POINT('',(-7.825,1.93,4.95));
#6457 = DIRECTION('',(0.,0.,1.));
#6458 = DIRECTION('',(0.,-1.,0.));
#6459 = ADVANCED_FACE('',(#6460),#6485,.F.);
#6460 = FACE_BOUND('',#6461,.F.);
#6461 = EDGE_LOOP('',(#6462,#6463,#6471,#6479));
#6462 = ORIENTED_EDGE('',*,*,#6240,.T.);
#6463 = ORIENTED_EDGE('',*,*,#6464,.F.);
#6464 = EDGE_CURVE('',#6465,#6243,#6467,.T.);
#6465 = VERTEX_POINT('',#6466);
#6466 = CARTESIAN_POINT('',(6.425,1.25,3.55));
#6467 = LINE('',#6468,#6469);
#6468 = CARTESIAN_POINT('',(6.425,1.25,3.55));
#6469 = VECTOR('',#6470,1.);
#6470 = DIRECTION('',(0.,0.,1.));
#6471 = ORIENTED_EDGE('',*,*,#6472,.T.);
#6472 = EDGE_CURVE('',#6465,#6473,#6475,.T.);
#6473 = VERTEX_POINT('',#6474);
#6474 = CARTESIAN_POINT('',(6.425,-0.75,3.55));
#6475 = LINE('',#6476,#6477);
#6476 = CARTESIAN_POINT('',(6.425,1.25,3.55));
#6477 = VECTOR('',#6478,1.);
#6478 = DIRECTION('',(0.,-1.,0.));
#6479 = ORIENTED_EDGE('',*,*,#6480,.T.);
#6480 = EDGE_CURVE('',#6473,#6241,#6481,.T.);
#6481 = LINE('',#6482,#6483);
#6482 = CARTESIAN_POINT('',(6.425,-0.75,3.55));
#6483 = VECTOR('',#6484,1.);
#6484 = DIRECTION('',(0.,0.,1.));
#6485 = PLANE('',#6486);
#6486 = AXIS2_PLACEMENT_3D('',#6487,#6488,#6489);
#6487 = CARTESIAN_POINT('',(6.425,1.25,3.55));
#6488 = DIRECTION('',(-1.,0.,0.));
#6489 = DIRECTION('',(0.,0.,1.));
#6490 = ADVANCED_FACE('',(#6491),#6508,.F.);
#6491 = FACE_BOUND('',#6492,.F.);
#6492 = EDGE_LOOP('',(#6493,#6501,#6502));
#6493 = ORIENTED_EDGE('',*,*,#6494,.T.);
#6494 = EDGE_CURVE('',#6495,#6465,#6497,.T.);
#6495 = VERTEX_POINT('',#6496);
#6496 = CARTESIAN_POINT('',(7.825,1.25,3.55));
#6497 = LINE('',#6498,#6499);
#6498 = CARTESIAN_POINT('',(7.825,1.25,3.55));
#6499 = VECTOR('',#6500,1.);
#6500 = DIRECTION('',(-1.,0.,0.));
#6501 = ORIENTED_EDGE('',*,*,#6464,.T.);
#6502 = ORIENTED_EDGE('',*,*,#6503,.F.);
#6503 = EDGE_CURVE('',#6495,#6243,#6504,.T.);
#6504 = LINE('',#6505,#6506);
#6505 = CARTESIAN_POINT('',(7.825,1.25,3.55));
#6506 = VECTOR('',#6507,1.);
#6507 = DIRECTION('',(-0.707106781187,0.,0.707106781187));
#6508 = PLANE('',#6509);
#6509 = AXIS2_PLACEMENT_3D('',#6510,#6511,#6512);
#6510 = CARTESIAN_POINT('',(-7.825,1.25,-4.95));
#6511 = DIRECTION('',(0.,1.,0.));
#6512 = DIRECTION('',(1.,0.,0.));
#6513 = ADVANCED_FACE('',(#6514),#6538,.F.);
#6514 = FACE_BOUND('',#6515,.F.);
#6515 = EDGE_LOOP('',(#6516,#6524,#6532));
#6516 = ORIENTED_EDGE('',*,*,#6517,.T.);
#6517 = EDGE_CURVE('',#6275,#6518,#6520,.T.);
#6518 = VERTEX_POINT('',#6519);
#6519 = CARTESIAN_POINT('',(-6.425,1.25,3.55));
#6520 = LINE('',#6521,#6522);
#6521 = CARTESIAN_POINT('',(-6.425,1.25,4.95));
#6522 = VECTOR('',#6523,1.);
#6523 = DIRECTION('',(0.,0.,-1.));
#6524 = ORIENTED_EDGE('',*,*,#6525,.T.);
#6525 = EDGE_CURVE('',#6518,#6526,#6528,.T.);
#6526 = VERTEX_POINT('',#6527);
#6527 = CARTESIAN_POINT('',(-7.825,1.25,3.55));
#6528 = LINE('',#6529,#6530);
#6529 = CARTESIAN_POINT('',(-6.425,1.25,3.55));
#6530 = VECTOR('',#6531,1.);
#6531 = DIRECTION('',(-1.,0.,0.));
#6532 = ORIENTED_EDGE('',*,*,#6533,.T.);
#6533 = EDGE_CURVE('',#6526,#6275,#6534,.T.);
#6534 = LINE('',#6535,#6536);
#6535 = CARTESIAN_POINT('',(-7.825,1.25,3.55));
#6536 = VECTOR('',#6537,1.);
#6537 = DIRECTION('',(0.707106781187,0.,0.707106781187));
#6538 = PLANE('',#6539);
#6539 = AXIS2_PLACEMENT_3D('',#6540,#6541,#6542);
#6540 = CARTESIAN_POINT('',(-7.825,1.25,-4.95));
#6541 = DIRECTION('',(0.,1.,0.));
#6542 = DIRECTION('',(1.,0.,0.));
#6543 = ADVANCED_FACE('',(#6544),#6562,.F.);
#6544 = FACE_BOUND('',#6545,.F.);
#6545 = EDGE_LOOP('',(#6546,#6554,#6560,#6561));
#6546 = ORIENTED_EDGE('',*,*,#6547,.F.);
#6547 = EDGE_CURVE('',#6548,#6495,#6550,.T.);
#6548 = VERTEX_POINT('',#6549);
#6549 = CARTESIAN_POINT('',(7.825,-0.75,3.55));
#6550 = LINE('',#6551,#6552);
#6551 = CARTESIAN_POINT('',(7.825,-0.75,3.55));
#6552 = VECTOR('',#6553,1.);
#6553 = DIRECTION('',(0.,1.,0.));
#6554 = ORIENTED_EDGE('',*,*,#6555,.T.);
#6555 = EDGE_CURVE('',#6548,#6473,#6556,.T.);
#6556 = LINE('',#6557,#6558);
#6557 = CARTESIAN_POINT('',(7.825,-0.75,3.55));
#6558 = VECTOR('',#6559,1.);
#6559 = DIRECTION('',(-1.,0.,0.));
#6560 = ORIENTED_EDGE('',*,*,#6472,.F.);
#6561 = ORIENTED_EDGE('',*,*,#6494,.F.);
#6562 = PLANE('',#6563);
#6563 = AXIS2_PLACEMENT_3D('',#6564,#6565,#6566);
#6564 = CARTESIAN_POINT('',(7.825,1.25,3.55));
#6565 = DIRECTION('',(0.,0.,-1.));
#6566 = DIRECTION('',(-1.,0.,0.));
#6567 = ADVANCED_FACE('',(#6568,#6705),#6763,.T.);
#6568 = FACE_BOUND('',#6569,.F.);
#6569 = EDGE_LOOP('',(#6570,#6580,#6588,#6596,#6604,#6610,#6611,#6619,
    #6627,#6635,#6643,#6651,#6659,#6667,#6675,#6683,#6691,#6699));
#6570 = ORIENTED_EDGE('',*,*,#6571,.T.);
#6571 = EDGE_CURVE('',#6572,#6574,#6576,.T.);
#6572 = VERTEX_POINT('',#6573);
#6573 = CARTESIAN_POINT('',(7.825,-1.57,-6.1));
#6574 = VERTEX_POINT('',#6575);
#6575 = CARTESIAN_POINT('',(7.825,-2.47,-6.1));
#6576 = LINE('',#6577,#6578);
#6577 = CARTESIAN_POINT('',(7.825,-1.57,-6.1));
#6578 = VECTOR('',#6579,1.);
#6579 = DIRECTION('',(0.,-1.,0.));
#6580 = ORIENTED_EDGE('',*,*,#6581,.T.);
#6581 = EDGE_CURVE('',#6574,#6582,#6584,.T.);
#6582 = VERTEX_POINT('',#6583);
#6583 = CARTESIAN_POINT('',(7.825,-2.47,-3.1));
#6584 = LINE('',#6585,#6586);
#6585 = CARTESIAN_POINT('',(7.825,-2.47,-6.1));
#6586 = VECTOR('',#6587,1.);
#6587 = DIRECTION('',(0.,0.,1.));
#6588 = ORIENTED_EDGE('',*,*,#6589,.F.);
#6589 = EDGE_CURVE('',#6590,#6582,#6592,.T.);
#6590 = VERTEX_POINT('',#6591);
#6591 = CARTESIAN_POINT('',(7.825,-1.43,-3.1));
#6592 = LINE('',#6593,#6594);
#6593 = CARTESIAN_POINT('',(7.825,-1.43,-3.1));
#6594 = VECTOR('',#6595,1.);
#6595 = DIRECTION('',(0.,-1.,0.));
#6596 = ORIENTED_EDGE('',*,*,#6597,.F.);
#6597 = EDGE_CURVE('',#6598,#6590,#6600,.T.);
#6598 = VERTEX_POINT('',#6599);
#6599 = CARTESIAN_POINT('',(7.825,-1.43,3.55));
#6600 = LINE('',#6601,#6602);
#6601 = CARTESIAN_POINT('',(7.825,-1.43,3.55));
#6602 = VECTOR('',#6603,1.);
#6603 = DIRECTION('',(0.,0.,-1.));
#6604 = ORIENTED_EDGE('',*,*,#6605,.F.);
#6605 = EDGE_CURVE('',#6548,#6598,#6606,.T.);
#6606 = LINE('',#6607,#6608);
#6607 = CARTESIAN_POINT('',(7.825,-0.75,3.55));
#6608 = VECTOR('',#6609,1.);
#6609 = DIRECTION('',(0.,-1.,0.));
#6610 = ORIENTED_EDGE('',*,*,#6547,.T.);
#6611 = ORIENTED_EDGE('',*,*,#6612,.F.);
#6612 = EDGE_CURVE('',#6613,#6495,#6615,.T.);
#6613 = VERTEX_POINT('',#6614);
#6614 = CARTESIAN_POINT('',(7.825,1.93,3.55));
#6615 = LINE('',#6616,#6617);
#6616 = CARTESIAN_POINT('',(7.825,1.93,3.55));
#6617 = VECTOR('',#6618,1.);
#6618 = DIRECTION('',(0.,-1.,0.));
#6619 = ORIENTED_EDGE('',*,*,#6620,.F.);
#6620 = EDGE_CURVE('',#6621,#6613,#6623,.T.);
#6621 = VERTEX_POINT('',#6622);
#6622 = CARTESIAN_POINT('',(7.825,1.93,-4.95));
#6623 = LINE('',#6624,#6625);
#6624 = CARTESIAN_POINT('',(7.825,1.93,-4.95));
#6625 = VECTOR('',#6626,1.);
#6626 = DIRECTION('',(0.,0.,1.));
#6627 = ORIENTED_EDGE('',*,*,#6628,.F.);
#6628 = EDGE_CURVE('',#6629,#6621,#6631,.T.);
#6629 = VERTEX_POINT('',#6630);
#6630 = CARTESIAN_POINT('',(7.825,1.27,-4.95));
#6631 = LINE('',#6632,#6633);
#6632 = CARTESIAN_POINT('',(7.825,1.27,-4.95));
#6633 = VECTOR('',#6634,1.);
#6634 = DIRECTION('',(0.,1.,0.));
#6635 = ORIENTED_EDGE('',*,*,#6636,.F.);
#6636 = EDGE_CURVE('',#6637,#6629,#6639,.T.);
#6637 = VERTEX_POINT('',#6638);
#6638 = CARTESIAN_POINT('',(7.825,1.27,-4.28));
#6639 = LINE('',#6640,#6641);
#6640 = CARTESIAN_POINT('',(7.825,1.27,-4.28));
#6641 = VECTOR('',#6642,1.);
#6642 = DIRECTION('',(0.,0.,-1.));
#6643 = ORIENTED_EDGE('',*,*,#6644,.F.);
#6644 = EDGE_CURVE('',#6645,#6637,#6647,.T.);
#6645 = VERTEX_POINT('',#6646);
#6646 = CARTESIAN_POINT('',(7.825,0.875,-4.28));
#6647 = LINE('',#6648,#6649);
#6648 = CARTESIAN_POINT('',(7.825,0.875,-4.28));
#6649 = VECTOR('',#6650,1.);
#6650 = DIRECTION('',(0.,1.,0.));
#6651 = ORIENTED_EDGE('',*,*,#6652,.T.);
#6652 = EDGE_CURVE('',#6645,#6653,#6655,.T.);
#6653 = VERTEX_POINT('',#6654);
#6654 = CARTESIAN_POINT('',(7.825,0.875,-3.68));
#6655 = LINE('',#6656,#6657);
#6656 = CARTESIAN_POINT('',(7.825,0.875,-4.28));
#6657 = VECTOR('',#6658,1.);
#6658 = DIRECTION('',(0.,0.,1.));
#6659 = ORIENTED_EDGE('',*,*,#6660,.T.);
#6660 = EDGE_CURVE('',#6653,#6661,#6663,.T.);
#6661 = VERTEX_POINT('',#6662);
#6662 = CARTESIAN_POINT('',(7.825,-0.875,-3.68));
#6663 = LINE('',#6664,#6665);
#6664 = CARTESIAN_POINT('',(7.825,0.875,-3.68));
#6665 = VECTOR('',#6666,1.);
#6666 = DIRECTION('',(0.,-1.,0.));
#6667 = ORIENTED_EDGE('',*,*,#6668,.T.);
#6668 = EDGE_CURVE('',#6661,#6669,#6671,.T.);
#6669 = VERTEX_POINT('',#6670);
#6670 = CARTESIAN_POINT('',(7.825,-0.875,-4.28));
#6671 = LINE('',#6672,#6673);
#6672 = CARTESIAN_POINT('',(7.825,-0.875,-3.68));
#6673 = VECTOR('',#6674,1.);
#6674 = DIRECTION('',(0.,0.,-1.));
#6675 = ORIENTED_EDGE('',*,*,#6676,.F.);
#6676 = EDGE_CURVE('',#6677,#6669,#6679,.T.);
#6677 = VERTEX_POINT('',#6678);
#6678 = CARTESIAN_POINT('',(7.825,-1.27,-4.28));
#6679 = LINE('',#6680,#6681);
#6680 = CARTESIAN_POINT('',(7.825,-1.27,-4.28));
#6681 = VECTOR('',#6682,1.);
#6682 = DIRECTION('',(0.,1.,0.));
#6683 = ORIENTED_EDGE('',*,*,#6684,.F.);
#6684 = EDGE_CURVE('',#6685,#6677,#6687,.T.);
#6685 = VERTEX_POINT('',#6686);
#6686 = CARTESIAN_POINT('',(7.825,-1.27,-4.95));
#6687 = LINE('',#6688,#6689);
#6688 = CARTESIAN_POINT('',(7.825,-1.27,-4.95));
#6689 = VECTOR('',#6690,1.);
#6690 = DIRECTION('',(0.,0.,1.));
#6691 = ORIENTED_EDGE('',*,*,#6692,.F.);
#6692 = EDGE_CURVE('',#6693,#6685,#6695,.T.);
#6693 = VERTEX_POINT('',#6694);
#6694 = CARTESIAN_POINT('',(7.825,-1.57,-4.95));
#6695 = LINE('',#6696,#6697);
#6696 = CARTESIAN_POINT('',(7.825,-1.57,-4.95));
#6697 = VECTOR('',#6698,1.);
#6698 = DIRECTION('',(0.,1.,0.));
#6699 = ORIENTED_EDGE('',*,*,#6700,.T.);
#6700 = EDGE_CURVE('',#6693,#6572,#6701,.T.);
#6701 = LINE('',#6702,#6703);
#6702 = CARTESIAN_POINT('',(7.825,-1.57,-4.95));
#6703 = VECTOR('',#6704,1.);
#6704 = DIRECTION('',(0.,0.,-1.));
#6705 = FACE_BOUND('',#6706,.F.);
#6706 = EDGE_LOOP('',(#6707,#6717,#6725,#6733,#6741,#6749,#6757));
#6707 = ORIENTED_EDGE('',*,*,#6708,.T.);
#6708 = EDGE_CURVE('',#6709,#6711,#6713,.T.);
#6709 = VERTEX_POINT('',#6710);
#6710 = CARTESIAN_POINT('',(7.825,4.25E-02,-3.5));
#6711 = VERTEX_POINT('',#6712);
#6712 = CARTESIAN_POINT('',(7.825,4.25E-02,-2.25));
#6713 = LINE('',#6714,#6715);
#6714 = CARTESIAN_POINT('',(7.825,4.25E-02,-3.5));
#6715 = VECTOR('',#6716,1.);
#6716 = DIRECTION('',(0.,0.,1.));
#6717 = ORIENTED_EDGE('',*,*,#6718,.T.);
#6718 = EDGE_CURVE('',#6711,#6719,#6721,.T.);
#6719 = VERTEX_POINT('',#6720);
#6720 = CARTESIAN_POINT('',(7.825,-0.11375,-2.25));
#6721 = LINE('',#6722,#6723);
#6722 = CARTESIAN_POINT('',(7.825,4.25E-02,-2.25));
#6723 = VECTOR('',#6724,1.);
#6724 = DIRECTION('',(0.,-1.,0.));
#6725 = ORIENTED_EDGE('',*,*,#6726,.T.);
#6726 = EDGE_CURVE('',#6719,#6727,#6729,.T.);
#6727 = VERTEX_POINT('',#6728);
#6728 = CARTESIAN_POINT('',(7.825,-0.27,-2.436170190573));
#6729 = LINE('',#6730,#6731);
#6730 = CARTESIAN_POINT('',(7.825,-0.11375,-2.25));
#6731 = VECTOR('',#6732,1.);
#6732 = DIRECTION('',(0.,-0.642871293714,-0.765974216093));
#6733 = ORIENTED_EDGE('',*,*,#6734,.T.);
#6734 = EDGE_CURVE('',#6727,#6735,#6737,.T.);
#6735 = VERTEX_POINT('',#6736);
#6736 = CARTESIAN_POINT('',(7.825,-0.27,-2.648936197162));
#6737 = LINE('',#6738,#6739);
#6738 = CARTESIAN_POINT('',(7.825,-0.27,-2.436170190573));
#6739 = VECTOR('',#6740,1.);
#6740 = DIRECTION('',(0.,0.,-1.));
#6741 = ORIENTED_EDGE('',*,*,#6742,.T.);
#6742 = EDGE_CURVE('',#6735,#6743,#6745,.T.);
#6743 = VERTEX_POINT('',#6744);
#6744 = CARTESIAN_POINT('',(7.825,-0.11375,-2.462765932083));
#6745 = LINE('',#6746,#6747);
#6746 = CARTESIAN_POINT('',(7.825,-0.27,-2.648936197162));
#6747 = VECTOR('',#6748,1.);
#6748 = DIRECTION('',(0.,0.642871142764,0.765974342782));
#6749 = ORIENTED_EDGE('',*,*,#6750,.T.);
#6750 = EDGE_CURVE('',#6743,#6751,#6753,.T.);
#6751 = VERTEX_POINT('',#6752);
#6752 = CARTESIAN_POINT('',(7.825,-0.11375,-3.5));
#6753 = LINE('',#6754,#6755);
#6754 = CARTESIAN_POINT('',(7.825,-0.11375,-2.462765932083));
#6755 = VECTOR('',#6756,1.);
#6756 = DIRECTION('',(0.,0.,-1.));
#6757 = ORIENTED_EDGE('',*,*,#6758,.T.);
#6758 = EDGE_CURVE('',#6751,#6709,#6759,.T.);
#6759 = LINE('',#6760,#6761);
#6760 = CARTESIAN_POINT('',(7.825,-0.11375,-3.5));
#6761 = VECTOR('',#6762,1.);
#6762 = DIRECTION('',(0.,1.,0.));
#6763 = PLANE('',#6764);
#6764 = AXIS2_PLACEMENT_3D('',#6765,#6766,#6767);
#6765 = CARTESIAN_POINT('',(7.825,0.,0.));
#6766 = DIRECTION('',(1.,0.,0.));
#6767 = DIRECTION('',(0.,0.,-1.));
#6768 = ADVANCED_FACE('',(#6769),#6794,.F.);
#6769 = FACE_BOUND('',#6770,.F.);
#6770 = EDGE_LOOP('',(#6771,#6772,#6780,#6788));
#6771 = ORIENTED_EDGE('',*,*,#6708,.F.);
#6772 = ORIENTED_EDGE('',*,*,#6773,.T.);
#6773 = EDGE_CURVE('',#6709,#6774,#6776,.T.);
#6774 = VERTEX_POINT('',#6775);
#6775 = CARTESIAN_POINT('',(7.775,4.25E-02,-3.5));
#6776 = LINE('',#6777,#6778);
#6777 = CARTESIAN_POINT('',(7.825,4.25E-02,-3.5));
#6778 = VECTOR('',#6779,1.);
#6779 = DIRECTION('',(-1.,0.,0.));
#6780 = ORIENTED_EDGE('',*,*,#6781,.T.);
#6781 = EDGE_CURVE('',#6774,#6782,#6784,.T.);
#6782 = VERTEX_POINT('',#6783);
#6783 = CARTESIAN_POINT('',(7.775,4.25E-02,-2.25));
#6784 = LINE('',#6785,#6786);
#6785 = CARTESIAN_POINT('',(7.775,4.25E-02,-3.5));
#6786 = VECTOR('',#6787,1.);
#6787 = DIRECTION('',(0.,0.,1.));
#6788 = ORIENTED_EDGE('',*,*,#6789,.F.);
#6789 = EDGE_CURVE('',#6711,#6782,#6790,.T.);
#6790 = LINE('',#6791,#6792);
#6791 = CARTESIAN_POINT('',(7.825,4.25E-02,-2.25));
#6792 = VECTOR('',#6793,1.);
#6793 = DIRECTION('',(-1.,0.,0.));
#6794 = PLANE('',#6795);
#6795 = AXIS2_PLACEMENT_3D('',#6796,#6797,#6798);
#6796 = CARTESIAN_POINT('',(7.825,4.25E-02,-3.5));
#6797 = DIRECTION('',(0.,1.,0.));
#6798 = DIRECTION('',(0.,-0.,1.));
#6799 = ADVANCED_FACE('',(#6800),#6818,.F.);
#6800 = FACE_BOUND('',#6801,.F.);
#6801 = EDGE_LOOP('',(#6802,#6803,#6811,#6817));
#6802 = ORIENTED_EDGE('',*,*,#6758,.F.);
#6803 = ORIENTED_EDGE('',*,*,#6804,.T.);
#6804 = EDGE_CURVE('',#6751,#6805,#6807,.T.);
#6805 = VERTEX_POINT('',#6806);
#6806 = CARTESIAN_POINT('',(7.775,-0.11375,-3.5));
#6807 = LINE('',#6808,#6809);
#6808 = CARTESIAN_POINT('',(7.825,-0.11375,-3.5));
#6809 = VECTOR('',#6810,1.);
#6810 = DIRECTION('',(-1.,0.,0.));
#6811 = ORIENTED_EDGE('',*,*,#6812,.T.);
#6812 = EDGE_CURVE('',#6805,#6774,#6813,.T.);
#6813 = LINE('',#6814,#6815);
#6814 = CARTESIAN_POINT('',(7.775,-0.11375,-3.5));
#6815 = VECTOR('',#6816,1.);
#6816 = DIRECTION('',(0.,1.,0.));
#6817 = ORIENTED_EDGE('',*,*,#6773,.F.);
#6818 = PLANE('',#6819);
#6819 = AXIS2_PLACEMENT_3D('',#6820,#6821,#6822);
#6820 = CARTESIAN_POINT('',(7.825,-0.11375,-3.5));
#6821 = DIRECTION('',(0.,0.,-1.));
#6822 = DIRECTION('',(0.,1.,0.));
#6823 = ADVANCED_FACE('',(#6824),#6842,.F.);
#6824 = FACE_BOUND('',#6825,.F.);
#6825 = EDGE_LOOP('',(#6826,#6827,#6835,#6841));
#6826 = ORIENTED_EDGE('',*,*,#6750,.F.);
#6827 = ORIENTED_EDGE('',*,*,#6828,.T.);
#6828 = EDGE_CURVE('',#6743,#6829,#6831,.T.);
#6829 = VERTEX_POINT('',#6830);
#6830 = CARTESIAN_POINT('',(7.775,-0.11375,-2.462765932083));
#6831 = LINE('',#6832,#6833);
#6832 = CARTESIAN_POINT('',(7.825,-0.11375,-2.462765932083));
#6833 = VECTOR('',#6834,1.);
#6834 = DIRECTION('',(-1.,0.,0.));
#6835 = ORIENTED_EDGE('',*,*,#6836,.T.);
#6836 = EDGE_CURVE('',#6829,#6805,#6837,.T.);
#6837 = LINE('',#6838,#6839);
#6838 = CARTESIAN_POINT('',(7.775,-0.11375,-2.462765932083));
#6839 = VECTOR('',#6840,1.);
#6840 = DIRECTION('',(0.,0.,-1.));
#6841 = ORIENTED_EDGE('',*,*,#6804,.F.);
#6842 = PLANE('',#6843);
#6843 = AXIS2_PLACEMENT_3D('',#6844,#6845,#6846);
#6844 = CARTESIAN_POINT('',(7.825,-0.11375,-2.462765932083));
#6845 = DIRECTION('',(0.,-1.,0.));
#6846 = DIRECTION('',(0.,0.,-1.));
#6847 = ADVANCED_FACE('',(#6848),#6866,.F.);
#6848 = FACE_BOUND('',#6849,.F.);
#6849 = EDGE_LOOP('',(#6850,#6851,#6859,#6865));
#6850 = ORIENTED_EDGE('',*,*,#6742,.F.);
#6851 = ORIENTED_EDGE('',*,*,#6852,.T.);
#6852 = EDGE_CURVE('',#6735,#6853,#6855,.T.);
#6853 = VERTEX_POINT('',#6854);
#6854 = CARTESIAN_POINT('',(7.775,-0.27,-2.648936197162));
#6855 = LINE('',#6856,#6857);
#6856 = CARTESIAN_POINT('',(7.825,-0.27,-2.648936197162));
#6857 = VECTOR('',#6858,1.);
#6858 = DIRECTION('',(-1.,0.,0.));
#6859 = ORIENTED_EDGE('',*,*,#6860,.T.);
#6860 = EDGE_CURVE('',#6853,#6829,#6861,.T.);
#6861 = LINE('',#6862,#6863);
#6862 = CARTESIAN_POINT('',(7.775,-0.27,-2.648936197162));
#6863 = VECTOR('',#6864,1.);
#6864 = DIRECTION('',(0.,0.642871142764,0.765974342782));
#6865 = ORIENTED_EDGE('',*,*,#6828,.F.);
#6866 = PLANE('',#6867);
#6867 = AXIS2_PLACEMENT_3D('',#6868,#6869,#6870);
#6868 = CARTESIAN_POINT('',(7.825,-0.27,-2.648936197162));
#6869 = DIRECTION('',(0.,0.765974342782,-0.642871142764));
#6870 = DIRECTION('',(0.,0.642871142764,0.765974342782));
#6871 = ADVANCED_FACE('',(#6872),#6890,.F.);
#6872 = FACE_BOUND('',#6873,.F.);
#6873 = EDGE_LOOP('',(#6874,#6875,#6883,#6889));
#6874 = ORIENTED_EDGE('',*,*,#6734,.F.);
#6875 = ORIENTED_EDGE('',*,*,#6876,.T.);
#6876 = EDGE_CURVE('',#6727,#6877,#6879,.T.);
#6877 = VERTEX_POINT('',#6878);
#6878 = CARTESIAN_POINT('',(7.775,-0.27,-2.436170190573));
#6879 = LINE('',#6880,#6881);
#6880 = CARTESIAN_POINT('',(7.825,-0.27,-2.436170190573));
#6881 = VECTOR('',#6882,1.);
#6882 = DIRECTION('',(-1.,0.,0.));
#6883 = ORIENTED_EDGE('',*,*,#6884,.T.);
#6884 = EDGE_CURVE('',#6877,#6853,#6885,.T.);
#6885 = LINE('',#6886,#6887);
#6886 = CARTESIAN_POINT('',(7.775,-0.27,-2.436170190573));
#6887 = VECTOR('',#6888,1.);
#6888 = DIRECTION('',(0.,0.,-1.));
#6889 = ORIENTED_EDGE('',*,*,#6852,.F.);
#6890 = PLANE('',#6891);
#6891 = AXIS2_PLACEMENT_3D('',#6892,#6893,#6894);
#6892 = CARTESIAN_POINT('',(7.825,-0.27,-2.436170190573));
#6893 = DIRECTION('',(0.,-1.,0.));
#6894 = DIRECTION('',(0.,0.,-1.));
#6895 = ADVANCED_FACE('',(#6896),#6914,.F.);
#6896 = FACE_BOUND('',#6897,.F.);
#6897 = EDGE_LOOP('',(#6898,#6899,#6907,#6913));
#6898 = ORIENTED_EDGE('',*,*,#6726,.F.);
#6899 = ORIENTED_EDGE('',*,*,#6900,.T.);
#6900 = EDGE_CURVE('',#6719,#6901,#6903,.T.);
#6901 = VERTEX_POINT('',#6902);
#6902 = CARTESIAN_POINT('',(7.775,-0.11375,-2.25));
#6903 = LINE('',#6904,#6905);
#6904 = CARTESIAN_POINT('',(7.825,-0.11375,-2.25));
#6905 = VECTOR('',#6906,1.);
#6906 = DIRECTION('',(-1.,0.,0.));
#6907 = ORIENTED_EDGE('',*,*,#6908,.T.);
#6908 = EDGE_CURVE('',#6901,#6877,#6909,.T.);
#6909 = LINE('',#6910,#6911);
#6910 = CARTESIAN_POINT('',(7.775,-0.11375,-2.25));
#6911 = VECTOR('',#6912,1.);
#6912 = DIRECTION('',(0.,-0.642871293714,-0.765974216093));
#6913 = ORIENTED_EDGE('',*,*,#6876,.F.);
#6914 = PLANE('',#6915);
#6915 = AXIS2_PLACEMENT_3D('',#6916,#6917,#6918);
#6916 = CARTESIAN_POINT('',(7.825,-0.11375,-2.25));
#6917 = DIRECTION('',(0.,-0.765974216093,0.642871293714));
#6918 = DIRECTION('',(0.,-0.642871293714,-0.765974216093));
#6919 = ADVANCED_FACE('',(#6920),#6931,.F.);
#6920 = FACE_BOUND('',#6921,.F.);
#6921 = EDGE_LOOP('',(#6922,#6923,#6924,#6930));
#6922 = ORIENTED_EDGE('',*,*,#6718,.F.);
#6923 = ORIENTED_EDGE('',*,*,#6789,.T.);
#6924 = ORIENTED_EDGE('',*,*,#6925,.T.);
#6925 = EDGE_CURVE('',#6782,#6901,#6926,.T.);
#6926 = LINE('',#6927,#6928);
#6927 = CARTESIAN_POINT('',(7.775,4.25E-02,-2.25));
#6928 = VECTOR('',#6929,1.);
#6929 = DIRECTION('',(0.,-1.,0.));
#6930 = ORIENTED_EDGE('',*,*,#6900,.F.);
#6931 = PLANE('',#6932);
#6932 = AXIS2_PLACEMENT_3D('',#6933,#6934,#6935);
#6933 = CARTESIAN_POINT('',(7.825,4.25E-02,-2.25));
#6934 = DIRECTION('',(0.,0.,1.));
#6935 = DIRECTION('',(0.,-1.,0.));
#6936 = ADVANCED_FACE('',(#6937),#6946,.T.);
#6937 = FACE_BOUND('',#6938,.F.);
#6938 = EDGE_LOOP('',(#6939,#6940,#6941,#6942,#6943,#6944,#6945));
#6939 = ORIENTED_EDGE('',*,*,#6781,.F.);
#6940 = ORIENTED_EDGE('',*,*,#6812,.F.);
#6941 = ORIENTED_EDGE('',*,*,#6836,.F.);
#6942 = ORIENTED_EDGE('',*,*,#6860,.F.);
#6943 = ORIENTED_EDGE('',*,*,#6884,.F.);
#6944 = ORIENTED_EDGE('',*,*,#6908,.F.);
#6945 = ORIENTED_EDGE('',*,*,#6925,.F.);
#6946 = PLANE('',#6947);
#6947 = AXIS2_PLACEMENT_3D('',#6948,#6949,#6950);
#6948 = CARTESIAN_POINT('',(7.775,0.,0.));
#6949 = DIRECTION('',(1.,0.,0.));
#6950 = DIRECTION('',(0.,-1.,0.));
#6951 = ADVANCED_FACE('',(#6952),#6977,.T.);
#6952 = FACE_BOUND('',#6953,.F.);
#6953 = EDGE_LOOP('',(#6954,#6955,#6963,#6971));
#6954 = ORIENTED_EDGE('',*,*,#6571,.F.);
#6955 = ORIENTED_EDGE('',*,*,#6956,.T.);
#6956 = EDGE_CURVE('',#6572,#6957,#6959,.T.);
#6957 = VERTEX_POINT('',#6958);
#6958 = CARTESIAN_POINT('',(7.525,-1.87,-6.35));
#6959 = LINE('',#6960,#6961);
#6960 = CARTESIAN_POINT('',(7.825,-1.57,-6.1));
#6961 = VECTOR('',#6962,1.);
#6962 = DIRECTION('',(-0.60920769908,-0.60920769908,-0.507673082567));
#6963 = ORIENTED_EDGE('',*,*,#6964,.T.);
#6964 = EDGE_CURVE('',#6957,#6965,#6967,.T.);
#6965 = VERTEX_POINT('',#6966);
#6966 = CARTESIAN_POINT('',(7.525,-2.17,-6.35));
#6967 = LINE('',#6968,#6969);
#6968 = CARTESIAN_POINT('',(7.525,-1.87,-6.35));
#6969 = VECTOR('',#6970,1.);
#6970 = DIRECTION('',(0.,-1.,0.));
#6971 = ORIENTED_EDGE('',*,*,#6972,.T.);
#6972 = EDGE_CURVE('',#6965,#6574,#6973,.T.);
#6973 = LINE('',#6974,#6975);
#6974 = CARTESIAN_POINT('',(7.525,-2.17,-6.35));
#6975 = VECTOR('',#6976,1.);
#6976 = DIRECTION('',(0.60920769908,-0.60920769908,0.507673082567));
#6977 = PLANE('',#6978);
#6978 = AXIS2_PLACEMENT_3D('',#6979,#6980,#6981);
#6979 = CARTESIAN_POINT('',(7.675,-2.02,-6.225));
#6980 = DIRECTION('',(0.640184399664,0.,-0.768221279597));
#6981 = DIRECTION('',(0.768221279597,0.,0.640184399664));
#6982 = ADVANCED_FACE('',(#6983),#7008,.T.);
#6983 = FACE_BOUND('',#6984,.F.);
#6984 = EDGE_LOOP('',(#6985,#6993,#6994,#7002));
#6985 = ORIENTED_EDGE('',*,*,#6986,.T.);
#6986 = EDGE_CURVE('',#6987,#6957,#6989,.T.);
#6987 = VERTEX_POINT('',#6988);
#6988 = CARTESIAN_POINT('',(7.475,-1.87,-6.35));
#6989 = LINE('',#6990,#6991);
#6990 = CARTESIAN_POINT('',(7.475,-1.87,-6.35));
#6991 = VECTOR('',#6992,1.);
#6992 = DIRECTION('',(1.,0.,0.));
#6993 = ORIENTED_EDGE('',*,*,#6956,.F.);
#6994 = ORIENTED_EDGE('',*,*,#6995,.F.);
#6995 = EDGE_CURVE('',#6996,#6572,#6998,.T.);
#6996 = VERTEX_POINT('',#6997);
#6997 = CARTESIAN_POINT('',(7.175,-1.57,-6.1));
#6998 = LINE('',#6999,#7000);
#6999 = CARTESIAN_POINT('',(7.175,-1.57,-6.1));
#7000 = VECTOR('',#7001,1.);
#7001 = DIRECTION('',(1.,0.,0.));
#7002 = ORIENTED_EDGE('',*,*,#7003,.T.);
#7003 = EDGE_CURVE('',#6996,#6987,#7004,.T.);
#7004 = LINE('',#7005,#7006);
#7005 = CARTESIAN_POINT('',(7.175,-1.57,-6.1));
#7006 = VECTOR('',#7007,1.);
#7007 = DIRECTION('',(0.60920769908,-0.60920769908,-0.507673082567));
#7008 = PLANE('',#7009);
#7009 = AXIS2_PLACEMENT_3D('',#7010,#7011,#7012);
#7010 = CARTESIAN_POINT('',(7.5,-1.72,-6.225));
#7011 = DIRECTION('',(0.,0.640184399664,-0.768221279597));
#7012 = DIRECTION('',(0.,0.768221279597,0.640184399664));
#7013 = ADVANCED_FACE('',(#7014),#7032,.T.);
#7014 = FACE_BOUND('',#7015,.F.);
#7015 = EDGE_LOOP('',(#7016,#7024,#7025,#7026));
#7016 = ORIENTED_EDGE('',*,*,#7017,.F.);
#7017 = EDGE_CURVE('',#6965,#7018,#7020,.T.);
#7018 = VERTEX_POINT('',#7019);
#7019 = CARTESIAN_POINT('',(7.475,-2.17,-6.35));
#7020 = LINE('',#7021,#7022);
#7021 = CARTESIAN_POINT('',(7.525,-2.17,-6.35));
#7022 = VECTOR('',#7023,1.);
#7023 = DIRECTION('',(-1.,0.,0.));
#7024 = ORIENTED_EDGE('',*,*,#6964,.F.);
#7025 = ORIENTED_EDGE('',*,*,#6986,.F.);
#7026 = ORIENTED_EDGE('',*,*,#7027,.F.);
#7027 = EDGE_CURVE('',#7018,#6987,#7028,.T.);
#7028 = LINE('',#7029,#7030);
#7029 = CARTESIAN_POINT('',(7.475,-2.17,-6.35));
#7030 = VECTOR('',#7031,1.);
#7031 = DIRECTION('',(0.,1.,0.));
#7032 = PLANE('',#7033);
#7033 = AXIS2_PLACEMENT_3D('',#7034,#7035,#7036);
#7034 = CARTESIAN_POINT('',(0.,0.,-6.35));
#7035 = DIRECTION('',(0.,0.,-1.));
#7036 = DIRECTION('',(-1.,0.,0.));
#7037 = ADVANCED_FACE('',(#7038),#7072,.T.);
#7038 = FACE_BOUND('',#7039,.F.);
#7039 = EDGE_LOOP('',(#7040,#7050,#7058,#7066));
#7040 = ORIENTED_EDGE('',*,*,#7041,.F.);
#7041 = EDGE_CURVE('',#7042,#7044,#7046,.T.);
#7042 = VERTEX_POINT('',#7043);
#7043 = CARTESIAN_POINT('',(-7.475,-1.87,-6.35));
#7044 = VERTEX_POINT('',#7045);
#7045 = CARTESIAN_POINT('',(-7.475,-2.17,-6.35));
#7046 = LINE('',#7047,#7048);
#7047 = CARTESIAN_POINT('',(-7.475,-1.87,-6.35));
#7048 = VECTOR('',#7049,1.);
#7049 = DIRECTION('',(0.,-1.,0.));
#7050 = ORIENTED_EDGE('',*,*,#7051,.F.);
#7051 = EDGE_CURVE('',#7052,#7042,#7054,.T.);
#7052 = VERTEX_POINT('',#7053);
#7053 = CARTESIAN_POINT('',(-7.525,-1.87,-6.35));
#7054 = LINE('',#7055,#7056);
#7055 = CARTESIAN_POINT('',(-7.525,-1.87,-6.35));
#7056 = VECTOR('',#7057,1.);
#7057 = DIRECTION('',(1.,0.,0.));
#7058 = ORIENTED_EDGE('',*,*,#7059,.F.);
#7059 = EDGE_CURVE('',#7060,#7052,#7062,.T.);
#7060 = VERTEX_POINT('',#7061);
#7061 = CARTESIAN_POINT('',(-7.525,-2.17,-6.35));
#7062 = LINE('',#7063,#7064);
#7063 = CARTESIAN_POINT('',(-7.525,-2.17,-6.35));
#7064 = VECTOR('',#7065,1.);
#7065 = DIRECTION('',(0.,1.,0.));
#7066 = ORIENTED_EDGE('',*,*,#7067,.F.);
#7067 = EDGE_CURVE('',#7044,#7060,#7068,.T.);
#7068 = LINE('',#7069,#7070);
#7069 = CARTESIAN_POINT('',(-7.475,-2.17,-6.35));
#7070 = VECTOR('',#7071,1.);
#7071 = DIRECTION('',(-1.,0.,0.));
#7072 = PLANE('',#7073);
#7073 = AXIS2_PLACEMENT_3D('',#7074,#7075,#7076);
#7074 = CARTESIAN_POINT('',(0.,0.,-6.35));
#7075 = DIRECTION('',(0.,0.,-1.));
#7076 = DIRECTION('',(-1.,0.,0.));
#7077 = ADVANCED_FACE('',(#7078),#7096,.T.);
#7078 = FACE_BOUND('',#7079,.F.);
#7079 = EDGE_LOOP('',(#7080,#7088,#7089,#7090));
#7080 = ORIENTED_EDGE('',*,*,#7081,.F.);
#7081 = EDGE_CURVE('',#6574,#7082,#7084,.T.);
#7082 = VERTEX_POINT('',#7083);
#7083 = CARTESIAN_POINT('',(7.175,-2.47,-6.1));
#7084 = LINE('',#7085,#7086);
#7085 = CARTESIAN_POINT('',(7.825,-2.47,-6.1));
#7086 = VECTOR('',#7087,1.);
#7087 = DIRECTION('',(-1.,0.,0.));
#7088 = ORIENTED_EDGE('',*,*,#6972,.F.);
#7089 = ORIENTED_EDGE('',*,*,#7017,.T.);
#7090 = ORIENTED_EDGE('',*,*,#7091,.T.);
#7091 = EDGE_CURVE('',#7018,#7082,#7092,.T.);
#7092 = LINE('',#7093,#7094);
#7093 = CARTESIAN_POINT('',(7.475,-2.17,-6.35));
#7094 = VECTOR('',#7095,1.);
#7095 = DIRECTION('',(-0.60920769908,-0.60920769908,0.507673082567));
#7096 = PLANE('',#7097);
#7097 = AXIS2_PLACEMENT_3D('',#7098,#7099,#7100);
#7098 = CARTESIAN_POINT('',(7.5,-2.32,-6.225));
#7099 = DIRECTION('',(0.,-0.640184399664,-0.768221279597));
#7100 = DIRECTION('',(0.,-0.768221279597,0.640184399664));
#7101 = ADVANCED_FACE('',(#7102),#7136,.T.);
#7102 = FACE_BOUND('',#7103,.F.);
#7103 = EDGE_LOOP('',(#7104,#7105,#7113,#7121,#7129,#7135));
#7104 = ORIENTED_EDGE('',*,*,#7081,.T.);
#7105 = ORIENTED_EDGE('',*,*,#7106,.F.);
#7106 = EDGE_CURVE('',#7107,#7082,#7109,.T.);
#7107 = VERTEX_POINT('',#7108);
#7108 = CARTESIAN_POINT('',(7.175,-2.47,-4.95));
#7109 = LINE('',#7110,#7111);
#7110 = CARTESIAN_POINT('',(7.175,-2.47,-4.95));
#7111 = VECTOR('',#7112,1.);
#7112 = DIRECTION('',(0.,0.,-1.));
#7113 = ORIENTED_EDGE('',*,*,#7114,.F.);
#7114 = EDGE_CURVE('',#7115,#7107,#7117,.T.);
#7115 = VERTEX_POINT('',#7116);
#7116 = CARTESIAN_POINT('',(6.89,-2.47,-4.95));
#7117 = LINE('',#7118,#7119);
#7118 = CARTESIAN_POINT('',(6.89,-2.47,-4.95));
#7119 = VECTOR('',#7120,1.);
#7120 = DIRECTION('',(1.,0.,0.));
#7121 = ORIENTED_EDGE('',*,*,#7122,.F.);
#7122 = EDGE_CURVE('',#7123,#7115,#7125,.T.);
#7123 = VERTEX_POINT('',#7124);
#7124 = CARTESIAN_POINT('',(6.89,-2.47,-3.1));
#7125 = LINE('',#7126,#7127);
#7126 = CARTESIAN_POINT('',(6.89,-2.47,-3.1));
#7127 = VECTOR('',#7128,1.);
#7128 = DIRECTION('',(0.,0.,-1.));
#7129 = ORIENTED_EDGE('',*,*,#7130,.T.);
#7130 = EDGE_CURVE('',#7123,#6582,#7131,.T.);
#7131 = LINE('',#7132,#7133);
#7132 = CARTESIAN_POINT('',(6.89,-2.47,-3.1));
#7133 = VECTOR('',#7134,1.);
#7134 = DIRECTION('',(1.,0.,0.));
#7135 = ORIENTED_EDGE('',*,*,#6581,.F.);
#7136 = PLANE('',#7137);
#7137 = AXIS2_PLACEMENT_3D('',#7138,#7139,#7140);
#7138 = CARTESIAN_POINT('',(-7.825,-2.47,-3.1));
#7139 = DIRECTION('',(0.,-1.,0.));
#7140 = DIRECTION('',(0.,0.,-1.));
#7141 = ADVANCED_FACE('',(#7142),#7192,.T.);
#7142 = FACE_BOUND('',#7143,.F.);
#7143 = EDGE_LOOP('',(#7144,#7154,#7162,#7170,#7178,#7186));
#7144 = ORIENTED_EDGE('',*,*,#7145,.T.);
#7145 = EDGE_CURVE('',#7146,#7148,#7150,.T.);
#7146 = VERTEX_POINT('',#7147);
#7147 = CARTESIAN_POINT('',(-7.175,-2.47,-6.1));
#7148 = VERTEX_POINT('',#7149);
#7149 = CARTESIAN_POINT('',(-7.825,-2.47,-6.1));
#7150 = LINE('',#7151,#7152);
#7151 = CARTESIAN_POINT('',(-7.175,-2.47,-6.1));
#7152 = VECTOR('',#7153,1.);
#7153 = DIRECTION('',(-1.,0.,0.));
#7154 = ORIENTED_EDGE('',*,*,#7155,.F.);
#7155 = EDGE_CURVE('',#7156,#7148,#7158,.T.);
#7156 = VERTEX_POINT('',#7157);
#7157 = CARTESIAN_POINT('',(-7.825,-2.47,-3.1));
#7158 = LINE('',#7159,#7160);
#7159 = CARTESIAN_POINT('',(-7.825,-2.47,-3.1));
#7160 = VECTOR('',#7161,1.);
#7161 = DIRECTION('',(0.,0.,-1.));
#7162 = ORIENTED_EDGE('',*,*,#7163,.T.);
#7163 = EDGE_CURVE('',#7156,#7164,#7166,.T.);
#7164 = VERTEX_POINT('',#7165);
#7165 = CARTESIAN_POINT('',(-6.89,-2.47,-3.1));
#7166 = LINE('',#7167,#7168);
#7167 = CARTESIAN_POINT('',(-7.825,-2.47,-3.1));
#7168 = VECTOR('',#7169,1.);
#7169 = DIRECTION('',(1.,0.,0.));
#7170 = ORIENTED_EDGE('',*,*,#7171,.F.);
#7171 = EDGE_CURVE('',#7172,#7164,#7174,.T.);
#7172 = VERTEX_POINT('',#7173);
#7173 = CARTESIAN_POINT('',(-6.89,-2.47,-4.95));
#7174 = LINE('',#7175,#7176);
#7175 = CARTESIAN_POINT('',(-6.89,-2.47,-4.95));
#7176 = VECTOR('',#7177,1.);
#7177 = DIRECTION('',(0.,0.,1.));
#7178 = ORIENTED_EDGE('',*,*,#7179,.F.);
#7179 = EDGE_CURVE('',#7180,#7172,#7182,.T.);
#7180 = VERTEX_POINT('',#7181);
#7181 = CARTESIAN_POINT('',(-7.175,-2.47,-4.95));
#7182 = LINE('',#7183,#7184);
#7183 = CARTESIAN_POINT('',(-7.175,-2.47,-4.95));
#7184 = VECTOR('',#7185,1.);
#7185 = DIRECTION('',(1.,0.,0.));
#7186 = ORIENTED_EDGE('',*,*,#7187,.T.);
#7187 = EDGE_CURVE('',#7180,#7146,#7188,.T.);
#7188 = LINE('',#7189,#7190);
#7189 = CARTESIAN_POINT('',(-7.175,-2.47,-4.95));
#7190 = VECTOR('',#7191,1.);
#7191 = DIRECTION('',(0.,0.,-1.));
#7192 = PLANE('',#7193);
#7193 = AXIS2_PLACEMENT_3D('',#7194,#7195,#7196);
#7194 = CARTESIAN_POINT('',(-7.825,-2.47,-3.1));
#7195 = DIRECTION('',(0.,-1.,0.));
#7196 = DIRECTION('',(0.,0.,-1.));
#7197 = ADVANCED_FACE('',(#7198),#7221,.T.);
#7198 = FACE_BOUND('',#7199,.F.);
#7199 = EDGE_LOOP('',(#7200,#7206,#7214,#7220));
#7200 = ORIENTED_EDGE('',*,*,#7201,.T.);
#7201 = EDGE_CURVE('',#7082,#6996,#7202,.T.);
#7202 = LINE('',#7203,#7204);
#7203 = CARTESIAN_POINT('',(7.175,-2.47,-6.1));
#7204 = VECTOR('',#7205,1.);
#7205 = DIRECTION('',(0.,1.,0.));
#7206 = ORIENTED_EDGE('',*,*,#7207,.F.);
#7207 = EDGE_CURVE('',#7208,#6996,#7210,.T.);
#7208 = VERTEX_POINT('',#7209);
#7209 = CARTESIAN_POINT('',(7.175,-1.57,-4.95));
#7210 = LINE('',#7211,#7212);
#7211 = CARTESIAN_POINT('',(7.175,-1.57,-4.95));
#7212 = VECTOR('',#7213,1.);
#7213 = DIRECTION('',(0.,0.,-1.));
#7214 = ORIENTED_EDGE('',*,*,#7215,.F.);
#7215 = EDGE_CURVE('',#7107,#7208,#7216,.T.);
#7216 = LINE('',#7217,#7218);
#7217 = CARTESIAN_POINT('',(7.175,-2.47,-4.95));
#7218 = VECTOR('',#7219,1.);
#7219 = DIRECTION('',(0.,1.,0.));
#7220 = ORIENTED_EDGE('',*,*,#7106,.T.);
#7221 = PLANE('',#7222);
#7222 = AXIS2_PLACEMENT_3D('',#7223,#7224,#7225);
#7223 = CARTESIAN_POINT('',(7.175,-2.47,-4.95));
#7224 = DIRECTION('',(-1.,0.,0.));
#7225 = DIRECTION('',(0.,1.,0.));
#7226 = ADVANCED_FACE('',(#7227),#7233,.T.);
#7227 = FACE_BOUND('',#7228,.F.);
#7228 = EDGE_LOOP('',(#7229,#7230,#7231,#7232));
#7229 = ORIENTED_EDGE('',*,*,#7201,.F.);
#7230 = ORIENTED_EDGE('',*,*,#7091,.F.);
#7231 = ORIENTED_EDGE('',*,*,#7027,.T.);
#7232 = ORIENTED_EDGE('',*,*,#7003,.F.);
#7233 = PLANE('',#7234);
#7234 = AXIS2_PLACEMENT_3D('',#7235,#7236,#7237);
#7235 = CARTESIAN_POINT('',(7.325,-2.02,-6.225));
#7236 = DIRECTION('',(-0.640184399664,0.,-0.768221279597));
#7237 = DIRECTION('',(-0.768221279597,0.,0.640184399664));
#7238 = ADVANCED_FACE('',(#7239),#7250,.T.);
#7239 = FACE_BOUND('',#7240,.F.);
#7240 = EDGE_LOOP('',(#7241,#7242,#7243,#7249));
#7241 = ORIENTED_EDGE('',*,*,#6995,.T.);
#7242 = ORIENTED_EDGE('',*,*,#6700,.F.);
#7243 = ORIENTED_EDGE('',*,*,#7244,.T.);
#7244 = EDGE_CURVE('',#6693,#7208,#7245,.T.);
#7245 = LINE('',#7246,#7247);
#7246 = CARTESIAN_POINT('',(7.825,-1.57,-4.95));
#7247 = VECTOR('',#7248,1.);
#7248 = DIRECTION('',(-1.,0.,0.));
#7249 = ORIENTED_EDGE('',*,*,#7207,.T.);
#7250 = PLANE('',#7251);
#7251 = AXIS2_PLACEMENT_3D('',#7252,#7253,#7254);
#7252 = CARTESIAN_POINT('',(7.175,-1.57,-4.95));
#7253 = DIRECTION('',(0.,1.,0.));
#7254 = DIRECTION('',(1.,0.,0.));
#7255 = ADVANCED_FACE('',(#7256),#7290,.T.);
#7256 = FACE_BOUND('',#7257,.F.);
#7257 = EDGE_LOOP('',(#7258,#7268,#7276,#7284));
#7258 = ORIENTED_EDGE('',*,*,#7259,.T.);
#7259 = EDGE_CURVE('',#7260,#7262,#7264,.T.);
#7260 = VERTEX_POINT('',#7261);
#7261 = CARTESIAN_POINT('',(4.82,-1.27,-4.95));
#7262 = VERTEX_POINT('',#7263);
#7263 = CARTESIAN_POINT('',(4.82,-1.68,-4.95));
#7264 = LINE('',#7265,#7266);
#7265 = CARTESIAN_POINT('',(4.82,-1.27,-4.95));
#7266 = VECTOR('',#7267,1.);
#7267 = DIRECTION('',(0.,-1.,0.));
#7268 = ORIENTED_EDGE('',*,*,#7269,.T.);
#7269 = EDGE_CURVE('',#7262,#7270,#7272,.T.);
#7270 = VERTEX_POINT('',#7271);
#7271 = CARTESIAN_POINT('',(6.44,-1.68,-4.95));
#7272 = LINE('',#7273,#7274);
#7273 = CARTESIAN_POINT('',(4.82,-1.68,-4.95));
#7274 = VECTOR('',#7275,1.);
#7275 = DIRECTION('',(1.,0.,0.));
#7276 = ORIENTED_EDGE('',*,*,#7277,.T.);
#7277 = EDGE_CURVE('',#7270,#7278,#7280,.T.);
#7278 = VERTEX_POINT('',#7279);
#7279 = CARTESIAN_POINT('',(6.44,-1.27,-4.95));
#7280 = LINE('',#7281,#7282);
#7281 = CARTESIAN_POINT('',(6.44,-1.68,-4.95));
#7282 = VECTOR('',#7283,1.);
#7283 = DIRECTION('',(0.,1.,0.));
#7284 = ORIENTED_EDGE('',*,*,#7285,.F.);
#7285 = EDGE_CURVE('',#7260,#7278,#7286,.T.);
#7286 = LINE('',#7287,#7288);
#7287 = CARTESIAN_POINT('',(4.82,-1.27,-4.95));
#7288 = VECTOR('',#7289,1.);
#7289 = DIRECTION('',(1.,0.,0.));
#7290 = PLANE('',#7291);
#7291 = AXIS2_PLACEMENT_3D('',#7292,#7293,#7294);
#7292 = CARTESIAN_POINT('',(-7.825,-2.47,-4.95));
#7293 = DIRECTION('',(0.,0.,-1.));
#7294 = DIRECTION('',(0.,1.,0.));
#7295 = ADVANCED_FACE('',(#7296),#7330,.T.);
#7296 = FACE_BOUND('',#7297,.F.);
#7297 = EDGE_LOOP('',(#7298,#7308,#7316,#7324));
#7298 = ORIENTED_EDGE('',*,*,#7299,.F.);
#7299 = EDGE_CURVE('',#7300,#7302,#7304,.T.);
#7300 = VERTEX_POINT('',#7301);
#7301 = CARTESIAN_POINT('',(1.82,-1.68,-4.95));
#7302 = VERTEX_POINT('',#7303);
#7303 = CARTESIAN_POINT('',(1.82,-1.27,-4.95));
#7304 = LINE('',#7305,#7306);
#7305 = CARTESIAN_POINT('',(1.82,-1.68,-4.95));
#7306 = VECTOR('',#7307,1.);
#7307 = DIRECTION('',(0.,1.,0.));
#7308 = ORIENTED_EDGE('',*,*,#7309,.T.);
#7309 = EDGE_CURVE('',#7300,#7310,#7312,.T.);
#7310 = VERTEX_POINT('',#7311);
#7311 = CARTESIAN_POINT('',(4.18,-1.68,-4.95));
#7312 = LINE('',#7313,#7314);
#7313 = CARTESIAN_POINT('',(1.82,-1.68,-4.95));
#7314 = VECTOR('',#7315,1.);
#7315 = DIRECTION('',(1.,0.,0.));
#7316 = ORIENTED_EDGE('',*,*,#7317,.F.);
#7317 = EDGE_CURVE('',#7318,#7310,#7320,.T.);
#7318 = VERTEX_POINT('',#7319);
#7319 = CARTESIAN_POINT('',(4.18,-1.27,-4.95));
#7320 = LINE('',#7321,#7322);
#7321 = CARTESIAN_POINT('',(4.18,-1.27,-4.95));
#7322 = VECTOR('',#7323,1.);
#7323 = DIRECTION('',(0.,-1.,0.));
#7324 = ORIENTED_EDGE('',*,*,#7325,.F.);
#7325 = EDGE_CURVE('',#7302,#7318,#7326,.T.);
#7326 = LINE('',#7327,#7328);
#7327 = CARTESIAN_POINT('',(1.82,-1.27,-4.95));
#7328 = VECTOR('',#7329,1.);
#7329 = DIRECTION('',(1.,0.,0.));
#7330 = PLANE('',#7331);
#7331 = AXIS2_PLACEMENT_3D('',#7332,#7333,#7334);
#7332 = CARTESIAN_POINT('',(-7.825,-2.47,-4.95));
#7333 = DIRECTION('',(0.,0.,-1.));
#7334 = DIRECTION('',(0.,1.,0.));
#7335 = ADVANCED_FACE('',(#7336),#7370,.T.);
#7336 = FACE_BOUND('',#7337,.F.);
#7337 = EDGE_LOOP('',(#7338,#7348,#7356,#7364));
#7338 = ORIENTED_EDGE('',*,*,#7339,.F.);
#7339 = EDGE_CURVE('',#7340,#7342,#7344,.T.);
#7340 = VERTEX_POINT('',#7341);
#7341 = CARTESIAN_POINT('',(-1.18,-1.68,-4.95));
#7342 = VERTEX_POINT('',#7343);
#7343 = CARTESIAN_POINT('',(-1.18,-1.27,-4.95));
#7344 = LINE('',#7345,#7346);
#7345 = CARTESIAN_POINT('',(-1.18,-1.68,-4.95));
#7346 = VECTOR('',#7347,1.);
#7347 = DIRECTION('',(0.,1.,0.));
#7348 = ORIENTED_EDGE('',*,*,#7349,.T.);
#7349 = EDGE_CURVE('',#7340,#7350,#7352,.T.);
#7350 = VERTEX_POINT('',#7351);
#7351 = CARTESIAN_POINT('',(1.18,-1.68,-4.95));
#7352 = LINE('',#7353,#7354);
#7353 = CARTESIAN_POINT('',(-1.18,-1.68,-4.95));
#7354 = VECTOR('',#7355,1.);
#7355 = DIRECTION('',(1.,0.,0.));
#7356 = ORIENTED_EDGE('',*,*,#7357,.T.);
#7357 = EDGE_CURVE('',#7350,#7358,#7360,.T.);
#7358 = VERTEX_POINT('',#7359);
#7359 = CARTESIAN_POINT('',(1.18,-1.27,-4.95));
#7360 = LINE('',#7361,#7362);
#7361 = CARTESIAN_POINT('',(1.18,-1.68,-4.95));
#7362 = VECTOR('',#7363,1.);
#7363 = DIRECTION('',(0.,1.,0.));
#7364 = ORIENTED_EDGE('',*,*,#7365,.F.);
#7365 = EDGE_CURVE('',#7342,#7358,#7366,.T.);
#7366 = LINE('',#7367,#7368);
#7367 = CARTESIAN_POINT('',(-1.18,-1.27,-4.95));
#7368 = VECTOR('',#7369,1.);
#7369 = DIRECTION('',(1.,0.,0.));
#7370 = PLANE('',#7371);
#7371 = AXIS2_PLACEMENT_3D('',#7372,#7373,#7374);
#7372 = CARTESIAN_POINT('',(-7.825,-2.47,-4.95));
#7373 = DIRECTION('',(0.,0.,-1.));
#7374 = DIRECTION('',(0.,1.,0.));
#7375 = ADVANCED_FACE('',(#7376),#7410,.T.);
#7376 = FACE_BOUND('',#7377,.F.);
#7377 = EDGE_LOOP('',(#7378,#7388,#7396,#7404));
#7378 = ORIENTED_EDGE('',*,*,#7379,.T.);
#7379 = EDGE_CURVE('',#7380,#7382,#7384,.T.);
#7380 = VERTEX_POINT('',#7381);
#7381 = CARTESIAN_POINT('',(-4.82,-1.68,-4.95));
#7382 = VERTEX_POINT('',#7383);
#7383 = CARTESIAN_POINT('',(-4.82,-1.27,-4.95));
#7384 = LINE('',#7385,#7386);
#7385 = CARTESIAN_POINT('',(-4.82,-1.68,-4.95));
#7386 = VECTOR('',#7387,1.);
#7387 = DIRECTION('',(0.,1.,0.));
#7388 = ORIENTED_EDGE('',*,*,#7389,.F.);
#7389 = EDGE_CURVE('',#7390,#7382,#7392,.T.);
#7390 = VERTEX_POINT('',#7391);
#7391 = CARTESIAN_POINT('',(-6.44,-1.27,-4.95));
#7392 = LINE('',#7393,#7394);
#7393 = CARTESIAN_POINT('',(-6.44,-1.27,-4.95));
#7394 = VECTOR('',#7395,1.);
#7395 = DIRECTION('',(1.,0.,0.));
#7396 = ORIENTED_EDGE('',*,*,#7397,.F.);
#7397 = EDGE_CURVE('',#7398,#7390,#7400,.T.);
#7398 = VERTEX_POINT('',#7399);
#7399 = CARTESIAN_POINT('',(-6.44,-1.68,-4.95));
#7400 = LINE('',#7401,#7402);
#7401 = CARTESIAN_POINT('',(-6.44,-1.68,-4.95));
#7402 = VECTOR('',#7403,1.);
#7403 = DIRECTION('',(0.,1.,0.));
#7404 = ORIENTED_EDGE('',*,*,#7405,.T.);
#7405 = EDGE_CURVE('',#7398,#7380,#7406,.T.);
#7406 = LINE('',#7407,#7408);
#7407 = CARTESIAN_POINT('',(-6.44,-1.68,-4.95));
#7408 = VECTOR('',#7409,1.);
#7409 = DIRECTION('',(1.,0.,0.));
#7410 = PLANE('',#7411);
#7411 = AXIS2_PLACEMENT_3D('',#7412,#7413,#7414);
#7412 = CARTESIAN_POINT('',(-7.825,-2.47,-4.95));
#7413 = DIRECTION('',(0.,0.,-1.));
#7414 = DIRECTION('',(0.,1.,0.));
#7415 = ADVANCED_FACE('',(#7416),#7450,.T.);
#7416 = FACE_BOUND('',#7417,.F.);
#7417 = EDGE_LOOP('',(#7418,#7428,#7436,#7444));
#7418 = ORIENTED_EDGE('',*,*,#7419,.F.);
#7419 = EDGE_CURVE('',#7420,#7422,#7424,.T.);
#7420 = VERTEX_POINT('',#7421);
#7421 = CARTESIAN_POINT('',(-4.18,-1.68,-4.95));
#7422 = VERTEX_POINT('',#7423);
#7423 = CARTESIAN_POINT('',(-4.18,-1.27,-4.95));
#7424 = LINE('',#7425,#7426);
#7425 = CARTESIAN_POINT('',(-4.18,-1.68,-4.95));
#7426 = VECTOR('',#7427,1.);
#7427 = DIRECTION('',(0.,1.,0.));
#7428 = ORIENTED_EDGE('',*,*,#7429,.T.);
#7429 = EDGE_CURVE('',#7420,#7430,#7432,.T.);
#7430 = VERTEX_POINT('',#7431);
#7431 = CARTESIAN_POINT('',(-1.82,-1.68,-4.95));
#7432 = LINE('',#7433,#7434);
#7433 = CARTESIAN_POINT('',(-4.18,-1.68,-4.95));
#7434 = VECTOR('',#7435,1.);
#7435 = DIRECTION('',(1.,0.,0.));
#7436 = ORIENTED_EDGE('',*,*,#7437,.T.);
#7437 = EDGE_CURVE('',#7430,#7438,#7440,.T.);
#7438 = VERTEX_POINT('',#7439);
#7439 = CARTESIAN_POINT('',(-1.82,-1.27,-4.95));
#7440 = LINE('',#7441,#7442);
#7441 = CARTESIAN_POINT('',(-1.82,-1.68,-4.95));
#7442 = VECTOR('',#7443,1.);
#7443 = DIRECTION('',(0.,1.,0.));
#7444 = ORIENTED_EDGE('',*,*,#7445,.F.);
#7445 = EDGE_CURVE('',#7422,#7438,#7446,.T.);
#7446 = LINE('',#7447,#7448);
#7447 = CARTESIAN_POINT('',(-4.18,-1.27,-4.95));
#7448 = VECTOR('',#7449,1.);
#7449 = DIRECTION('',(1.,0.,0.));
#7450 = PLANE('',#7451);
#7451 = AXIS2_PLACEMENT_3D('',#7452,#7453,#7454);
#7452 = CARTESIAN_POINT('',(-7.825,-2.47,-4.95));
#7453 = DIRECTION('',(0.,0.,-1.));
#7454 = DIRECTION('',(0.,1.,0.));
#7455 = ADVANCED_FACE('',(#7456),#7497,.T.);
#7456 = FACE_BOUND('',#7457,.F.);
#7457 = EDGE_LOOP('',(#7458,#7468,#7474,#7475,#7483,#7491));
#7458 = ORIENTED_EDGE('',*,*,#7459,.T.);
#7459 = EDGE_CURVE('',#7460,#7462,#7464,.T.);
#7460 = VERTEX_POINT('',#7461);
#7461 = CARTESIAN_POINT('',(-7.825,-1.57,-4.95));
#7462 = VERTEX_POINT('',#7463);
#7463 = CARTESIAN_POINT('',(-7.175,-1.57,-4.95));
#7464 = LINE('',#7465,#7466);
#7465 = CARTESIAN_POINT('',(-7.825,-1.57,-4.95));
#7466 = VECTOR('',#7467,1.);
#7467 = DIRECTION('',(1.,0.,0.));
#7468 = ORIENTED_EDGE('',*,*,#7469,.F.);
#7469 = EDGE_CURVE('',#7180,#7462,#7470,.T.);
#7470 = LINE('',#7471,#7472);
#7471 = CARTESIAN_POINT('',(-7.175,-2.47,-4.95));
#7472 = VECTOR('',#7473,1.);
#7473 = DIRECTION('',(0.,1.,0.));
#7474 = ORIENTED_EDGE('',*,*,#7179,.T.);
#7475 = ORIENTED_EDGE('',*,*,#7476,.T.);
#7476 = EDGE_CURVE('',#7172,#7477,#7479,.T.);
#7477 = VERTEX_POINT('',#7478);
#7478 = CARTESIAN_POINT('',(-6.89,-1.27,-4.95));
#7479 = LINE('',#7480,#7481);
#7480 = CARTESIAN_POINT('',(-6.89,-2.47,-4.95));
#7481 = VECTOR('',#7482,1.);
#7482 = DIRECTION('',(0.,1.,0.));
#7483 = ORIENTED_EDGE('',*,*,#7484,.F.);
#7484 = EDGE_CURVE('',#7485,#7477,#7487,.T.);
#7485 = VERTEX_POINT('',#7486);
#7486 = CARTESIAN_POINT('',(-7.825,-1.27,-4.95));
#7487 = LINE('',#7488,#7489);
#7488 = CARTESIAN_POINT('',(-7.825,-1.27,-4.95));
#7489 = VECTOR('',#7490,1.);
#7490 = DIRECTION('',(1.,0.,0.));
#7491 = ORIENTED_EDGE('',*,*,#7492,.F.);
#7492 = EDGE_CURVE('',#7460,#7485,#7493,.T.);
#7493 = LINE('',#7494,#7495);
#7494 = CARTESIAN_POINT('',(-7.825,-1.57,-4.95));
#7495 = VECTOR('',#7496,1.);
#7496 = DIRECTION('',(0.,1.,0.));
#7497 = PLANE('',#7498);
#7498 = AXIS2_PLACEMENT_3D('',#7499,#7500,#7501);
#7499 = CARTESIAN_POINT('',(-7.825,-2.47,-4.95));
#7500 = DIRECTION('',(0.,0.,-1.));
#7501 = DIRECTION('',(0.,1.,0.));
#7502 = ADVANCED_FACE('',(#7503),#7523,.T.);
#7503 = FACE_BOUND('',#7504,.F.);
#7504 = EDGE_LOOP('',(#7505,#7506,#7507,#7508,#7516,#7522));
#7505 = ORIENTED_EDGE('',*,*,#7215,.T.);
#7506 = ORIENTED_EDGE('',*,*,#7244,.F.);
#7507 = ORIENTED_EDGE('',*,*,#6692,.T.);
#7508 = ORIENTED_EDGE('',*,*,#7509,.F.);
#7509 = EDGE_CURVE('',#7510,#6685,#7512,.T.);
#7510 = VERTEX_POINT('',#7511);
#7511 = CARTESIAN_POINT('',(6.89,-1.27,-4.95));
#7512 = LINE('',#7513,#7514);
#7513 = CARTESIAN_POINT('',(6.89,-1.27,-4.95));
#7514 = VECTOR('',#7515,1.);
#7515 = DIRECTION('',(1.,0.,0.));
#7516 = ORIENTED_EDGE('',*,*,#7517,.F.);
#7517 = EDGE_CURVE('',#7115,#7510,#7518,.T.);
#7518 = LINE('',#7519,#7520);
#7519 = CARTESIAN_POINT('',(6.89,-2.47,-4.95));
#7520 = VECTOR('',#7521,1.);
#7521 = DIRECTION('',(0.,1.,0.));
#7522 = ORIENTED_EDGE('',*,*,#7114,.T.);
#7523 = PLANE('',#7524);
#7524 = AXIS2_PLACEMENT_3D('',#7525,#7526,#7527);
#7525 = CARTESIAN_POINT('',(-7.825,-2.47,-4.95));
#7526 = DIRECTION('',(0.,0.,-1.));
#7527 = DIRECTION('',(0.,1.,0.));
#7528 = ADVANCED_FACE('',(#7529),#7595,.F.);
#7529 = FACE_BOUND('',#7530,.F.);
#7530 = EDGE_LOOP('',(#7531,#7541,#7549,#7557,#7565,#7573,#7581,#7589));
#7531 = ORIENTED_EDGE('',*,*,#7532,.T.);
#7532 = EDGE_CURVE('',#7533,#7535,#7537,.T.);
#7533 = VERTEX_POINT('',#7534);
#7534 = CARTESIAN_POINT('',(4.82,1.93,-3.6));
#7535 = VERTEX_POINT('',#7536);
#7536 = CARTESIAN_POINT('',(4.82,1.05,-3.6));
#7537 = LINE('',#7538,#7539);
#7538 = CARTESIAN_POINT('',(4.82,1.93,-3.6));
#7539 = VECTOR('',#7540,1.);
#7540 = DIRECTION('',(0.,-1.,0.));
#7541 = ORIENTED_EDGE('',*,*,#7542,.T.);
#7542 = EDGE_CURVE('',#7535,#7543,#7545,.T.);
#7543 = VERTEX_POINT('',#7544);
#7544 = CARTESIAN_POINT('',(4.82,1.05,-4.25));
#7545 = LINE('',#7546,#7547);
#7546 = CARTESIAN_POINT('',(4.82,1.05,-3.6));
#7547 = VECTOR('',#7548,1.);
#7548 = DIRECTION('',(0.,0.,-1.));
#7549 = ORIENTED_EDGE('',*,*,#7550,.F.);
#7550 = EDGE_CURVE('',#7551,#7543,#7553,.T.);
#7551 = VERTEX_POINT('',#7552);
#7552 = CARTESIAN_POINT('',(4.82,0.875,-4.25));
#7553 = LINE('',#7554,#7555);
#7554 = CARTESIAN_POINT('',(4.82,0.875,-4.25));
#7555 = VECTOR('',#7556,1.);
#7556 = DIRECTION('',(0.,1.,0.));
#7557 = ORIENTED_EDGE('',*,*,#7558,.T.);
#7558 = EDGE_CURVE('',#7551,#7559,#7561,.T.);
#7559 = VERTEX_POINT('',#7560);
#7560 = CARTESIAN_POINT('',(4.82,0.875,-4.28));
#7561 = LINE('',#7562,#7563);
#7562 = CARTESIAN_POINT('',(4.82,0.875,-4.25));
#7563 = VECTOR('',#7564,1.);
#7564 = DIRECTION('',(0.,0.,-1.));
#7565 = ORIENTED_EDGE('',*,*,#7566,.T.);
#7566 = EDGE_CURVE('',#7559,#7567,#7569,.T.);
#7567 = VERTEX_POINT('',#7568);
#7568 = CARTESIAN_POINT('',(4.82,1.27,-4.28));
#7569 = LINE('',#7570,#7571);
#7570 = CARTESIAN_POINT('',(4.82,0.875,-4.28));
#7571 = VECTOR('',#7572,1.);
#7572 = DIRECTION('',(0.,1.,0.));
#7573 = ORIENTED_EDGE('',*,*,#7574,.T.);
#7574 = EDGE_CURVE('',#7567,#7575,#7577,.T.);
#7575 = VERTEX_POINT('',#7576);
#7576 = CARTESIAN_POINT('',(4.82,1.27,-4.95));
#7577 = LINE('',#7578,#7579);
#7578 = CARTESIAN_POINT('',(4.82,1.27,-4.28));
#7579 = VECTOR('',#7580,1.);
#7580 = DIRECTION('',(0.,0.,-1.));
#7581 = ORIENTED_EDGE('',*,*,#7582,.T.);
#7582 = EDGE_CURVE('',#7575,#7583,#7585,.T.);
#7583 = VERTEX_POINT('',#7584);
#7584 = CARTESIAN_POINT('',(4.82,1.93,-4.95));
#7585 = LINE('',#7586,#7587);
#7586 = CARTESIAN_POINT('',(4.82,1.27,-4.95));
#7587 = VECTOR('',#7588,1.);
#7588 = DIRECTION('',(0.,1.,0.));
#7589 = ORIENTED_EDGE('',*,*,#7590,.T.);
#7590 = EDGE_CURVE('',#7583,#7533,#7591,.T.);
#7591 = LINE('',#7592,#7593);
#7592 = CARTESIAN_POINT('',(4.82,1.93,-4.95));
#7593 = VECTOR('',#7594,1.);
#7594 = DIRECTION('',(0.,0.,1.));
#7595 = PLANE('',#7596);
#7596 = AXIS2_PLACEMENT_3D('',#7597,#7598,#7599);
#7597 = CARTESIAN_POINT('',(4.82,1.93,-3.6));
#7598 = DIRECTION('',(1.,0.,0.));
#7599 = DIRECTION('',(0.,0.,-1.));
#7600 = ADVANCED_FACE('',(#7601),#7658,.F.);
#7601 = FACE_BOUND('',#7602,.F.);
#7602 = EDGE_LOOP('',(#7603,#7613,#7621,#7629,#7635,#7636,#7644,#7652));
#7603 = ORIENTED_EDGE('',*,*,#7604,.F.);
#7604 = EDGE_CURVE('',#7605,#7607,#7609,.T.);
#7605 = VERTEX_POINT('',#7606);
#7606 = CARTESIAN_POINT('',(4.82,-1.65,-4.25));
#7607 = VERTEX_POINT('',#7608);
#7608 = CARTESIAN_POINT('',(4.82,-0.875,-4.25));
#7609 = LINE('',#7610,#7611);
#7610 = CARTESIAN_POINT('',(4.82,-1.65,-4.25));
#7611 = VECTOR('',#7612,1.);
#7612 = DIRECTION('',(0.,1.,0.));
#7613 = ORIENTED_EDGE('',*,*,#7614,.F.);
#7614 = EDGE_CURVE('',#7615,#7605,#7617,.T.);
#7615 = VERTEX_POINT('',#7616);
#7616 = CARTESIAN_POINT('',(4.82,-1.65,-3.6));
#7617 = LINE('',#7618,#7619);
#7618 = CARTESIAN_POINT('',(4.82,-1.65,-3.6));
#7619 = VECTOR('',#7620,1.);
#7620 = DIRECTION('',(0.,0.,-1.));
#7621 = ORIENTED_EDGE('',*,*,#7622,.T.);
#7622 = EDGE_CURVE('',#7615,#7623,#7625,.T.);
#7623 = VERTEX_POINT('',#7624);
#7624 = CARTESIAN_POINT('',(4.82,-1.68,-3.6));
#7625 = LINE('',#7626,#7627);
#7626 = CARTESIAN_POINT('',(4.82,-1.65,-3.6));
#7627 = VECTOR('',#7628,1.);
#7628 = DIRECTION('',(0.,-1.,0.));
#7629 = ORIENTED_EDGE('',*,*,#7630,.F.);
#7630 = EDGE_CURVE('',#7262,#7623,#7631,.T.);
#7631 = LINE('',#7632,#7633);
#7632 = CARTESIAN_POINT('',(4.82,-1.68,-4.95));
#7633 = VECTOR('',#7634,1.);
#7634 = DIRECTION('',(0.,0.,1.));
#7635 = ORIENTED_EDGE('',*,*,#7259,.F.);
#7636 = ORIENTED_EDGE('',*,*,#7637,.T.);
#7637 = EDGE_CURVE('',#7260,#7638,#7640,.T.);
#7638 = VERTEX_POINT('',#7639);
#7639 = CARTESIAN_POINT('',(4.82,-1.27,-4.28));
#7640 = LINE('',#7641,#7642);
#7641 = CARTESIAN_POINT('',(4.82,-1.27,-4.95));
#7642 = VECTOR('',#7643,1.);
#7643 = DIRECTION('',(0.,0.,1.));
#7644 = ORIENTED_EDGE('',*,*,#7645,.T.);
#7645 = EDGE_CURVE('',#7638,#7646,#7648,.T.);
#7646 = VERTEX_POINT('',#7647);
#7647 = CARTESIAN_POINT('',(4.82,-0.875,-4.28));
#7648 = LINE('',#7649,#7650);
#7649 = CARTESIAN_POINT('',(4.82,-1.27,-4.28));
#7650 = VECTOR('',#7651,1.);
#7651 = DIRECTION('',(0.,1.,0.));
#7652 = ORIENTED_EDGE('',*,*,#7653,.F.);
#7653 = EDGE_CURVE('',#7607,#7646,#7654,.T.);
#7654 = LINE('',#7655,#7656);
#7655 = CARTESIAN_POINT('',(4.82,-0.875,-4.25));
#7656 = VECTOR('',#7657,1.);
#7657 = DIRECTION('',(0.,0.,-1.));
#7658 = PLANE('',#7659);
#7659 = AXIS2_PLACEMENT_3D('',#7660,#7661,#7662);
#7660 = CARTESIAN_POINT('',(4.82,1.93,-3.6));
#7661 = DIRECTION('',(1.,0.,0.));
#7662 = DIRECTION('',(0.,0.,-1.));
#7663 = ADVANCED_FACE('',(#7664),#7689,.F.);
#7664 = FACE_BOUND('',#7665,.F.);
#7665 = EDGE_LOOP('',(#7666,#7676,#7682,#7683));
#7666 = ORIENTED_EDGE('',*,*,#7667,.T.);
#7667 = EDGE_CURVE('',#7668,#7670,#7672,.T.);
#7668 = VERTEX_POINT('',#7669);
#7669 = CARTESIAN_POINT('',(4.18,1.93,-3.6));
#7670 = VERTEX_POINT('',#7671);
#7671 = CARTESIAN_POINT('',(4.18,1.05,-3.6));
#7672 = LINE('',#7673,#7674);
#7673 = CARTESIAN_POINT('',(4.18,1.93,-3.6));
#7674 = VECTOR('',#7675,1.);
#7675 = DIRECTION('',(0.,-1.,0.));
#7676 = ORIENTED_EDGE('',*,*,#7677,.T.);
#7677 = EDGE_CURVE('',#7670,#7535,#7678,.T.);
#7678 = LINE('',#7679,#7680);
#7679 = CARTESIAN_POINT('',(4.18,1.05,-3.6));
#7680 = VECTOR('',#7681,1.);
#7681 = DIRECTION('',(1.,0.,0.));
#7682 = ORIENTED_EDGE('',*,*,#7532,.F.);
#7683 = ORIENTED_EDGE('',*,*,#7684,.F.);
#7684 = EDGE_CURVE('',#7668,#7533,#7685,.T.);
#7685 = LINE('',#7686,#7687);
#7686 = CARTESIAN_POINT('',(4.18,1.93,-3.6));
#7687 = VECTOR('',#7688,1.);
#7688 = DIRECTION('',(1.,0.,0.));
#7689 = PLANE('',#7690);
#7690 = AXIS2_PLACEMENT_3D('',#7691,#7692,#7693);
#7691 = CARTESIAN_POINT('',(4.18,1.93,-3.6));
#7692 = DIRECTION('',(0.,0.,1.));
#7693 = DIRECTION('',(1.,0.,-0.));
#7694 = ADVANCED_FACE('',(#7695),#7720,.F.);
#7695 = FACE_BOUND('',#7696,.F.);
#7696 = EDGE_LOOP('',(#7697,#7707,#7713,#7714));
#7697 = ORIENTED_EDGE('',*,*,#7698,.T.);
#7698 = EDGE_CURVE('',#7699,#7701,#7703,.T.);
#7699 = VERTEX_POINT('',#7700);
#7700 = CARTESIAN_POINT('',(4.18,-1.65,-3.6));
#7701 = VERTEX_POINT('',#7702);
#7702 = CARTESIAN_POINT('',(4.18,-1.68,-3.6));
#7703 = LINE('',#7704,#7705);
#7704 = CARTESIAN_POINT('',(4.18,-1.65,-3.6));
#7705 = VECTOR('',#7706,1.);
#7706 = DIRECTION('',(0.,-1.,0.));
#7707 = ORIENTED_EDGE('',*,*,#7708,.T.);
#7708 = EDGE_CURVE('',#7701,#7623,#7709,.T.);
#7709 = LINE('',#7710,#7711);
#7710 = CARTESIAN_POINT('',(4.18,-1.68,-3.6));
#7711 = VECTOR('',#7712,1.);
#7712 = DIRECTION('',(1.,0.,0.));
#7713 = ORIENTED_EDGE('',*,*,#7622,.F.);
#7714 = ORIENTED_EDGE('',*,*,#7715,.F.);
#7715 = EDGE_CURVE('',#7699,#7615,#7716,.T.);
#7716 = LINE('',#7717,#7718);
#7717 = CARTESIAN_POINT('',(4.18,-1.65,-3.6));
#7718 = VECTOR('',#7719,1.);
#7719 = DIRECTION('',(1.,0.,0.));
#7720 = PLANE('',#7721);
#7721 = AXIS2_PLACEMENT_3D('',#7722,#7723,#7724);
#7722 = CARTESIAN_POINT('',(4.18,1.93,-3.6));
#7723 = DIRECTION('',(0.,0.,1.));
#7724 = DIRECTION('',(1.,0.,-0.));
#7725 = ADVANCED_FACE('',(#7726),#7783,.F.);
#7726 = FACE_BOUND('',#7727,.F.);
#7727 = EDGE_LOOP('',(#7728,#7729,#7737,#7745,#7753,#7761,#7769,#7777));
#7728 = ORIENTED_EDGE('',*,*,#7667,.F.);
#7729 = ORIENTED_EDGE('',*,*,#7730,.F.);
#7730 = EDGE_CURVE('',#7731,#7668,#7733,.T.);
#7731 = VERTEX_POINT('',#7732);
#7732 = CARTESIAN_POINT('',(4.18,1.93,-4.95));
#7733 = LINE('',#7734,#7735);
#7734 = CARTESIAN_POINT('',(4.18,1.93,-4.95));
#7735 = VECTOR('',#7736,1.);
#7736 = DIRECTION('',(0.,0.,1.));
#7737 = ORIENTED_EDGE('',*,*,#7738,.F.);
#7738 = EDGE_CURVE('',#7739,#7731,#7741,.T.);
#7739 = VERTEX_POINT('',#7740);
#7740 = CARTESIAN_POINT('',(4.18,1.27,-4.95));
#7741 = LINE('',#7742,#7743);
#7742 = CARTESIAN_POINT('',(4.18,1.27,-4.95));
#7743 = VECTOR('',#7744,1.);
#7744 = DIRECTION('',(0.,1.,0.));
#7745 = ORIENTED_EDGE('',*,*,#7746,.F.);
#7746 = EDGE_CURVE('',#7747,#7739,#7749,.T.);
#7747 = VERTEX_POINT('',#7748);
#7748 = CARTESIAN_POINT('',(4.18,1.27,-4.28));
#7749 = LINE('',#7750,#7751);
#7750 = CARTESIAN_POINT('',(4.18,1.27,-4.28));
#7751 = VECTOR('',#7752,1.);
#7752 = DIRECTION('',(0.,0.,-1.));
#7753 = ORIENTED_EDGE('',*,*,#7754,.F.);
#7754 = EDGE_CURVE('',#7755,#7747,#7757,.T.);
#7755 = VERTEX_POINT('',#7756);
#7756 = CARTESIAN_POINT('',(4.18,0.875,-4.28));
#7757 = LINE('',#7758,#7759);
#7758 = CARTESIAN_POINT('',(4.18,0.875,-4.28));
#7759 = VECTOR('',#7760,1.);
#7760 = DIRECTION('',(0.,1.,0.));
#7761 = ORIENTED_EDGE('',*,*,#7762,.F.);
#7762 = EDGE_CURVE('',#7763,#7755,#7765,.T.);
#7763 = VERTEX_POINT('',#7764);
#7764 = CARTESIAN_POINT('',(4.18,0.875,-4.25));
#7765 = LINE('',#7766,#7767);
#7766 = CARTESIAN_POINT('',(4.18,0.875,-4.25));
#7767 = VECTOR('',#7768,1.);
#7768 = DIRECTION('',(-8.881784197001E-14,0.,-1.));
#7769 = ORIENTED_EDGE('',*,*,#7770,.T.);
#7770 = EDGE_CURVE('',#7763,#7771,#7773,.T.);
#7771 = VERTEX_POINT('',#7772);
#7772 = CARTESIAN_POINT('',(4.18,1.05,-4.25));
#7773 = LINE('',#7774,#7775);
#7774 = CARTESIAN_POINT('',(4.18,0.875,-4.25));
#7775 = VECTOR('',#7776,1.);
#7776 = DIRECTION('',(-1.522591576629E-14,1.,0.));
#7777 = ORIENTED_EDGE('',*,*,#7778,.F.);
#7778 = EDGE_CURVE('',#7670,#7771,#7779,.T.);
#7779 = LINE('',#7780,#7781);
#7780 = CARTESIAN_POINT('',(4.18,1.05,-3.6));
#7781 = VECTOR('',#7782,1.);
#7782 = DIRECTION('',(0.,0.,-1.));
#7783 = PLANE('',#7784);
#7784 = AXIS2_PLACEMENT_3D('',#7785,#7786,#7787);
#7785 = CARTESIAN_POINT('',(4.18,1.93,-4.95));
#7786 = DIRECTION('',(-1.,0.,0.));
#7787 = DIRECTION('',(0.,0.,1.));
#7788 = ADVANCED_FACE('',(#7789),#7837,.F.);
#7789 = FACE_BOUND('',#7790,.F.);
#7790 = EDGE_LOOP('',(#7791,#7801,#7809,#7817,#7823,#7824,#7830,#7831));
#7791 = ORIENTED_EDGE('',*,*,#7792,.T.);
#7792 = EDGE_CURVE('',#7793,#7795,#7797,.T.);
#7793 = VERTEX_POINT('',#7794);
#7794 = CARTESIAN_POINT('',(4.18,-1.65,-4.25));
#7795 = VERTEX_POINT('',#7796);
#7796 = CARTESIAN_POINT('',(4.18,-0.875,-4.25));
#7797 = LINE('',#7798,#7799);
#7798 = CARTESIAN_POINT('',(4.18,-1.65,-4.25));
#7799 = VECTOR('',#7800,1.);
#7800 = DIRECTION('',(0.,1.,0.));
#7801 = ORIENTED_EDGE('',*,*,#7802,.T.);
#7802 = EDGE_CURVE('',#7795,#7803,#7805,.T.);
#7803 = VERTEX_POINT('',#7804);
#7804 = CARTESIAN_POINT('',(4.18,-0.875,-4.28));
#7805 = LINE('',#7806,#7807);
#7806 = CARTESIAN_POINT('',(4.18,-0.875,-4.25));
#7807 = VECTOR('',#7808,1.);
#7808 = DIRECTION('',(-5.921189464668E-14,0.,-1.));
#7809 = ORIENTED_EDGE('',*,*,#7810,.F.);
#7810 = EDGE_CURVE('',#7811,#7803,#7813,.T.);
#7811 = VERTEX_POINT('',#7812);
#7812 = CARTESIAN_POINT('',(4.18,-1.27,-4.28));
#7813 = LINE('',#7814,#7815);
#7814 = CARTESIAN_POINT('',(4.18,-1.27,-4.28));
#7815 = VECTOR('',#7816,1.);
#7816 = DIRECTION('',(0.,1.,0.));
#7817 = ORIENTED_EDGE('',*,*,#7818,.F.);
#7818 = EDGE_CURVE('',#7318,#7811,#7819,.T.);
#7819 = LINE('',#7820,#7821);
#7820 = CARTESIAN_POINT('',(4.18,-1.27,-4.95));
#7821 = VECTOR('',#7822,1.);
#7822 = DIRECTION('',(0.,0.,1.));
#7823 = ORIENTED_EDGE('',*,*,#7317,.T.);
#7824 = ORIENTED_EDGE('',*,*,#7825,.T.);
#7825 = EDGE_CURVE('',#7310,#7701,#7826,.T.);
#7826 = LINE('',#7827,#7828);
#7827 = CARTESIAN_POINT('',(4.18,-1.68,-4.95));
#7828 = VECTOR('',#7829,1.);
#7829 = DIRECTION('',(0.,0.,1.));
#7830 = ORIENTED_EDGE('',*,*,#7698,.F.);
#7831 = ORIENTED_EDGE('',*,*,#7832,.T.);
#7832 = EDGE_CURVE('',#7699,#7793,#7833,.T.);
#7833 = LINE('',#7834,#7835);
#7834 = CARTESIAN_POINT('',(4.18,-1.65,-3.6));
#7835 = VECTOR('',#7836,1.);
#7836 = DIRECTION('',(0.,0.,-1.));
#7837 = PLANE('',#7838);
#7838 = AXIS2_PLACEMENT_3D('',#7839,#7840,#7841);
#7839 = CARTESIAN_POINT('',(4.18,1.93,-4.95));
#7840 = DIRECTION('',(-1.,0.,0.));
#7841 = DIRECTION('',(0.,0.,1.));
#7842 = ADVANCED_FACE('',(#7843),#8044,.T.);
#7843 = FACE_BOUND('',#7844,.F.);
#7844 = EDGE_LOOP('',(#7845,#7855,#7863,#7871,#7879,#7887,#7895,#7903,
    #7911,#7919,#7927,#7935,#7941,#7942,#7943,#7944,#7952,#7960,#7968,
    #7976,#7982,#7983,#7989,#7990,#7998,#8006,#8014,#8022,#8030,#8038));
#7845 = ORIENTED_EDGE('',*,*,#7846,.T.);
#7846 = EDGE_CURVE('',#7847,#7849,#7851,.T.);
#7847 = VERTEX_POINT('',#7848);
#7848 = CARTESIAN_POINT('',(-4.82,1.93,-4.95));
#7849 = VERTEX_POINT('',#7850);
#7850 = CARTESIAN_POINT('',(-4.82,1.93,-3.6));
#7851 = LINE('',#7852,#7853);
#7852 = CARTESIAN_POINT('',(-4.82,1.93,-4.95));
#7853 = VECTOR('',#7854,1.);
#7854 = DIRECTION('',(0.,0.,1.));
#7855 = ORIENTED_EDGE('',*,*,#7856,.T.);
#7856 = EDGE_CURVE('',#7849,#7857,#7859,.T.);
#7857 = VERTEX_POINT('',#7858);
#7858 = CARTESIAN_POINT('',(-4.18,1.93,-3.6));
#7859 = LINE('',#7860,#7861);
#7860 = CARTESIAN_POINT('',(-4.82,1.93,-3.6));
#7861 = VECTOR('',#7862,1.);
#7862 = DIRECTION('',(1.,0.,0.));
#7863 = ORIENTED_EDGE('',*,*,#7864,.F.);
#7864 = EDGE_CURVE('',#7865,#7857,#7867,.T.);
#7865 = VERTEX_POINT('',#7866);
#7866 = CARTESIAN_POINT('',(-4.18,1.93,-4.95));
#7867 = LINE('',#7868,#7869);
#7868 = CARTESIAN_POINT('',(-4.18,1.93,-4.95));
#7869 = VECTOR('',#7870,1.);
#7870 = DIRECTION('',(0.,0.,1.));
#7871 = ORIENTED_EDGE('',*,*,#7872,.T.);
#7872 = EDGE_CURVE('',#7865,#7873,#7875,.T.);
#7873 = VERTEX_POINT('',#7874);
#7874 = CARTESIAN_POINT('',(-1.82,1.93,-4.95));
#7875 = LINE('',#7876,#7877);
#7876 = CARTESIAN_POINT('',(-4.18,1.93,-4.95));
#7877 = VECTOR('',#7878,1.);
#7878 = DIRECTION('',(1.,0.,0.));
#7879 = ORIENTED_EDGE('',*,*,#7880,.T.);
#7880 = EDGE_CURVE('',#7873,#7881,#7883,.T.);
#7881 = VERTEX_POINT('',#7882);
#7882 = CARTESIAN_POINT('',(-1.82,1.93,-3.6));
#7883 = LINE('',#7884,#7885);
#7884 = CARTESIAN_POINT('',(-1.82,1.93,-4.95));
#7885 = VECTOR('',#7886,1.);
#7886 = DIRECTION('',(0.,0.,1.));
#7887 = ORIENTED_EDGE('',*,*,#7888,.T.);
#7888 = EDGE_CURVE('',#7881,#7889,#7891,.T.);
#7889 = VERTEX_POINT('',#7890);
#7890 = CARTESIAN_POINT('',(-1.18,1.93,-3.6));
#7891 = LINE('',#7892,#7893);
#7892 = CARTESIAN_POINT('',(-1.82,1.93,-3.6));
#7893 = VECTOR('',#7894,1.);
#7894 = DIRECTION('',(1.,0.,0.));
#7895 = ORIENTED_EDGE('',*,*,#7896,.F.);
#7896 = EDGE_CURVE('',#7897,#7889,#7899,.T.);
#7897 = VERTEX_POINT('',#7898);
#7898 = CARTESIAN_POINT('',(-1.18,1.93,-4.95));
#7899 = LINE('',#7900,#7901);
#7900 = CARTESIAN_POINT('',(-1.18,1.93,-4.95));
#7901 = VECTOR('',#7902,1.);
#7902 = DIRECTION('',(0.,0.,1.));
#7903 = ORIENTED_EDGE('',*,*,#7904,.T.);
#7904 = EDGE_CURVE('',#7897,#7905,#7907,.T.);
#7905 = VERTEX_POINT('',#7906);
#7906 = CARTESIAN_POINT('',(1.18,1.93,-4.95));
#7907 = LINE('',#7908,#7909);
#7908 = CARTESIAN_POINT('',(-1.18,1.93,-4.95));
#7909 = VECTOR('',#7910,1.);
#7910 = DIRECTION('',(1.,0.,0.));
#7911 = ORIENTED_EDGE('',*,*,#7912,.T.);
#7912 = EDGE_CURVE('',#7905,#7913,#7915,.T.);
#7913 = VERTEX_POINT('',#7914);
#7914 = CARTESIAN_POINT('',(1.18,1.93,-3.6));
#7915 = LINE('',#7916,#7917);
#7916 = CARTESIAN_POINT('',(1.18,1.93,-4.95));
#7917 = VECTOR('',#7918,1.);
#7918 = DIRECTION('',(0.,0.,1.));
#7919 = ORIENTED_EDGE('',*,*,#7920,.T.);
#7920 = EDGE_CURVE('',#7913,#7921,#7923,.T.);
#7921 = VERTEX_POINT('',#7922);
#7922 = CARTESIAN_POINT('',(1.82,1.93,-3.6));
#7923 = LINE('',#7924,#7925);
#7924 = CARTESIAN_POINT('',(1.18,1.93,-3.6));
#7925 = VECTOR('',#7926,1.);
#7926 = DIRECTION('',(1.,0.,0.));
#7927 = ORIENTED_EDGE('',*,*,#7928,.F.);
#7928 = EDGE_CURVE('',#7929,#7921,#7931,.T.);
#7929 = VERTEX_POINT('',#7930);
#7930 = CARTESIAN_POINT('',(1.82,1.93,-4.95));
#7931 = LINE('',#7932,#7933);
#7932 = CARTESIAN_POINT('',(1.82,1.93,-4.95));
#7933 = VECTOR('',#7934,1.);
#7934 = DIRECTION('',(0.,0.,1.));
#7935 = ORIENTED_EDGE('',*,*,#7936,.T.);
#7936 = EDGE_CURVE('',#7929,#7731,#7937,.T.);
#7937 = LINE('',#7938,#7939);
#7938 = CARTESIAN_POINT('',(1.82,1.93,-4.95));
#7939 = VECTOR('',#7940,1.);
#7940 = DIRECTION('',(1.,0.,0.));
#7941 = ORIENTED_EDGE('',*,*,#7730,.T.);
#7942 = ORIENTED_EDGE('',*,*,#7684,.T.);
#7943 = ORIENTED_EDGE('',*,*,#7590,.F.);
#7944 = ORIENTED_EDGE('',*,*,#7945,.T.);
#7945 = EDGE_CURVE('',#7583,#7946,#7948,.T.);
#7946 = VERTEX_POINT('',#7947);
#7947 = CARTESIAN_POINT('',(6.44,1.93,-4.95));
#7948 = LINE('',#7949,#7950);
#7949 = CARTESIAN_POINT('',(4.82,1.93,-4.95));
#7950 = VECTOR('',#7951,1.);
#7951 = DIRECTION('',(1.,0.,0.));
#7952 = ORIENTED_EDGE('',*,*,#7953,.T.);
#7953 = EDGE_CURVE('',#7946,#7954,#7956,.T.);
#7954 = VERTEX_POINT('',#7955);
#7955 = CARTESIAN_POINT('',(6.44,1.93,-3.25));
#7956 = LINE('',#7957,#7958);
#7957 = CARTESIAN_POINT('',(6.44,1.93,-4.95));
#7958 = VECTOR('',#7959,1.);
#7959 = DIRECTION('',(0.,0.,1.));
#7960 = ORIENTED_EDGE('',*,*,#7961,.T.);
#7961 = EDGE_CURVE('',#7954,#7962,#7964,.T.);
#7962 = VERTEX_POINT('',#7963);
#7963 = CARTESIAN_POINT('',(6.89,1.93,-3.25));
#7964 = LINE('',#7965,#7966);
#7965 = CARTESIAN_POINT('',(6.44,1.93,-3.25));
#7966 = VECTOR('',#7967,1.);
#7967 = DIRECTION('',(1.,0.,0.));
#7968 = ORIENTED_EDGE('',*,*,#7969,.F.);
#7969 = EDGE_CURVE('',#7970,#7962,#7972,.T.);
#7970 = VERTEX_POINT('',#7971);
#7971 = CARTESIAN_POINT('',(6.89,1.93,-4.95));
#7972 = LINE('',#7973,#7974);
#7973 = CARTESIAN_POINT('',(6.89,1.93,-4.95));
#7974 = VECTOR('',#7975,1.);
#7975 = DIRECTION('',(0.,0.,1.));
#7976 = ORIENTED_EDGE('',*,*,#7977,.T.);
#7977 = EDGE_CURVE('',#7970,#6621,#7978,.T.);
#7978 = LINE('',#7979,#7980);
#7979 = CARTESIAN_POINT('',(6.89,1.93,-4.95));
#7980 = VECTOR('',#7981,1.);
#7981 = DIRECTION('',(1.,0.,0.));
#7982 = ORIENTED_EDGE('',*,*,#6620,.T.);
#7983 = ORIENTED_EDGE('',*,*,#7984,.F.);
#7984 = EDGE_CURVE('',#6291,#6613,#7985,.T.);
#7985 = LINE('',#7986,#7987);
#7986 = CARTESIAN_POINT('',(6.425,1.93,4.95));
#7987 = VECTOR('',#7988,1.);
#7988 = DIRECTION('',(0.707106781187,0.,-0.707106781187));
#7989 = ORIENTED_EDGE('',*,*,#6290,.F.);
#7990 = ORIENTED_EDGE('',*,*,#7991,.F.);
#7991 = EDGE_CURVE('',#7992,#6283,#7994,.T.);
#7992 = VERTEX_POINT('',#7993);
#7993 = CARTESIAN_POINT('',(-7.825,1.93,3.55));
#7994 = LINE('',#7995,#7996);
#7995 = CARTESIAN_POINT('',(-7.825,1.93,3.55));
#7996 = VECTOR('',#7997,1.);
#7997 = DIRECTION('',(0.707106781187,0.,0.707106781187));
#7998 = ORIENTED_EDGE('',*,*,#7999,.F.);
#7999 = EDGE_CURVE('',#8000,#7992,#8002,.T.);
#8000 = VERTEX_POINT('',#8001);
#8001 = CARTESIAN_POINT('',(-7.825,1.93,-4.95));
#8002 = LINE('',#8003,#8004);
#8003 = CARTESIAN_POINT('',(-7.825,1.93,-4.95));
#8004 = VECTOR('',#8005,1.);
#8005 = DIRECTION('',(0.,0.,1.));
#8006 = ORIENTED_EDGE('',*,*,#8007,.T.);
#8007 = EDGE_CURVE('',#8000,#8008,#8010,.T.);
#8008 = VERTEX_POINT('',#8009);
#8009 = CARTESIAN_POINT('',(-6.89,1.93,-4.95));
#8010 = LINE('',#8011,#8012);
#8011 = CARTESIAN_POINT('',(-7.825,1.93,-4.95));
#8012 = VECTOR('',#8013,1.);
#8013 = DIRECTION('',(1.,0.,0.));
#8014 = ORIENTED_EDGE('',*,*,#8015,.T.);
#8015 = EDGE_CURVE('',#8008,#8016,#8018,.T.);
#8016 = VERTEX_POINT('',#8017);
#8017 = CARTESIAN_POINT('',(-6.89,1.93,-3.25));
#8018 = LINE('',#8019,#8020);
#8019 = CARTESIAN_POINT('',(-6.89,1.93,-4.95));
#8020 = VECTOR('',#8021,1.);
#8021 = DIRECTION('',(0.,0.,1.));
#8022 = ORIENTED_EDGE('',*,*,#8023,.T.);
#8023 = EDGE_CURVE('',#8016,#8024,#8026,.T.);
#8024 = VERTEX_POINT('',#8025);
#8025 = CARTESIAN_POINT('',(-6.44,1.93,-3.25));
#8026 = LINE('',#8027,#8028);
#8027 = CARTESIAN_POINT('',(-6.89,1.93,-3.25));
#8028 = VECTOR('',#8029,1.);
#8029 = DIRECTION('',(1.,0.,0.));
#8030 = ORIENTED_EDGE('',*,*,#8031,.F.);
#8031 = EDGE_CURVE('',#8032,#8024,#8034,.T.);
#8032 = VERTEX_POINT('',#8033);
#8033 = CARTESIAN_POINT('',(-6.44,1.93,-4.95));
#8034 = LINE('',#8035,#8036);
#8035 = CARTESIAN_POINT('',(-6.44,1.93,-4.95));
#8036 = VECTOR('',#8037,1.);
#8037 = DIRECTION('',(0.,0.,1.));
#8038 = ORIENTED_EDGE('',*,*,#8039,.T.);
#8039 = EDGE_CURVE('',#8032,#7847,#8040,.T.);
#8040 = LINE('',#8041,#8042);
#8041 = CARTESIAN_POINT('',(-6.44,1.93,-4.95));
#8042 = VECTOR('',#8043,1.);
#8043 = DIRECTION('',(1.,0.,0.));
#8044 = PLANE('',#8045);
#8045 = AXIS2_PLACEMENT_3D('',#8046,#8047,#8048);
#8046 = CARTESIAN_POINT('',(-7.825,1.93,-4.95));
#8047 = DIRECTION('',(0.,1.,0.));
#8048 = DIRECTION('',(0.,-0.,1.));
#8049 = ADVANCED_FACE('',(#8050),#8105,.F.);
#8050 = FACE_BOUND('',#8051,.F.);
#8051 = EDGE_LOOP('',(#8052,#8062,#8068,#8076,#8084,#8090,#8091,#8099));
#8052 = ORIENTED_EDGE('',*,*,#8053,.T.);
#8053 = EDGE_CURVE('',#8054,#8056,#8058,.T.);
#8054 = VERTEX_POINT('',#8055);
#8055 = CARTESIAN_POINT('',(-4.82,-1.65,-3.6));
#8056 = VERTEX_POINT('',#8057);
#8057 = CARTESIAN_POINT('',(-4.82,-1.65,-4.25));
#8058 = LINE('',#8059,#8060);
#8059 = CARTESIAN_POINT('',(-4.82,-1.65,-3.6));
#8060 = VECTOR('',#8061,1.);
#8061 = DIRECTION('',(0.,0.,-1.));
#8062 = ORIENTED_EDGE('',*,*,#8063,.T.);
#8063 = EDGE_CURVE('',#8056,#5763,#8064,.T.);
#8064 = LINE('',#8065,#8066);
#8065 = CARTESIAN_POINT('',(-4.82,-1.65,-4.25));
#8066 = VECTOR('',#8067,1.);
#8067 = DIRECTION('',(0.,1.,0.));
#8068 = ORIENTED_EDGE('',*,*,#8069,.T.);
#8069 = EDGE_CURVE('',#5763,#8070,#8072,.T.);
#8070 = VERTEX_POINT('',#8071);
#8071 = CARTESIAN_POINT('',(-4.82,-0.875,-4.28));
#8072 = LINE('',#8073,#8074);
#8073 = CARTESIAN_POINT('',(-4.82,-0.875,-4.25));
#8074 = VECTOR('',#8075,1.);
#8075 = DIRECTION('',(-8.881784197001E-14,0.,-1.));
#8076 = ORIENTED_EDGE('',*,*,#8077,.F.);
#8077 = EDGE_CURVE('',#8078,#8070,#8080,.T.);
#8078 = VERTEX_POINT('',#8079);
#8079 = CARTESIAN_POINT('',(-4.82,-1.27,-4.28));
#8080 = LINE('',#8081,#8082);
#8081 = CARTESIAN_POINT('',(-4.82,-1.27,-4.28));
#8082 = VECTOR('',#8083,1.);
#8083 = DIRECTION('',(0.,1.,0.));
#8084 = ORIENTED_EDGE('',*,*,#8085,.F.);
#8085 = EDGE_CURVE('',#7382,#8078,#8086,.T.);
#8086 = LINE('',#8087,#8088);
#8087 = CARTESIAN_POINT('',(-4.82,-1.27,-4.95));
#8088 = VECTOR('',#8089,1.);
#8089 = DIRECTION('',(0.,0.,1.));
#8090 = ORIENTED_EDGE('',*,*,#7379,.F.);
#8091 = ORIENTED_EDGE('',*,*,#8092,.T.);
#8092 = EDGE_CURVE('',#7380,#8093,#8095,.T.);
#8093 = VERTEX_POINT('',#8094);
#8094 = CARTESIAN_POINT('',(-4.82,-1.68,-3.6));
#8095 = LINE('',#8096,#8097);
#8096 = CARTESIAN_POINT('',(-4.82,-1.68,-4.95));
#8097 = VECTOR('',#8098,1.);
#8098 = DIRECTION('',(0.,0.,1.));
#8099 = ORIENTED_EDGE('',*,*,#8100,.F.);
#8100 = EDGE_CURVE('',#8054,#8093,#8101,.T.);
#8101 = LINE('',#8102,#8103);
#8102 = CARTESIAN_POINT('',(-4.82,-1.65,-3.6));
#8103 = VECTOR('',#8104,1.);
#8104 = DIRECTION('',(0.,-1.,0.));
#8105 = PLANE('',#8106);
#8106 = AXIS2_PLACEMENT_3D('',#8107,#8108,#8109);
#8107 = CARTESIAN_POINT('',(-4.82,1.93,-4.95));
#8108 = DIRECTION('',(-1.,0.,0.));
#8109 = DIRECTION('',(0.,0.,1.));
#8110 = ADVANCED_FACE('',(#8111),#8166,.F.);
#8111 = FACE_BOUND('',#8112,.F.);
#8112 = EDGE_LOOP('',(#8113,#8121,#8129,#8135,#8136,#8144,#8152,#8160));
#8113 = ORIENTED_EDGE('',*,*,#8114,.T.);
#8114 = EDGE_CURVE('',#5739,#8115,#8117,.T.);
#8115 = VERTEX_POINT('',#8116);
#8116 = CARTESIAN_POINT('',(-4.82,1.05,-4.25));
#8117 = LINE('',#8118,#8119);
#8118 = CARTESIAN_POINT('',(-4.82,0.875,-4.25));
#8119 = VECTOR('',#8120,1.);
#8120 = DIRECTION('',(-1.015061051086E-14,1.,0.));
#8121 = ORIENTED_EDGE('',*,*,#8122,.F.);
#8122 = EDGE_CURVE('',#8123,#8115,#8125,.T.);
#8123 = VERTEX_POINT('',#8124);
#8124 = CARTESIAN_POINT('',(-4.82,1.05,-3.6));
#8125 = LINE('',#8126,#8127);
#8126 = CARTESIAN_POINT('',(-4.82,1.05,-3.6));
#8127 = VECTOR('',#8128,1.);
#8128 = DIRECTION('',(0.,0.,-1.));
#8129 = ORIENTED_EDGE('',*,*,#8130,.F.);
#8130 = EDGE_CURVE('',#7849,#8123,#8131,.T.);
#8131 = LINE('',#8132,#8133);
#8132 = CARTESIAN_POINT('',(-4.82,1.93,-3.6));
#8133 = VECTOR('',#8134,1.);
#8134 = DIRECTION('',(0.,-1.,0.));
#8135 = ORIENTED_EDGE('',*,*,#7846,.F.);
#8136 = ORIENTED_EDGE('',*,*,#8137,.F.);
#8137 = EDGE_CURVE('',#8138,#7847,#8140,.T.);
#8138 = VERTEX_POINT('',#8139);
#8139 = CARTESIAN_POINT('',(-4.82,1.27,-4.95));
#8140 = LINE('',#8141,#8142);
#8141 = CARTESIAN_POINT('',(-4.82,1.27,-4.95));
#8142 = VECTOR('',#8143,1.);
#8143 = DIRECTION('',(0.,1.,0.));
#8144 = ORIENTED_EDGE('',*,*,#8145,.F.);
#8145 = EDGE_CURVE('',#8146,#8138,#8148,.T.);
#8146 = VERTEX_POINT('',#8147);
#8147 = CARTESIAN_POINT('',(-4.82,1.27,-4.28));
#8148 = LINE('',#8149,#8150);
#8149 = CARTESIAN_POINT('',(-4.82,1.27,-4.28));
#8150 = VECTOR('',#8151,1.);
#8151 = DIRECTION('',(0.,0.,-1.));
#8152 = ORIENTED_EDGE('',*,*,#8153,.F.);
#8153 = EDGE_CURVE('',#8154,#8146,#8156,.T.);
#8154 = VERTEX_POINT('',#8155);
#8155 = CARTESIAN_POINT('',(-4.82,0.875,-4.28));
#8156 = LINE('',#8157,#8158);
#8157 = CARTESIAN_POINT('',(-4.82,0.875,-4.28));
#8158 = VECTOR('',#8159,1.);
#8159 = DIRECTION('',(0.,1.,0.));
#8160 = ORIENTED_EDGE('',*,*,#8161,.F.);
#8161 = EDGE_CURVE('',#5739,#8154,#8162,.T.);
#8162 = LINE('',#8163,#8164);
#8163 = CARTESIAN_POINT('',(-4.82,0.875,-4.25));
#8164 = VECTOR('',#8165,1.);
#8165 = DIRECTION('',(-5.921189464668E-14,0.,-1.));
#8166 = PLANE('',#8167);
#8167 = AXIS2_PLACEMENT_3D('',#8168,#8169,#8170);
#8168 = CARTESIAN_POINT('',(-4.82,1.93,-4.95));
#8169 = DIRECTION('',(-1.,0.,0.));
#8170 = DIRECTION('',(0.,0.,1.));
#8171 = ADVANCED_FACE('',(#8172),#8197,.T.);
#8172 = FACE_BOUND('',#8173,.F.);
#8173 = EDGE_LOOP('',(#8174,#8175,#8183,#8191));
#8174 = ORIENTED_EDGE('',*,*,#8053,.F.);
#8175 = ORIENTED_EDGE('',*,*,#8176,.T.);
#8176 = EDGE_CURVE('',#8054,#8177,#8179,.T.);
#8177 = VERTEX_POINT('',#8178);
#8178 = CARTESIAN_POINT('',(-4.18,-1.65,-3.6));
#8179 = LINE('',#8180,#8181);
#8180 = CARTESIAN_POINT('',(-4.82,-1.65,-3.6));
#8181 = VECTOR('',#8182,1.);
#8182 = DIRECTION('',(1.,0.,0.));
#8183 = ORIENTED_EDGE('',*,*,#8184,.T.);
#8184 = EDGE_CURVE('',#8177,#8185,#8187,.T.);
#8185 = VERTEX_POINT('',#8186);
#8186 = CARTESIAN_POINT('',(-4.18,-1.65,-4.25));
#8187 = LINE('',#8188,#8189);
#8188 = CARTESIAN_POINT('',(-4.18,-1.65,-3.6));
#8189 = VECTOR('',#8190,1.);
#8190 = DIRECTION('',(0.,0.,-1.));
#8191 = ORIENTED_EDGE('',*,*,#8192,.T.);
#8192 = EDGE_CURVE('',#8185,#8056,#8193,.T.);
#8193 = LINE('',#8194,#8195);
#8194 = CARTESIAN_POINT('',(-4.18,-1.65,-4.25));
#8195 = VECTOR('',#8196,1.);
#8196 = DIRECTION('',(-1.,0.,0.));
#8197 = PLANE('',#8198);
#8198 = AXIS2_PLACEMENT_3D('',#8199,#8200,#8201);
#8199 = CARTESIAN_POINT('',(-4.18,-1.65,-3.6));
#8200 = DIRECTION('',(0.,-1.,0.));
#8201 = DIRECTION('',(0.,0.,-1.));
#8202 = ADVANCED_FACE('',(#8203),#8221,.F.);
#8203 = FACE_BOUND('',#8204,.F.);
#8204 = EDGE_LOOP('',(#8205,#8206,#8207,#8215));
#8205 = ORIENTED_EDGE('',*,*,#8176,.F.);
#8206 = ORIENTED_EDGE('',*,*,#8100,.T.);
#8207 = ORIENTED_EDGE('',*,*,#8208,.T.);
#8208 = EDGE_CURVE('',#8093,#8209,#8211,.T.);
#8209 = VERTEX_POINT('',#8210);
#8210 = CARTESIAN_POINT('',(-4.18,-1.68,-3.6));
#8211 = LINE('',#8212,#8213);
#8212 = CARTESIAN_POINT('',(-4.82,-1.68,-3.6));
#8213 = VECTOR('',#8214,1.);
#8214 = DIRECTION('',(1.,0.,0.));
#8215 = ORIENTED_EDGE('',*,*,#8216,.F.);
#8216 = EDGE_CURVE('',#8177,#8209,#8217,.T.);
#8217 = LINE('',#8218,#8219);
#8218 = CARTESIAN_POINT('',(-4.18,-1.65,-3.6));
#8219 = VECTOR('',#8220,1.);
#8220 = DIRECTION('',(0.,-1.,0.));
#8221 = PLANE('',#8222);
#8222 = AXIS2_PLACEMENT_3D('',#8223,#8224,#8225);
#8223 = CARTESIAN_POINT('',(-4.82,1.93,-3.6));
#8224 = DIRECTION('',(0.,0.,1.));
#8225 = DIRECTION('',(1.,0.,-0.));
#8226 = ADVANCED_FACE('',(#8227),#8245,.F.);
#8227 = FACE_BOUND('',#8228,.F.);
#8228 = EDGE_LOOP('',(#8229,#8237,#8243,#8244));
#8229 = ORIENTED_EDGE('',*,*,#8230,.T.);
#8230 = EDGE_CURVE('',#8123,#8231,#8233,.T.);
#8231 = VERTEX_POINT('',#8232);
#8232 = CARTESIAN_POINT('',(-4.18,1.05,-3.6));
#8233 = LINE('',#8234,#8235);
#8234 = CARTESIAN_POINT('',(-4.82,1.05,-3.6));
#8235 = VECTOR('',#8236,1.);
#8236 = DIRECTION('',(1.,0.,0.));
#8237 = ORIENTED_EDGE('',*,*,#8238,.F.);
#8238 = EDGE_CURVE('',#7857,#8231,#8239,.T.);
#8239 = LINE('',#8240,#8241);
#8240 = CARTESIAN_POINT('',(-4.18,1.93,-3.6));
#8241 = VECTOR('',#8242,1.);
#8242 = DIRECTION('',(0.,-1.,0.));
#8243 = ORIENTED_EDGE('',*,*,#7856,.F.);
#8244 = ORIENTED_EDGE('',*,*,#8130,.T.);
#8245 = PLANE('',#8246);
#8246 = AXIS2_PLACEMENT_3D('',#8247,#8248,#8249);
#8247 = CARTESIAN_POINT('',(-4.82,1.93,-3.6));
#8248 = DIRECTION('',(0.,0.,1.));
#8249 = DIRECTION('',(1.,0.,-0.));
#8250 = ADVANCED_FACE('',(#8251),#8367,.T.);
#8251 = FACE_BOUND('',#8252,.F.);
#8252 = EDGE_LOOP('',(#8253,#8254,#8255,#8263,#8271,#8279,#8287,#8295,
    #8303,#8309,#8310,#8311,#8312,#8313,#8314,#8322,#8330,#8336,#8337,
    #8345,#8353,#8359,#8360,#8366));
#8253 = ORIENTED_EDGE('',*,*,#8092,.F.);
#8254 = ORIENTED_EDGE('',*,*,#7405,.F.);
#8255 = ORIENTED_EDGE('',*,*,#8256,.F.);
#8256 = EDGE_CURVE('',#8257,#7398,#8259,.T.);
#8257 = VERTEX_POINT('',#8258);
#8258 = CARTESIAN_POINT('',(-6.44,-1.68,-3.25));
#8259 = LINE('',#8260,#8261);
#8260 = CARTESIAN_POINT('',(-6.44,-1.68,-3.25));
#8261 = VECTOR('',#8262,1.);
#8262 = DIRECTION('',(0.,0.,-1.));
#8263 = ORIENTED_EDGE('',*,*,#8264,.F.);
#8264 = EDGE_CURVE('',#8265,#8257,#8267,.T.);
#8265 = VERTEX_POINT('',#8266);
#8266 = CARTESIAN_POINT('',(-6.89,-1.68,-3.25));
#8267 = LINE('',#8268,#8269);
#8268 = CARTESIAN_POINT('',(-6.89,-1.68,-3.25));
#8269 = VECTOR('',#8270,1.);
#8270 = DIRECTION('',(1.,0.,0.));
#8271 = ORIENTED_EDGE('',*,*,#8272,.F.);
#8272 = EDGE_CURVE('',#8273,#8265,#8275,.T.);
#8273 = VERTEX_POINT('',#8274);
#8274 = CARTESIAN_POINT('',(-6.89,-1.68,-3.1));
#8275 = LINE('',#8276,#8277);
#8276 = CARTESIAN_POINT('',(-6.89,-1.68,-3.1));
#8277 = VECTOR('',#8278,1.);
#8278 = DIRECTION('',(0.,0.,-1.));
#8279 = ORIENTED_EDGE('',*,*,#8280,.F.);
#8280 = EDGE_CURVE('',#8281,#8273,#8283,.T.);
#8281 = VERTEX_POINT('',#8282);
#8282 = CARTESIAN_POINT('',(6.89,-1.68,-3.1));
#8283 = LINE('',#8284,#8285);
#8284 = CARTESIAN_POINT('',(6.89,-1.68,-3.1));
#8285 = VECTOR('',#8286,1.);
#8286 = DIRECTION('',(-1.,0.,0.));
#8287 = ORIENTED_EDGE('',*,*,#8288,.F.);
#8288 = EDGE_CURVE('',#8289,#8281,#8291,.T.);
#8289 = VERTEX_POINT('',#8290);
#8290 = CARTESIAN_POINT('',(6.89,-1.68,-3.25));
#8291 = LINE('',#8292,#8293);
#8292 = CARTESIAN_POINT('',(6.89,-1.68,-3.25));
#8293 = VECTOR('',#8294,1.);
#8294 = DIRECTION('',(0.,0.,1.));
#8295 = ORIENTED_EDGE('',*,*,#8296,.F.);
#8296 = EDGE_CURVE('',#8297,#8289,#8299,.T.);
#8297 = VERTEX_POINT('',#8298);
#8298 = CARTESIAN_POINT('',(6.44,-1.68,-3.25));
#8299 = LINE('',#8300,#8301);
#8300 = CARTESIAN_POINT('',(6.44,-1.68,-3.25));
#8301 = VECTOR('',#8302,1.);
#8302 = DIRECTION('',(1.,0.,0.));
#8303 = ORIENTED_EDGE('',*,*,#8304,.F.);
#8304 = EDGE_CURVE('',#7270,#8297,#8305,.T.);
#8305 = LINE('',#8306,#8307);
#8306 = CARTESIAN_POINT('',(6.44,-1.68,-4.95));
#8307 = VECTOR('',#8308,1.);
#8308 = DIRECTION('',(0.,0.,1.));
#8309 = ORIENTED_EDGE('',*,*,#7269,.F.);
#8310 = ORIENTED_EDGE('',*,*,#7630,.T.);
#8311 = ORIENTED_EDGE('',*,*,#7708,.F.);
#8312 = ORIENTED_EDGE('',*,*,#7825,.F.);
#8313 = ORIENTED_EDGE('',*,*,#7309,.F.);
#8314 = ORIENTED_EDGE('',*,*,#8315,.T.);
#8315 = EDGE_CURVE('',#7300,#8316,#8318,.T.);
#8316 = VERTEX_POINT('',#8317);
#8317 = CARTESIAN_POINT('',(1.82,-1.68,-3.6));
#8318 = LINE('',#8319,#8320);
#8319 = CARTESIAN_POINT('',(1.82,-1.68,-4.95));
#8320 = VECTOR('',#8321,1.);
#8321 = DIRECTION('',(0.,0.,1.));
#8322 = ORIENTED_EDGE('',*,*,#8323,.F.);
#8323 = EDGE_CURVE('',#8324,#8316,#8326,.T.);
#8324 = VERTEX_POINT('',#8325);
#8325 = CARTESIAN_POINT('',(1.18,-1.68,-3.6));
#8326 = LINE('',#8327,#8328);
#8327 = CARTESIAN_POINT('',(1.18,-1.68,-3.6));
#8328 = VECTOR('',#8329,1.);
#8329 = DIRECTION('',(1.,0.,0.));
#8330 = ORIENTED_EDGE('',*,*,#8331,.F.);
#8331 = EDGE_CURVE('',#7350,#8324,#8332,.T.);
#8332 = LINE('',#8333,#8334);
#8333 = CARTESIAN_POINT('',(1.18,-1.68,-4.95));
#8334 = VECTOR('',#8335,1.);
#8335 = DIRECTION('',(0.,0.,1.));
#8336 = ORIENTED_EDGE('',*,*,#7349,.F.);
#8337 = ORIENTED_EDGE('',*,*,#8338,.T.);
#8338 = EDGE_CURVE('',#7340,#8339,#8341,.T.);
#8339 = VERTEX_POINT('',#8340);
#8340 = CARTESIAN_POINT('',(-1.18,-1.68,-3.6));
#8341 = LINE('',#8342,#8343);
#8342 = CARTESIAN_POINT('',(-1.18,-1.68,-4.95));
#8343 = VECTOR('',#8344,1.);
#8344 = DIRECTION('',(0.,0.,1.));
#8345 = ORIENTED_EDGE('',*,*,#8346,.F.);
#8346 = EDGE_CURVE('',#8347,#8339,#8349,.T.);
#8347 = VERTEX_POINT('',#8348);
#8348 = CARTESIAN_POINT('',(-1.82,-1.68,-3.6));
#8349 = LINE('',#8350,#8351);
#8350 = CARTESIAN_POINT('',(-1.82,-1.68,-3.6));
#8351 = VECTOR('',#8352,1.);
#8352 = DIRECTION('',(1.,0.,0.));
#8353 = ORIENTED_EDGE('',*,*,#8354,.F.);
#8354 = EDGE_CURVE('',#7430,#8347,#8355,.T.);
#8355 = LINE('',#8356,#8357);
#8356 = CARTESIAN_POINT('',(-1.82,-1.68,-4.95));
#8357 = VECTOR('',#8358,1.);
#8358 = DIRECTION('',(0.,0.,1.));
#8359 = ORIENTED_EDGE('',*,*,#7429,.F.);
#8360 = ORIENTED_EDGE('',*,*,#8361,.T.);
#8361 = EDGE_CURVE('',#7420,#8209,#8362,.T.);
#8362 = LINE('',#8363,#8364);
#8363 = CARTESIAN_POINT('',(-4.18,-1.68,-4.95));
#8364 = VECTOR('',#8365,1.);
#8365 = DIRECTION('',(0.,0.,1.));
#8366 = ORIENTED_EDGE('',*,*,#8208,.F.);
#8367 = PLANE('',#8368);
#8368 = AXIS2_PLACEMENT_3D('',#8369,#8370,#8371);
#8369 = CARTESIAN_POINT('',(0.,-1.68,0.));
#8370 = DIRECTION('',(0.,-1.,0.));
#8371 = DIRECTION('',(0.,0.,-1.));
#8372 = ADVANCED_FACE('',(#8373),#8446,.F.);
#8373 = FACE_BOUND('',#8374,.F.);
#8374 = EDGE_LOOP('',(#8375,#8381,#8382,#8383,#8391,#8399,#8407,#8415,
    #8423,#8431,#8439,#8445));
#8375 = ORIENTED_EDGE('',*,*,#8376,.T.);
#8376 = EDGE_CURVE('',#8024,#8257,#8377,.T.);
#8377 = LINE('',#8378,#8379);
#8378 = CARTESIAN_POINT('',(-6.44,1.93,-3.25));
#8379 = VECTOR('',#8380,1.);
#8380 = DIRECTION('',(0.,-1.,0.));
#8381 = ORIENTED_EDGE('',*,*,#8256,.T.);
#8382 = ORIENTED_EDGE('',*,*,#7397,.T.);
#8383 = ORIENTED_EDGE('',*,*,#8384,.T.);
#8384 = EDGE_CURVE('',#7390,#8385,#8387,.T.);
#8385 = VERTEX_POINT('',#8386);
#8386 = CARTESIAN_POINT('',(-6.44,-1.27,-4.28));
#8387 = LINE('',#8388,#8389);
#8388 = CARTESIAN_POINT('',(-6.44,-1.27,-4.95));
#8389 = VECTOR('',#8390,1.);
#8390 = DIRECTION('',(0.,0.,1.));
#8391 = ORIENTED_EDGE('',*,*,#8392,.T.);
#8392 = EDGE_CURVE('',#8385,#8393,#8395,.T.);
#8393 = VERTEX_POINT('',#8394);
#8394 = CARTESIAN_POINT('',(-6.44,-0.875,-4.28));
#8395 = LINE('',#8396,#8397);
#8396 = CARTESIAN_POINT('',(-6.44,-1.27,-4.28));
#8397 = VECTOR('',#8398,1.);
#8398 = DIRECTION('',(0.,1.,0.));
#8399 = ORIENTED_EDGE('',*,*,#8400,.F.);
#8400 = EDGE_CURVE('',#8401,#8393,#8403,.T.);
#8401 = VERTEX_POINT('',#8402);
#8402 = CARTESIAN_POINT('',(-6.44,-0.875,-3.68));
#8403 = LINE('',#8404,#8405);
#8404 = CARTESIAN_POINT('',(-6.44,-0.875,-3.68));
#8405 = VECTOR('',#8406,1.);
#8406 = DIRECTION('',(0.,0.,-1.));
#8407 = ORIENTED_EDGE('',*,*,#8408,.F.);
#8408 = EDGE_CURVE('',#8409,#8401,#8411,.T.);
#8409 = VERTEX_POINT('',#8410);
#8410 = CARTESIAN_POINT('',(-6.44,0.875,-3.68));
#8411 = LINE('',#8412,#8413);
#8412 = CARTESIAN_POINT('',(-6.44,0.875,-3.68));
#8413 = VECTOR('',#8414,1.);
#8414 = DIRECTION('',(0.,-1.,0.));
#8415 = ORIENTED_EDGE('',*,*,#8416,.T.);
#8416 = EDGE_CURVE('',#8409,#8417,#8419,.T.);
#8417 = VERTEX_POINT('',#8418);
#8418 = CARTESIAN_POINT('',(-6.44,0.875,-4.28));
#8419 = LINE('',#8420,#8421);
#8420 = CARTESIAN_POINT('',(-6.44,0.875,-3.68));
#8421 = VECTOR('',#8422,1.);
#8422 = DIRECTION('',(0.,0.,-1.));
#8423 = ORIENTED_EDGE('',*,*,#8424,.T.);
#8424 = EDGE_CURVE('',#8417,#8425,#8427,.T.);
#8425 = VERTEX_POINT('',#8426);
#8426 = CARTESIAN_POINT('',(-6.44,1.27,-4.28));
#8427 = LINE('',#8428,#8429);
#8428 = CARTESIAN_POINT('',(-6.44,0.875,-4.28));
#8429 = VECTOR('',#8430,1.);
#8430 = DIRECTION('',(0.,1.,0.));
#8431 = ORIENTED_EDGE('',*,*,#8432,.T.);
#8432 = EDGE_CURVE('',#8425,#8433,#8435,.T.);
#8433 = VERTEX_POINT('',#8434);
#8434 = CARTESIAN_POINT('',(-6.44,1.27,-4.95));
#8435 = LINE('',#8436,#8437);
#8436 = CARTESIAN_POINT('',(-6.44,1.27,-4.28));
#8437 = VECTOR('',#8438,1.);
#8438 = DIRECTION('',(0.,0.,-1.));
#8439 = ORIENTED_EDGE('',*,*,#8440,.T.);
#8440 = EDGE_CURVE('',#8433,#8032,#8441,.T.);
#8441 = LINE('',#8442,#8443);
#8442 = CARTESIAN_POINT('',(-6.44,1.27,-4.95));
#8443 = VECTOR('',#8444,1.);
#8444 = DIRECTION('',(0.,1.,0.));
#8445 = ORIENTED_EDGE('',*,*,#8031,.T.);
#8446 = PLANE('',#8447);
#8447 = AXIS2_PLACEMENT_3D('',#8448,#8449,#8450);
#8448 = CARTESIAN_POINT('',(-6.44,1.93,-3.25));
#8449 = DIRECTION('',(1.,0.,0.));
#8450 = DIRECTION('',(0.,0.,-1.));
#8451 = ADVANCED_FACE('',(#8452),#8463,.F.);
#8452 = FACE_BOUND('',#8453,.F.);
#8453 = EDGE_LOOP('',(#8454,#8455,#8456,#8457));
#8454 = ORIENTED_EDGE('',*,*,#8264,.T.);
#8455 = ORIENTED_EDGE('',*,*,#8376,.F.);
#8456 = ORIENTED_EDGE('',*,*,#8023,.F.);
#8457 = ORIENTED_EDGE('',*,*,#8458,.T.);
#8458 = EDGE_CURVE('',#8016,#8265,#8459,.T.);
#8459 = LINE('',#8460,#8461);
#8460 = CARTESIAN_POINT('',(-6.89,1.93,-3.25));
#8461 = VECTOR('',#8462,1.);
#8462 = DIRECTION('',(0.,-1.,0.));
#8463 = PLANE('',#8464);
#8464 = AXIS2_PLACEMENT_3D('',#8465,#8466,#8467);
#8465 = CARTESIAN_POINT('',(-6.89,1.93,-3.25));
#8466 = DIRECTION('',(0.,0.,1.));
#8467 = DIRECTION('',(1.,0.,-0.));
#8468 = ADVANCED_FACE('',(#8469),#8552,.F.);
#8469 = FACE_BOUND('',#8470,.F.);
#8470 = EDGE_LOOP('',(#8471,#8479,#8485,#8486,#8487,#8488,#8496,#8504,
    #8512,#8520,#8528,#8536,#8544,#8550,#8551));
#8471 = ORIENTED_EDGE('',*,*,#8472,.T.);
#8472 = EDGE_CURVE('',#7164,#8473,#8475,.T.);
#8473 = VERTEX_POINT('',#8474);
#8474 = CARTESIAN_POINT('',(-6.89,-1.916979166667,-3.1));
#8475 = LINE('',#8476,#8477);
#8476 = CARTESIAN_POINT('',(-6.89,-2.47,-3.1));
#8477 = VECTOR('',#8478,1.);
#8478 = DIRECTION('',(0.,1.,0.));
#8479 = ORIENTED_EDGE('',*,*,#8480,.T.);
#8480 = EDGE_CURVE('',#8473,#8273,#8481,.T.);
#8481 = LINE('',#8482,#8483);
#8482 = CARTESIAN_POINT('',(-6.89,-1.916979166667,-3.1));
#8483 = VECTOR('',#8484,1.);
#8484 = DIRECTION('',(0.,1.,0.));
#8485 = ORIENTED_EDGE('',*,*,#8272,.T.);
#8486 = ORIENTED_EDGE('',*,*,#8458,.F.);
#8487 = ORIENTED_EDGE('',*,*,#8015,.F.);
#8488 = ORIENTED_EDGE('',*,*,#8489,.F.);
#8489 = EDGE_CURVE('',#8490,#8008,#8492,.T.);
#8490 = VERTEX_POINT('',#8491);
#8491 = CARTESIAN_POINT('',(-6.89,1.27,-4.95));
#8492 = LINE('',#8493,#8494);
#8493 = CARTESIAN_POINT('',(-6.89,1.27,-4.95));
#8494 = VECTOR('',#8495,1.);
#8495 = DIRECTION('',(0.,1.,0.));
#8496 = ORIENTED_EDGE('',*,*,#8497,.F.);
#8497 = EDGE_CURVE('',#8498,#8490,#8500,.T.);
#8498 = VERTEX_POINT('',#8499);
#8499 = CARTESIAN_POINT('',(-6.89,1.27,-4.28));
#8500 = LINE('',#8501,#8502);
#8501 = CARTESIAN_POINT('',(-6.89,1.27,-4.28));
#8502 = VECTOR('',#8503,1.);
#8503 = DIRECTION('',(0.,0.,-1.));
#8504 = ORIENTED_EDGE('',*,*,#8505,.F.);
#8505 = EDGE_CURVE('',#8506,#8498,#8508,.T.);
#8506 = VERTEX_POINT('',#8507);
#8507 = CARTESIAN_POINT('',(-6.89,0.875,-4.28));
#8508 = LINE('',#8509,#8510);
#8509 = CARTESIAN_POINT('',(-6.89,0.875,-4.28));
#8510 = VECTOR('',#8511,1.);
#8511 = DIRECTION('',(0.,1.,0.));
#8512 = ORIENTED_EDGE('',*,*,#8513,.F.);
#8513 = EDGE_CURVE('',#8514,#8506,#8516,.T.);
#8514 = VERTEX_POINT('',#8515);
#8515 = CARTESIAN_POINT('',(-6.89,0.875,-3.68));
#8516 = LINE('',#8517,#8518);
#8517 = CARTESIAN_POINT('',(-6.89,0.875,-3.68));
#8518 = VECTOR('',#8519,1.);
#8519 = DIRECTION('',(0.,0.,-1.));
#8520 = ORIENTED_EDGE('',*,*,#8521,.T.);
#8521 = EDGE_CURVE('',#8514,#8522,#8524,.T.);
#8522 = VERTEX_POINT('',#8523);
#8523 = CARTESIAN_POINT('',(-6.89,-0.875,-3.68));
#8524 = LINE('',#8525,#8526);
#8525 = CARTESIAN_POINT('',(-6.89,0.875,-3.68));
#8526 = VECTOR('',#8527,1.);
#8527 = DIRECTION('',(0.,-1.,0.));
#8528 = ORIENTED_EDGE('',*,*,#8529,.T.);
#8529 = EDGE_CURVE('',#8522,#8530,#8532,.T.);
#8530 = VERTEX_POINT('',#8531);
#8531 = CARTESIAN_POINT('',(-6.89,-0.875,-4.28));
#8532 = LINE('',#8533,#8534);
#8533 = CARTESIAN_POINT('',(-6.89,-0.875,-3.68));
#8534 = VECTOR('',#8535,1.);
#8535 = DIRECTION('',(0.,0.,-1.));
#8536 = ORIENTED_EDGE('',*,*,#8537,.F.);
#8537 = EDGE_CURVE('',#8538,#8530,#8540,.T.);
#8538 = VERTEX_POINT('',#8539);
#8539 = CARTESIAN_POINT('',(-6.89,-1.27,-4.28));
#8540 = LINE('',#8541,#8542);
#8541 = CARTESIAN_POINT('',(-6.89,-1.27,-4.28));
#8542 = VECTOR('',#8543,1.);
#8543 = DIRECTION('',(0.,1.,0.));
#8544 = ORIENTED_EDGE('',*,*,#8545,.F.);
#8545 = EDGE_CURVE('',#7477,#8538,#8546,.T.);
#8546 = LINE('',#8547,#8548);
#8547 = CARTESIAN_POINT('',(-6.89,-1.27,-4.95));
#8548 = VECTOR('',#8549,1.);
#8549 = DIRECTION('',(0.,0.,1.));
#8550 = ORIENTED_EDGE('',*,*,#7476,.F.);
#8551 = ORIENTED_EDGE('',*,*,#7171,.T.);
#8552 = PLANE('',#8553);
#8553 = AXIS2_PLACEMENT_3D('',#8554,#8555,#8556);
#8554 = CARTESIAN_POINT('',(-6.89,1.93,-4.95));
#8555 = DIRECTION('',(-1.,0.,0.));
#8556 = DIRECTION('',(0.,0.,1.));
#8557 = ADVANCED_FACE('',(#8558),#8576,.T.);
#8558 = FACE_BOUND('',#8559,.F.);
#8559 = EDGE_LOOP('',(#8560,#8568,#8574,#8575));
#8560 = ORIENTED_EDGE('',*,*,#8561,.F.);
#8561 = EDGE_CURVE('',#8562,#7123,#8564,.T.);
#8562 = VERTEX_POINT('',#8563);
#8563 = CARTESIAN_POINT('',(6.89,-1.916979166667,-3.1));
#8564 = LINE('',#8565,#8566);
#8565 = CARTESIAN_POINT('',(6.89,-1.916979166667,-3.1));
#8566 = VECTOR('',#8567,1.);
#8567 = DIRECTION('',(0.,-1.,0.));
#8568 = ORIENTED_EDGE('',*,*,#8569,.F.);
#8569 = EDGE_CURVE('',#6590,#8562,#8570,.T.);
#8570 = LINE('',#8571,#8572);
#8571 = CARTESIAN_POINT('',(7.825,-1.43,-3.1));
#8572 = VECTOR('',#8573,1.);
#8573 = DIRECTION('',(-0.886914084167,-0.461934418837,0.));
#8574 = ORIENTED_EDGE('',*,*,#6589,.T.);
#8575 = ORIENTED_EDGE('',*,*,#7130,.F.);
#8576 = PLANE('',#8577);
#8577 = AXIS2_PLACEMENT_3D('',#8578,#8579,#8580);
#8578 = CARTESIAN_POINT('',(-7.825,-1.93,-3.1));
#8579 = DIRECTION('',(0.,0.,1.));
#8580 = DIRECTION('',(0.,-1.,0.));
#8581 = ADVANCED_FACE('',(#8582),#8600,.T.);
#8582 = FACE_BOUND('',#8583,.F.);
#8583 = EDGE_LOOP('',(#8584,#8585,#8586,#8594));
#8584 = ORIENTED_EDGE('',*,*,#8472,.F.);
#8585 = ORIENTED_EDGE('',*,*,#7163,.F.);
#8586 = ORIENTED_EDGE('',*,*,#8587,.T.);
#8587 = EDGE_CURVE('',#7156,#8588,#8590,.T.);
#8588 = VERTEX_POINT('',#8589);
#8589 = CARTESIAN_POINT('',(-7.825,-1.43,-3.1));
#8590 = LINE('',#8591,#8592);
#8591 = CARTESIAN_POINT('',(-7.825,-2.47,-3.1));
#8592 = VECTOR('',#8593,1.);
#8593 = DIRECTION('',(0.,1.,0.));
#8594 = ORIENTED_EDGE('',*,*,#8595,.F.);
#8595 = EDGE_CURVE('',#8473,#8588,#8596,.T.);
#8596 = LINE('',#8597,#8598);
#8597 = CARTESIAN_POINT('',(-6.89,-1.916979166667,-3.1));
#8598 = VECTOR('',#8599,1.);
#8599 = DIRECTION('',(-0.886914084167,0.461934418837,0.));
#8600 = PLANE('',#8601);
#8601 = AXIS2_PLACEMENT_3D('',#8602,#8603,#8604);
#8602 = CARTESIAN_POINT('',(-7.825,-1.93,-3.1));
#8603 = DIRECTION('',(0.,0.,1.));
#8604 = DIRECTION('',(0.,-1.,0.));
#8605 = ADVANCED_FACE('',(#8606),#8687,.F.);
#8606 = FACE_BOUND('',#8607,.F.);
#8607 = EDGE_LOOP('',(#8608,#8614,#8615,#8621,#8622,#8623,#8624,#8632,
    #8640,#8648,#8656,#8664,#8672,#8680,#8686));
#8608 = ORIENTED_EDGE('',*,*,#8609,.T.);
#8609 = EDGE_CURVE('',#7962,#8289,#8610,.T.);
#8610 = LINE('',#8611,#8612);
#8611 = CARTESIAN_POINT('',(6.89,1.93,-3.25));
#8612 = VECTOR('',#8613,1.);
#8613 = DIRECTION('',(0.,-1.,0.));
#8614 = ORIENTED_EDGE('',*,*,#8288,.T.);
#8615 = ORIENTED_EDGE('',*,*,#8616,.F.);
#8616 = EDGE_CURVE('',#8562,#8281,#8617,.T.);
#8617 = LINE('',#8618,#8619);
#8618 = CARTESIAN_POINT('',(6.89,-1.916979166667,-3.1));
#8619 = VECTOR('',#8620,1.);
#8620 = DIRECTION('',(0.,1.,0.));
#8621 = ORIENTED_EDGE('',*,*,#8561,.T.);
#8622 = ORIENTED_EDGE('',*,*,#7122,.T.);
#8623 = ORIENTED_EDGE('',*,*,#7517,.T.);
#8624 = ORIENTED_EDGE('',*,*,#8625,.T.);
#8625 = EDGE_CURVE('',#7510,#8626,#8628,.T.);
#8626 = VERTEX_POINT('',#8627);
#8627 = CARTESIAN_POINT('',(6.89,-1.27,-4.28));
#8628 = LINE('',#8629,#8630);
#8629 = CARTESIAN_POINT('',(6.89,-1.27,-4.95));
#8630 = VECTOR('',#8631,1.);
#8631 = DIRECTION('',(0.,0.,1.));
#8632 = ORIENTED_EDGE('',*,*,#8633,.T.);
#8633 = EDGE_CURVE('',#8626,#8634,#8636,.T.);
#8634 = VERTEX_POINT('',#8635);
#8635 = CARTESIAN_POINT('',(6.89,-0.875,-4.28));
#8636 = LINE('',#8637,#8638);
#8637 = CARTESIAN_POINT('',(6.89,-1.27,-4.28));
#8638 = VECTOR('',#8639,1.);
#8639 = DIRECTION('',(0.,1.,0.));
#8640 = ORIENTED_EDGE('',*,*,#8641,.F.);
#8641 = EDGE_CURVE('',#8642,#8634,#8644,.T.);
#8642 = VERTEX_POINT('',#8643);
#8643 = CARTESIAN_POINT('',(6.89,-0.875,-3.68));
#8644 = LINE('',#8645,#8646);
#8645 = CARTESIAN_POINT('',(6.89,-0.875,-3.68));
#8646 = VECTOR('',#8647,1.);
#8647 = DIRECTION('',(0.,0.,-1.));
#8648 = ORIENTED_EDGE('',*,*,#8649,.F.);
#8649 = EDGE_CURVE('',#8650,#8642,#8652,.T.);
#8650 = VERTEX_POINT('',#8651);
#8651 = CARTESIAN_POINT('',(6.89,0.875,-3.68));
#8652 = LINE('',#8653,#8654);
#8653 = CARTESIAN_POINT('',(6.89,0.875,-3.68));
#8654 = VECTOR('',#8655,1.);
#8655 = DIRECTION('',(0.,-1.,0.));
#8656 = ORIENTED_EDGE('',*,*,#8657,.F.);
#8657 = EDGE_CURVE('',#8658,#8650,#8660,.T.);
#8658 = VERTEX_POINT('',#8659);
#8659 = CARTESIAN_POINT('',(6.89,0.875,-4.28));
#8660 = LINE('',#8661,#8662);
#8661 = CARTESIAN_POINT('',(6.89,0.875,-4.28));
#8662 = VECTOR('',#8663,1.);
#8663 = DIRECTION('',(0.,0.,1.));
#8664 = ORIENTED_EDGE('',*,*,#8665,.T.);
#8665 = EDGE_CURVE('',#8658,#8666,#8668,.T.);
#8666 = VERTEX_POINT('',#8667);
#8667 = CARTESIAN_POINT('',(6.89,1.27,-4.28));
#8668 = LINE('',#8669,#8670);
#8669 = CARTESIAN_POINT('',(6.89,0.875,-4.28));
#8670 = VECTOR('',#8671,1.);
#8671 = DIRECTION('',(0.,1.,0.));
#8672 = ORIENTED_EDGE('',*,*,#8673,.T.);
#8673 = EDGE_CURVE('',#8666,#8674,#8676,.T.);
#8674 = VERTEX_POINT('',#8675);
#8675 = CARTESIAN_POINT('',(6.89,1.27,-4.95));
#8676 = LINE('',#8677,#8678);
#8677 = CARTESIAN_POINT('',(6.89,1.27,-4.28));
#8678 = VECTOR('',#8679,1.);
#8679 = DIRECTION('',(0.,0.,-1.));
#8680 = ORIENTED_EDGE('',*,*,#8681,.T.);
#8681 = EDGE_CURVE('',#8674,#7970,#8682,.T.);
#8682 = LINE('',#8683,#8684);
#8683 = CARTESIAN_POINT('',(6.89,1.27,-4.95));
#8684 = VECTOR('',#8685,1.);
#8685 = DIRECTION('',(0.,1.,0.));
#8686 = ORIENTED_EDGE('',*,*,#7969,.T.);
#8687 = PLANE('',#8688);
#8688 = AXIS2_PLACEMENT_3D('',#8689,#8690,#8691);
#8689 = CARTESIAN_POINT('',(6.89,1.93,-3.25));
#8690 = DIRECTION('',(1.,0.,0.));
#8691 = DIRECTION('',(0.,0.,-1.));
#8692 = ADVANCED_FACE('',(#8693),#8704,.F.);
#8693 = FACE_BOUND('',#8694,.F.);
#8694 = EDGE_LOOP('',(#8695,#8696,#8697,#8698));
#8695 = ORIENTED_EDGE('',*,*,#8296,.T.);
#8696 = ORIENTED_EDGE('',*,*,#8609,.F.);
#8697 = ORIENTED_EDGE('',*,*,#7961,.F.);
#8698 = ORIENTED_EDGE('',*,*,#8699,.T.);
#8699 = EDGE_CURVE('',#7954,#8297,#8700,.T.);
#8700 = LINE('',#8701,#8702);
#8701 = CARTESIAN_POINT('',(6.44,1.93,-3.25));
#8702 = VECTOR('',#8703,1.);
#8703 = DIRECTION('',(0.,-1.,0.));
#8704 = PLANE('',#8705);
#8705 = AXIS2_PLACEMENT_3D('',#8706,#8707,#8708);
#8706 = CARTESIAN_POINT('',(6.44,1.93,-3.25));
#8707 = DIRECTION('',(0.,0.,1.));
#8708 = DIRECTION('',(1.,0.,-0.));
#8709 = ADVANCED_FACE('',(#8710),#8778,.F.);
#8710 = FACE_BOUND('',#8711,.F.);
#8711 = EDGE_LOOP('',(#8712,#8713,#8714,#8722,#8730,#8738,#8746,#8754,
    #8762,#8770,#8776,#8777));
#8712 = ORIENTED_EDGE('',*,*,#8699,.F.);
#8713 = ORIENTED_EDGE('',*,*,#7953,.F.);
#8714 = ORIENTED_EDGE('',*,*,#8715,.F.);
#8715 = EDGE_CURVE('',#8716,#7946,#8718,.T.);
#8716 = VERTEX_POINT('',#8717);
#8717 = CARTESIAN_POINT('',(6.44,1.27,-4.95));
#8718 = LINE('',#8719,#8720);
#8719 = CARTESIAN_POINT('',(6.44,1.27,-4.95));
#8720 = VECTOR('',#8721,1.);
#8721 = DIRECTION('',(0.,1.,0.));
#8722 = ORIENTED_EDGE('',*,*,#8723,.F.);
#8723 = EDGE_CURVE('',#8724,#8716,#8726,.T.);
#8724 = VERTEX_POINT('',#8725);
#8725 = CARTESIAN_POINT('',(6.44,1.27,-4.28));
#8726 = LINE('',#8727,#8728);
#8727 = CARTESIAN_POINT('',(6.44,1.27,-4.28));
#8728 = VECTOR('',#8729,1.);
#8729 = DIRECTION('',(0.,0.,-1.));
#8730 = ORIENTED_EDGE('',*,*,#8731,.F.);
#8731 = EDGE_CURVE('',#8732,#8724,#8734,.T.);
#8732 = VERTEX_POINT('',#8733);
#8733 = CARTESIAN_POINT('',(6.44,0.875,-4.28));
#8734 = LINE('',#8735,#8736);
#8735 = CARTESIAN_POINT('',(6.44,0.875,-4.28));
#8736 = VECTOR('',#8737,1.);
#8737 = DIRECTION('',(0.,1.,0.));
#8738 = ORIENTED_EDGE('',*,*,#8739,.T.);
#8739 = EDGE_CURVE('',#8732,#8740,#8742,.T.);
#8740 = VERTEX_POINT('',#8741);
#8741 = CARTESIAN_POINT('',(6.44,0.875,-3.68));
#8742 = LINE('',#8743,#8744);
#8743 = CARTESIAN_POINT('',(6.44,0.875,-4.28));
#8744 = VECTOR('',#8745,1.);
#8745 = DIRECTION('',(0.,0.,1.));
#8746 = ORIENTED_EDGE('',*,*,#8747,.T.);
#8747 = EDGE_CURVE('',#8740,#8748,#8750,.T.);
#8748 = VERTEX_POINT('',#8749);
#8749 = CARTESIAN_POINT('',(6.44,-0.875,-3.68));
#8750 = LINE('',#8751,#8752);
#8751 = CARTESIAN_POINT('',(6.44,0.875,-3.68));
#8752 = VECTOR('',#8753,1.);
#8753 = DIRECTION('',(0.,-1.,0.));
#8754 = ORIENTED_EDGE('',*,*,#8755,.T.);
#8755 = EDGE_CURVE('',#8748,#8756,#8758,.T.);
#8756 = VERTEX_POINT('',#8757);
#8757 = CARTESIAN_POINT('',(6.44,-0.875,-4.28));
#8758 = LINE('',#8759,#8760);
#8759 = CARTESIAN_POINT('',(6.44,-0.875,-3.68));
#8760 = VECTOR('',#8761,1.);
#8761 = DIRECTION('',(0.,0.,-1.));
#8762 = ORIENTED_EDGE('',*,*,#8763,.F.);
#8763 = EDGE_CURVE('',#8764,#8756,#8766,.T.);
#8764 = VERTEX_POINT('',#8765);
#8765 = CARTESIAN_POINT('',(6.44,-1.27,-4.28));
#8766 = LINE('',#8767,#8768);
#8767 = CARTESIAN_POINT('',(6.44,-1.27,-4.28));
#8768 = VECTOR('',#8769,1.);
#8769 = DIRECTION('',(0.,1.,0.));
#8770 = ORIENTED_EDGE('',*,*,#8771,.F.);
#8771 = EDGE_CURVE('',#7278,#8764,#8772,.T.);
#8772 = LINE('',#8773,#8774);
#8773 = CARTESIAN_POINT('',(6.44,-1.27,-4.95));
#8774 = VECTOR('',#8775,1.);
#8775 = DIRECTION('',(0.,0.,1.));
#8776 = ORIENTED_EDGE('',*,*,#7277,.F.);
#8777 = ORIENTED_EDGE('',*,*,#8304,.T.);
#8778 = PLANE('',#8779);
#8779 = AXIS2_PLACEMENT_3D('',#8780,#8781,#8782);
#8780 = CARTESIAN_POINT('',(6.44,1.93,-4.95));
#8781 = DIRECTION('',(-1.,0.,0.));
#8782 = DIRECTION('',(0.,0.,1.));
#8783 = ADVANCED_FACE('',(#8784),#8795,.T.);
#8784 = FACE_BOUND('',#8785,.F.);
#8785 = EDGE_LOOP('',(#8786,#8787,#8793,#8794));
#8786 = ORIENTED_EDGE('',*,*,#8681,.F.);
#8787 = ORIENTED_EDGE('',*,*,#8788,.T.);
#8788 = EDGE_CURVE('',#8674,#6629,#8789,.T.);
#8789 = LINE('',#8790,#8791);
#8790 = CARTESIAN_POINT('',(6.89,1.27,-4.95));
#8791 = VECTOR('',#8792,1.);
#8792 = DIRECTION('',(1.,0.,0.));
#8793 = ORIENTED_EDGE('',*,*,#6628,.T.);
#8794 = ORIENTED_EDGE('',*,*,#7977,.F.);
#8795 = PLANE('',#8796);
#8796 = AXIS2_PLACEMENT_3D('',#8797,#8798,#8799);
#8797 = CARTESIAN_POINT('',(-7.825,1.27,-4.95));
#8798 = DIRECTION('',(0.,0.,-1.));
#8799 = DIRECTION('',(0.,1.,0.));
#8800 = ADVANCED_FACE('',(#8801),#8819,.T.);
#8801 = FACE_BOUND('',#8802,.F.);
#8802 = EDGE_LOOP('',(#8803,#8811,#8812,#8813));
#8803 = ORIENTED_EDGE('',*,*,#8804,.T.);
#8804 = EDGE_CURVE('',#8805,#8490,#8807,.T.);
#8805 = VERTEX_POINT('',#8806);
#8806 = CARTESIAN_POINT('',(-7.825,1.27,-4.95));
#8807 = LINE('',#8808,#8809);
#8808 = CARTESIAN_POINT('',(-7.825,1.27,-4.95));
#8809 = VECTOR('',#8810,1.);
#8810 = DIRECTION('',(1.,0.,0.));
#8811 = ORIENTED_EDGE('',*,*,#8489,.T.);
#8812 = ORIENTED_EDGE('',*,*,#8007,.F.);
#8813 = ORIENTED_EDGE('',*,*,#8814,.F.);
#8814 = EDGE_CURVE('',#8805,#8000,#8815,.T.);
#8815 = LINE('',#8816,#8817);
#8816 = CARTESIAN_POINT('',(-7.825,1.27,-4.95));
#8817 = VECTOR('',#8818,1.);
#8818 = DIRECTION('',(0.,1.,0.));
#8819 = PLANE('',#8820);
#8820 = AXIS2_PLACEMENT_3D('',#8821,#8822,#8823);
#8821 = CARTESIAN_POINT('',(-7.825,1.27,-4.95));
#8822 = DIRECTION('',(0.,0.,-1.));
#8823 = DIRECTION('',(0.,1.,0.));
#8824 = ADVANCED_FACE('',(#8825),#8836,.T.);
#8825 = FACE_BOUND('',#8826,.F.);
#8826 = EDGE_LOOP('',(#8827,#8828,#8834,#8835));
#8827 = ORIENTED_EDGE('',*,*,#7582,.F.);
#8828 = ORIENTED_EDGE('',*,*,#8829,.T.);
#8829 = EDGE_CURVE('',#7575,#8716,#8830,.T.);
#8830 = LINE('',#8831,#8832);
#8831 = CARTESIAN_POINT('',(4.82,1.27,-4.95));
#8832 = VECTOR('',#8833,1.);
#8833 = DIRECTION('',(1.,0.,0.));
#8834 = ORIENTED_EDGE('',*,*,#8715,.T.);
#8835 = ORIENTED_EDGE('',*,*,#7945,.F.);
#8836 = PLANE('',#8837);
#8837 = AXIS2_PLACEMENT_3D('',#8838,#8839,#8840);
#8838 = CARTESIAN_POINT('',(-7.825,1.27,-4.95));
#8839 = DIRECTION('',(0.,0.,-1.));
#8840 = DIRECTION('',(0.,1.,0.));
#8841 = ADVANCED_FACE('',(#8842),#8860,.T.);
#8842 = FACE_BOUND('',#8843,.F.);
#8843 = EDGE_LOOP('',(#8844,#8852,#8858,#8859));
#8844 = ORIENTED_EDGE('',*,*,#8845,.F.);
#8845 = EDGE_CURVE('',#8846,#7929,#8848,.T.);
#8846 = VERTEX_POINT('',#8847);
#8847 = CARTESIAN_POINT('',(1.82,1.27,-4.95));
#8848 = LINE('',#8849,#8850);
#8849 = CARTESIAN_POINT('',(1.82,1.27,-4.95));
#8850 = VECTOR('',#8851,1.);
#8851 = DIRECTION('',(0.,1.,0.));
#8852 = ORIENTED_EDGE('',*,*,#8853,.T.);
#8853 = EDGE_CURVE('',#8846,#7739,#8854,.T.);
#8854 = LINE('',#8855,#8856);
#8855 = CARTESIAN_POINT('',(1.82,1.27,-4.95));
#8856 = VECTOR('',#8857,1.);
#8857 = DIRECTION('',(1.,0.,0.));
#8858 = ORIENTED_EDGE('',*,*,#7738,.T.);
#8859 = ORIENTED_EDGE('',*,*,#7936,.F.);
#8860 = PLANE('',#8861);
#8861 = AXIS2_PLACEMENT_3D('',#8862,#8863,#8864);
#8862 = CARTESIAN_POINT('',(-7.825,1.27,-4.95));
#8863 = DIRECTION('',(0.,0.,-1.));
#8864 = DIRECTION('',(0.,1.,0.));
#8865 = ADVANCED_FACE('',(#8866),#8891,.T.);
#8866 = FACE_BOUND('',#8867,.F.);
#8867 = EDGE_LOOP('',(#8868,#8876,#8884,#8890));
#8868 = ORIENTED_EDGE('',*,*,#8869,.F.);
#8869 = EDGE_CURVE('',#8870,#7897,#8872,.T.);
#8870 = VERTEX_POINT('',#8871);
#8871 = CARTESIAN_POINT('',(-1.18,1.27,-4.95));
#8872 = LINE('',#8873,#8874);
#8873 = CARTESIAN_POINT('',(-1.18,1.27,-4.95));
#8874 = VECTOR('',#8875,1.);
#8875 = DIRECTION('',(0.,1.,0.));
#8876 = ORIENTED_EDGE('',*,*,#8877,.T.);
#8877 = EDGE_CURVE('',#8870,#8878,#8880,.T.);
#8878 = VERTEX_POINT('',#8879);
#8879 = CARTESIAN_POINT('',(1.18,1.27,-4.95));
#8880 = LINE('',#8881,#8882);
#8881 = CARTESIAN_POINT('',(-1.18,1.27,-4.95));
#8882 = VECTOR('',#8883,1.);
#8883 = DIRECTION('',(1.,0.,0.));
#8884 = ORIENTED_EDGE('',*,*,#8885,.T.);
#8885 = EDGE_CURVE('',#8878,#7905,#8886,.T.);
#8886 = LINE('',#8887,#8888);
#8887 = CARTESIAN_POINT('',(1.18,1.27,-4.95));
#8888 = VECTOR('',#8889,1.);
#8889 = DIRECTION('',(0.,1.,0.));
#8890 = ORIENTED_EDGE('',*,*,#7904,.F.);
#8891 = PLANE('',#8892);
#8892 = AXIS2_PLACEMENT_3D('',#8893,#8894,#8895);
#8893 = CARTESIAN_POINT('',(-7.825,1.27,-4.95));
#8894 = DIRECTION('',(0.,0.,-1.));
#8895 = DIRECTION('',(0.,1.,0.));
#8896 = ADVANCED_FACE('',(#8897),#8908,.T.);
#8897 = FACE_BOUND('',#8898,.F.);
#8898 = EDGE_LOOP('',(#8899,#8900,#8901,#8902));
#8899 = ORIENTED_EDGE('',*,*,#8137,.T.);
#8900 = ORIENTED_EDGE('',*,*,#8039,.F.);
#8901 = ORIENTED_EDGE('',*,*,#8440,.F.);
#8902 = ORIENTED_EDGE('',*,*,#8903,.T.);
#8903 = EDGE_CURVE('',#8433,#8138,#8904,.T.);
#8904 = LINE('',#8905,#8906);
#8905 = CARTESIAN_POINT('',(-6.44,1.27,-4.95));
#8906 = VECTOR('',#8907,1.);
#8907 = DIRECTION('',(1.,0.,0.));
#8908 = PLANE('',#8909);
#8909 = AXIS2_PLACEMENT_3D('',#8910,#8911,#8912);
#8910 = CARTESIAN_POINT('',(-7.825,1.27,-4.95));
#8911 = DIRECTION('',(0.,0.,-1.));
#8912 = DIRECTION('',(0.,1.,0.));
#8913 = ADVANCED_FACE('',(#8914),#8939,.T.);
#8914 = FACE_BOUND('',#8915,.F.);
#8915 = EDGE_LOOP('',(#8916,#8924,#8932,#8938));
#8916 = ORIENTED_EDGE('',*,*,#8917,.F.);
#8917 = EDGE_CURVE('',#8918,#7865,#8920,.T.);
#8918 = VERTEX_POINT('',#8919);
#8919 = CARTESIAN_POINT('',(-4.18,1.27,-4.95));
#8920 = LINE('',#8921,#8922);
#8921 = CARTESIAN_POINT('',(-4.18,1.27,-4.95));
#8922 = VECTOR('',#8923,1.);
#8923 = DIRECTION('',(0.,1.,0.));
#8924 = ORIENTED_EDGE('',*,*,#8925,.T.);
#8925 = EDGE_CURVE('',#8918,#8926,#8928,.T.);
#8926 = VERTEX_POINT('',#8927);
#8927 = CARTESIAN_POINT('',(-1.82,1.27,-4.95));
#8928 = LINE('',#8929,#8930);
#8929 = CARTESIAN_POINT('',(-4.18,1.27,-4.95));
#8930 = VECTOR('',#8931,1.);
#8931 = DIRECTION('',(1.,0.,0.));
#8932 = ORIENTED_EDGE('',*,*,#8933,.T.);
#8933 = EDGE_CURVE('',#8926,#7873,#8934,.T.);
#8934 = LINE('',#8935,#8936);
#8935 = CARTESIAN_POINT('',(-1.82,1.27,-4.95));
#8936 = VECTOR('',#8937,1.);
#8937 = DIRECTION('',(0.,1.,0.));
#8938 = ORIENTED_EDGE('',*,*,#7872,.F.);
#8939 = PLANE('',#8940);
#8940 = AXIS2_PLACEMENT_3D('',#8941,#8942,#8943);
#8941 = CARTESIAN_POINT('',(-7.825,1.27,-4.95));
#8942 = DIRECTION('',(0.,0.,-1.));
#8943 = DIRECTION('',(0.,1.,0.));
#8944 = ADVANCED_FACE('',(#8945),#8956,.T.);
#8945 = FACE_BOUND('',#8946,.F.);
#8946 = EDGE_LOOP('',(#8947,#8948,#8954,#8955));
#8947 = ORIENTED_EDGE('',*,*,#8673,.F.);
#8948 = ORIENTED_EDGE('',*,*,#8949,.T.);
#8949 = EDGE_CURVE('',#8666,#6637,#8950,.T.);
#8950 = LINE('',#8951,#8952);
#8951 = CARTESIAN_POINT('',(6.89,1.27,-4.28));
#8952 = VECTOR('',#8953,1.);
#8953 = DIRECTION('',(1.,0.,0.));
#8954 = ORIENTED_EDGE('',*,*,#6636,.T.);
#8955 = ORIENTED_EDGE('',*,*,#8788,.F.);
#8956 = PLANE('',#8957);
#8957 = AXIS2_PLACEMENT_3D('',#8958,#8959,#8960);
#8958 = CARTESIAN_POINT('',(-7.825,1.27,-4.28));
#8959 = DIRECTION('',(0.,-1.,0.));
#8960 = DIRECTION('',(0.,0.,-1.));
#8961 = ADVANCED_FACE('',(#8962),#8980,.T.);
#8962 = FACE_BOUND('',#8963,.F.);
#8963 = EDGE_LOOP('',(#8964,#8972,#8973,#8974));
#8964 = ORIENTED_EDGE('',*,*,#8965,.T.);
#8965 = EDGE_CURVE('',#8966,#8498,#8968,.T.);
#8966 = VERTEX_POINT('',#8967);
#8967 = CARTESIAN_POINT('',(-7.825,1.27,-4.28));
#8968 = LINE('',#8969,#8970);
#8969 = CARTESIAN_POINT('',(-7.825,1.27,-4.28));
#8970 = VECTOR('',#8971,1.);
#8971 = DIRECTION('',(1.,0.,0.));
#8972 = ORIENTED_EDGE('',*,*,#8497,.T.);
#8973 = ORIENTED_EDGE('',*,*,#8804,.F.);
#8974 = ORIENTED_EDGE('',*,*,#8975,.F.);
#8975 = EDGE_CURVE('',#8966,#8805,#8976,.T.);
#8976 = LINE('',#8977,#8978);
#8977 = CARTESIAN_POINT('',(-7.825,1.27,-4.28));
#8978 = VECTOR('',#8979,1.);
#8979 = DIRECTION('',(0.,0.,-1.));
#8980 = PLANE('',#8981);
#8981 = AXIS2_PLACEMENT_3D('',#8982,#8983,#8984);
#8982 = CARTESIAN_POINT('',(-7.825,1.27,-4.28));
#8983 = DIRECTION('',(0.,-1.,0.));
#8984 = DIRECTION('',(0.,0.,-1.));
#8985 = ADVANCED_FACE('',(#8986),#8997,.T.);
#8986 = FACE_BOUND('',#8987,.F.);
#8987 = EDGE_LOOP('',(#8988,#8989,#8995,#8996));
#8988 = ORIENTED_EDGE('',*,*,#7574,.F.);
#8989 = ORIENTED_EDGE('',*,*,#8990,.T.);
#8990 = EDGE_CURVE('',#7567,#8724,#8991,.T.);
#8991 = LINE('',#8992,#8993);
#8992 = CARTESIAN_POINT('',(4.82,1.27,-4.28));
#8993 = VECTOR('',#8994,1.);
#8994 = DIRECTION('',(1.,0.,0.));
#8995 = ORIENTED_EDGE('',*,*,#8723,.T.);
#8996 = ORIENTED_EDGE('',*,*,#8829,.F.);
#8997 = PLANE('',#8998);
#8998 = AXIS2_PLACEMENT_3D('',#8999,#9000,#9001);
#8999 = CARTESIAN_POINT('',(-7.825,1.27,-4.28));
#9000 = DIRECTION('',(0.,-1.,0.));
#9001 = DIRECTION('',(0.,0.,-1.));
#9002 = ADVANCED_FACE('',(#9003),#9021,.T.);
#9003 = FACE_BOUND('',#9004,.F.);
#9004 = EDGE_LOOP('',(#9005,#9013,#9019,#9020));
#9005 = ORIENTED_EDGE('',*,*,#9006,.F.);
#9006 = EDGE_CURVE('',#9007,#8846,#9009,.T.);
#9007 = VERTEX_POINT('',#9008);
#9008 = CARTESIAN_POINT('',(1.82,1.27,-4.28));
#9009 = LINE('',#9010,#9011);
#9010 = CARTESIAN_POINT('',(1.82,1.27,-4.28));
#9011 = VECTOR('',#9012,1.);
#9012 = DIRECTION('',(0.,0.,-1.));
#9013 = ORIENTED_EDGE('',*,*,#9014,.T.);
#9014 = EDGE_CURVE('',#9007,#7747,#9015,.T.);
#9015 = LINE('',#9016,#9017);
#9016 = CARTESIAN_POINT('',(1.82,1.27,-4.28));
#9017 = VECTOR('',#9018,1.);
#9018 = DIRECTION('',(1.,0.,0.));
#9019 = ORIENTED_EDGE('',*,*,#7746,.T.);
#9020 = ORIENTED_EDGE('',*,*,#8853,.F.);
#9021 = PLANE('',#9022);
#9022 = AXIS2_PLACEMENT_3D('',#9023,#9024,#9025);
#9023 = CARTESIAN_POINT('',(-7.825,1.27,-4.28));
#9024 = DIRECTION('',(0.,-1.,0.));
#9025 = DIRECTION('',(0.,0.,-1.));
#9026 = ADVANCED_FACE('',(#9027),#9052,.T.);
#9027 = FACE_BOUND('',#9028,.F.);
#9028 = EDGE_LOOP('',(#9029,#9037,#9045,#9051));
#9029 = ORIENTED_EDGE('',*,*,#9030,.F.);
#9030 = EDGE_CURVE('',#9031,#8870,#9033,.T.);
#9031 = VERTEX_POINT('',#9032);
#9032 = CARTESIAN_POINT('',(-1.18,1.27,-4.28));
#9033 = LINE('',#9034,#9035);
#9034 = CARTESIAN_POINT('',(-1.18,1.27,-4.28));
#9035 = VECTOR('',#9036,1.);
#9036 = DIRECTION('',(0.,0.,-1.));
#9037 = ORIENTED_EDGE('',*,*,#9038,.T.);
#9038 = EDGE_CURVE('',#9031,#9039,#9041,.T.);
#9039 = VERTEX_POINT('',#9040);
#9040 = CARTESIAN_POINT('',(1.18,1.27,-4.28));
#9041 = LINE('',#9042,#9043);
#9042 = CARTESIAN_POINT('',(-1.18,1.27,-4.28));
#9043 = VECTOR('',#9044,1.);
#9044 = DIRECTION('',(1.,0.,0.));
#9045 = ORIENTED_EDGE('',*,*,#9046,.T.);
#9046 = EDGE_CURVE('',#9039,#8878,#9047,.T.);
#9047 = LINE('',#9048,#9049);
#9048 = CARTESIAN_POINT('',(1.18,1.27,-4.28));
#9049 = VECTOR('',#9050,1.);
#9050 = DIRECTION('',(0.,0.,-1.));
#9051 = ORIENTED_EDGE('',*,*,#8877,.F.);
#9052 = PLANE('',#9053);
#9053 = AXIS2_PLACEMENT_3D('',#9054,#9055,#9056);
#9054 = CARTESIAN_POINT('',(-7.825,1.27,-4.28));
#9055 = DIRECTION('',(0.,-1.,0.));
#9056 = DIRECTION('',(0.,0.,-1.));
#9057 = ADVANCED_FACE('',(#9058),#9069,.T.);
#9058 = FACE_BOUND('',#9059,.F.);
#9059 = EDGE_LOOP('',(#9060,#9061,#9062,#9063));
#9060 = ORIENTED_EDGE('',*,*,#8145,.T.);
#9061 = ORIENTED_EDGE('',*,*,#8903,.F.);
#9062 = ORIENTED_EDGE('',*,*,#8432,.F.);
#9063 = ORIENTED_EDGE('',*,*,#9064,.T.);
#9064 = EDGE_CURVE('',#8425,#8146,#9065,.T.);
#9065 = LINE('',#9066,#9067);
#9066 = CARTESIAN_POINT('',(-6.44,1.27,-4.28));
#9067 = VECTOR('',#9068,1.);
#9068 = DIRECTION('',(1.,0.,0.));
#9069 = PLANE('',#9070);
#9070 = AXIS2_PLACEMENT_3D('',#9071,#9072,#9073);
#9071 = CARTESIAN_POINT('',(-7.825,1.27,-4.28));
#9072 = DIRECTION('',(0.,-1.,0.));
#9073 = DIRECTION('',(0.,0.,-1.));
#9074 = ADVANCED_FACE('',(#9075),#9100,.T.);
#9075 = FACE_BOUND('',#9076,.F.);
#9076 = EDGE_LOOP('',(#9077,#9085,#9093,#9099));
#9077 = ORIENTED_EDGE('',*,*,#9078,.F.);
#9078 = EDGE_CURVE('',#9079,#8918,#9081,.T.);
#9079 = VERTEX_POINT('',#9080);
#9080 = CARTESIAN_POINT('',(-4.18,1.27,-4.28));
#9081 = LINE('',#9082,#9083);
#9082 = CARTESIAN_POINT('',(-4.18,1.27,-4.28));
#9083 = VECTOR('',#9084,1.);
#9084 = DIRECTION('',(0.,0.,-1.));
#9085 = ORIENTED_EDGE('',*,*,#9086,.T.);
#9086 = EDGE_CURVE('',#9079,#9087,#9089,.T.);
#9087 = VERTEX_POINT('',#9088);
#9088 = CARTESIAN_POINT('',(-1.82,1.27,-4.28));
#9089 = LINE('',#9090,#9091);
#9090 = CARTESIAN_POINT('',(-4.18,1.27,-4.28));
#9091 = VECTOR('',#9092,1.);
#9092 = DIRECTION('',(1.,0.,0.));
#9093 = ORIENTED_EDGE('',*,*,#9094,.T.);
#9094 = EDGE_CURVE('',#9087,#8926,#9095,.T.);
#9095 = LINE('',#9096,#9097);
#9096 = CARTESIAN_POINT('',(-1.82,1.27,-4.28));
#9097 = VECTOR('',#9098,1.);
#9098 = DIRECTION('',(0.,0.,-1.));
#9099 = ORIENTED_EDGE('',*,*,#8925,.F.);
#9100 = PLANE('',#9101);
#9101 = AXIS2_PLACEMENT_3D('',#9102,#9103,#9104);
#9102 = CARTESIAN_POINT('',(-7.825,1.27,-4.28));
#9103 = DIRECTION('',(0.,-1.,0.));
#9104 = DIRECTION('',(0.,0.,-1.));
#9105 = ADVANCED_FACE('',(#9106),#9131,.T.);
#9106 = FACE_BOUND('',#9107,.F.);
#9107 = EDGE_LOOP('',(#9108,#9116,#9124,#9130));
#9108 = ORIENTED_EDGE('',*,*,#9109,.F.);
#9109 = EDGE_CURVE('',#9110,#8530,#9112,.T.);
#9110 = VERTEX_POINT('',#9111);
#9111 = CARTESIAN_POINT('',(-7.825,-0.875,-4.28));
#9112 = LINE('',#9113,#9114);
#9113 = CARTESIAN_POINT('',(-7.825,-0.875,-4.28));
#9114 = VECTOR('',#9115,1.);
#9115 = DIRECTION('',(1.,0.,0.));
#9116 = ORIENTED_EDGE('',*,*,#9117,.F.);
#9117 = EDGE_CURVE('',#9118,#9110,#9120,.T.);
#9118 = VERTEX_POINT('',#9119);
#9119 = CARTESIAN_POINT('',(-7.825,-1.27,-4.28));
#9120 = LINE('',#9121,#9122);
#9121 = CARTESIAN_POINT('',(-7.825,-1.27,-4.28));
#9122 = VECTOR('',#9123,1.);
#9123 = DIRECTION('',(0.,1.,0.));
#9124 = ORIENTED_EDGE('',*,*,#9125,.T.);
#9125 = EDGE_CURVE('',#9118,#8538,#9126,.T.);
#9126 = LINE('',#9127,#9128);
#9127 = CARTESIAN_POINT('',(-7.825,-1.27,-4.28));
#9128 = VECTOR('',#9129,1.);
#9129 = DIRECTION('',(1.,0.,0.));
#9130 = ORIENTED_EDGE('',*,*,#8537,.T.);
#9131 = PLANE('',#9132);
#9132 = AXIS2_PLACEMENT_3D('',#9133,#9134,#9135);
#9133 = CARTESIAN_POINT('',(-7.825,-1.27,-4.28));
#9134 = DIRECTION('',(0.,0.,-1.));
#9135 = DIRECTION('',(0.,1.,0.));
#9136 = ADVANCED_FACE('',(#9137),#9155,.T.);
#9137 = FACE_BOUND('',#9138,.F.);
#9138 = EDGE_LOOP('',(#9139,#9147,#9148,#9149));
#9139 = ORIENTED_EDGE('',*,*,#9140,.T.);
#9140 = EDGE_CURVE('',#9141,#8506,#9143,.T.);
#9141 = VERTEX_POINT('',#9142);
#9142 = CARTESIAN_POINT('',(-7.825,0.875,-4.28));
#9143 = LINE('',#9144,#9145);
#9144 = CARTESIAN_POINT('',(-7.825,0.875,-4.28));
#9145 = VECTOR('',#9146,1.);
#9146 = DIRECTION('',(1.,0.,0.));
#9147 = ORIENTED_EDGE('',*,*,#8505,.T.);
#9148 = ORIENTED_EDGE('',*,*,#8965,.F.);
#9149 = ORIENTED_EDGE('',*,*,#9150,.F.);
#9150 = EDGE_CURVE('',#9141,#8966,#9151,.T.);
#9151 = LINE('',#9152,#9153);
#9152 = CARTESIAN_POINT('',(-7.825,0.875,-4.28));
#9153 = VECTOR('',#9154,1.);
#9154 = DIRECTION('',(0.,1.,0.));
#9155 = PLANE('',#9156);
#9156 = AXIS2_PLACEMENT_3D('',#9157,#9158,#9159);
#9157 = CARTESIAN_POINT('',(-7.825,-1.27,-4.28));
#9158 = DIRECTION('',(0.,0.,-1.));
#9159 = DIRECTION('',(0.,1.,0.));
#9160 = ADVANCED_FACE('',(#9161),#9177,.T.);
#9161 = FACE_BOUND('',#9162,.F.);
#9162 = EDGE_LOOP('',(#9163,#9164,#9170,#9171));
#9163 = ORIENTED_EDGE('',*,*,#6676,.T.);
#9164 = ORIENTED_EDGE('',*,*,#9165,.F.);
#9165 = EDGE_CURVE('',#8634,#6669,#9166,.T.);
#9166 = LINE('',#9167,#9168);
#9167 = CARTESIAN_POINT('',(6.89,-0.875,-4.28));
#9168 = VECTOR('',#9169,1.);
#9169 = DIRECTION('',(1.,0.,0.));
#9170 = ORIENTED_EDGE('',*,*,#8633,.F.);
#9171 = ORIENTED_EDGE('',*,*,#9172,.T.);
#9172 = EDGE_CURVE('',#8626,#6677,#9173,.T.);
#9173 = LINE('',#9174,#9175);
#9174 = CARTESIAN_POINT('',(6.89,-1.27,-4.28));
#9175 = VECTOR('',#9176,1.);
#9176 = DIRECTION('',(1.,0.,0.));
#9177 = PLANE('',#9178);
#9178 = AXIS2_PLACEMENT_3D('',#9179,#9180,#9181);
#9179 = CARTESIAN_POINT('',(-7.825,-1.27,-4.28));
#9180 = DIRECTION('',(0.,0.,-1.));
#9181 = DIRECTION('',(0.,1.,0.));
#9182 = ADVANCED_FACE('',(#9183),#9194,.T.);
#9183 = FACE_BOUND('',#9184,.F.);
#9184 = EDGE_LOOP('',(#9185,#9186,#9187,#9188));
#9185 = ORIENTED_EDGE('',*,*,#6644,.T.);
#9186 = ORIENTED_EDGE('',*,*,#8949,.F.);
#9187 = ORIENTED_EDGE('',*,*,#8665,.F.);
#9188 = ORIENTED_EDGE('',*,*,#9189,.T.);
#9189 = EDGE_CURVE('',#8658,#6645,#9190,.T.);
#9190 = LINE('',#9191,#9192);
#9191 = CARTESIAN_POINT('',(6.89,0.875,-4.28));
#9192 = VECTOR('',#9193,1.);
#9193 = DIRECTION('',(1.,0.,0.));
#9194 = PLANE('',#9195);
#9195 = AXIS2_PLACEMENT_3D('',#9196,#9197,#9198);
#9196 = CARTESIAN_POINT('',(-7.825,-1.27,-4.28));
#9197 = DIRECTION('',(0.,0.,-1.));
#9198 = DIRECTION('',(0.,1.,0.));
#9199 = ADVANCED_FACE('',(#9200),#9211,.T.);
#9200 = FACE_BOUND('',#9201,.F.);
#9201 = EDGE_LOOP('',(#9202,#9203,#9204,#9210));
#9202 = ORIENTED_EDGE('',*,*,#8990,.F.);
#9203 = ORIENTED_EDGE('',*,*,#7566,.F.);
#9204 = ORIENTED_EDGE('',*,*,#9205,.T.);
#9205 = EDGE_CURVE('',#7559,#8732,#9206,.T.);
#9206 = LINE('',#9207,#9208);
#9207 = CARTESIAN_POINT('',(4.82,0.875,-4.28));
#9208 = VECTOR('',#9209,1.);
#9209 = DIRECTION('',(1.,0.,0.));
#9210 = ORIENTED_EDGE('',*,*,#8731,.T.);
#9211 = PLANE('',#9212);
#9212 = AXIS2_PLACEMENT_3D('',#9213,#9214,#9215);
#9213 = CARTESIAN_POINT('',(-7.825,-1.27,-4.28));
#9214 = DIRECTION('',(0.,0.,-1.));
#9215 = DIRECTION('',(0.,1.,0.));
#9216 = ADVANCED_FACE('',(#9217),#9233,.T.);
#9217 = FACE_BOUND('',#9218,.F.);
#9218 = EDGE_LOOP('',(#9219,#9220,#9226,#9227));
#9219 = ORIENTED_EDGE('',*,*,#7645,.F.);
#9220 = ORIENTED_EDGE('',*,*,#9221,.T.);
#9221 = EDGE_CURVE('',#7638,#8764,#9222,.T.);
#9222 = LINE('',#9223,#9224);
#9223 = CARTESIAN_POINT('',(4.82,-1.27,-4.28));
#9224 = VECTOR('',#9225,1.);
#9225 = DIRECTION('',(1.,0.,0.));
#9226 = ORIENTED_EDGE('',*,*,#8763,.T.);
#9227 = ORIENTED_EDGE('',*,*,#9228,.F.);
#9228 = EDGE_CURVE('',#7646,#8756,#9229,.T.);
#9229 = LINE('',#9230,#9231);
#9230 = CARTESIAN_POINT('',(4.82,-0.875,-4.28));
#9231 = VECTOR('',#9232,1.);
#9232 = DIRECTION('',(1.,0.,0.));
#9233 = PLANE('',#9234);
#9234 = AXIS2_PLACEMENT_3D('',#9235,#9236,#9237);
#9235 = CARTESIAN_POINT('',(-7.825,-1.27,-4.28));
#9236 = DIRECTION('',(0.,0.,-1.));
#9237 = DIRECTION('',(0.,1.,0.));
#9238 = ADVANCED_FACE('',(#9239),#9264,.T.);
#9239 = FACE_BOUND('',#9240,.F.);
#9240 = EDGE_LOOP('',(#9241,#9251,#9257,#9258));
#9241 = ORIENTED_EDGE('',*,*,#9242,.F.);
#9242 = EDGE_CURVE('',#9243,#9245,#9247,.T.);
#9243 = VERTEX_POINT('',#9244);
#9244 = CARTESIAN_POINT('',(1.82,-1.27,-4.28));
#9245 = VERTEX_POINT('',#9246);
#9246 = CARTESIAN_POINT('',(1.82,-0.875,-4.28));
#9247 = LINE('',#9248,#9249);
#9248 = CARTESIAN_POINT('',(1.82,-1.27,-4.28));
#9249 = VECTOR('',#9250,1.);
#9250 = DIRECTION('',(0.,1.,0.));
#9251 = ORIENTED_EDGE('',*,*,#9252,.T.);
#9252 = EDGE_CURVE('',#9243,#7811,#9253,.T.);
#9253 = LINE('',#9254,#9255);
#9254 = CARTESIAN_POINT('',(1.82,-1.27,-4.28));
#9255 = VECTOR('',#9256,1.);
#9256 = DIRECTION('',(1.,0.,0.));
#9257 = ORIENTED_EDGE('',*,*,#7810,.T.);
#9258 = ORIENTED_EDGE('',*,*,#9259,.F.);
#9259 = EDGE_CURVE('',#9245,#7803,#9260,.T.);
#9260 = LINE('',#9261,#9262);
#9261 = CARTESIAN_POINT('',(1.82,-0.875,-4.28));
#9262 = VECTOR('',#9263,1.);
#9263 = DIRECTION('',(1.,0.,0.));
#9264 = PLANE('',#9265);
#9265 = AXIS2_PLACEMENT_3D('',#9266,#9267,#9268);
#9266 = CARTESIAN_POINT('',(-7.825,-1.27,-4.28));
#9267 = DIRECTION('',(0.,0.,-1.));
#9268 = DIRECTION('',(0.,1.,0.));
#9269 = ADVANCED_FACE('',(#9270),#9288,.T.);
#9270 = FACE_BOUND('',#9271,.F.);
#9271 = EDGE_LOOP('',(#9272,#9273,#9281,#9287));
#9272 = ORIENTED_EDGE('',*,*,#9014,.F.);
#9273 = ORIENTED_EDGE('',*,*,#9274,.F.);
#9274 = EDGE_CURVE('',#9275,#9007,#9277,.T.);
#9275 = VERTEX_POINT('',#9276);
#9276 = CARTESIAN_POINT('',(1.82,0.875,-4.28));
#9277 = LINE('',#9278,#9279);
#9278 = CARTESIAN_POINT('',(1.82,0.875,-4.28));
#9279 = VECTOR('',#9280,1.);
#9280 = DIRECTION('',(0.,1.,0.));
#9281 = ORIENTED_EDGE('',*,*,#9282,.T.);
#9282 = EDGE_CURVE('',#9275,#7755,#9283,.T.);
#9283 = LINE('',#9284,#9285);
#9284 = CARTESIAN_POINT('',(1.82,0.875,-4.28));
#9285 = VECTOR('',#9286,1.);
#9286 = DIRECTION('',(1.,0.,0.));
#9287 = ORIENTED_EDGE('',*,*,#7754,.T.);
#9288 = PLANE('',#9289);
#9289 = AXIS2_PLACEMENT_3D('',#9290,#9291,#9292);
#9290 = CARTESIAN_POINT('',(-7.825,-1.27,-4.28));
#9291 = DIRECTION('',(0.,0.,-1.));
#9292 = DIRECTION('',(0.,1.,0.));
#9293 = ADVANCED_FACE('',(#9294),#9328,.T.);
#9294 = FACE_BOUND('',#9295,.F.);
#9295 = EDGE_LOOP('',(#9296,#9306,#9314,#9322));
#9296 = ORIENTED_EDGE('',*,*,#9297,.F.);
#9297 = EDGE_CURVE('',#9298,#9300,#9302,.T.);
#9298 = VERTEX_POINT('',#9299);
#9299 = CARTESIAN_POINT('',(-1.18,-1.27,-4.28));
#9300 = VERTEX_POINT('',#9301);
#9301 = CARTESIAN_POINT('',(-1.18,-0.875,-4.28));
#9302 = LINE('',#9303,#9304);
#9303 = CARTESIAN_POINT('',(-1.18,-1.27,-4.28));
#9304 = VECTOR('',#9305,1.);
#9305 = DIRECTION('',(0.,1.,0.));
#9306 = ORIENTED_EDGE('',*,*,#9307,.T.);
#9307 = EDGE_CURVE('',#9298,#9308,#9310,.T.);
#9308 = VERTEX_POINT('',#9309);
#9309 = CARTESIAN_POINT('',(1.18,-1.27,-4.28));
#9310 = LINE('',#9311,#9312);
#9311 = CARTESIAN_POINT('',(-1.18,-1.27,-4.28));
#9312 = VECTOR('',#9313,1.);
#9313 = DIRECTION('',(1.,0.,0.));
#9314 = ORIENTED_EDGE('',*,*,#9315,.T.);
#9315 = EDGE_CURVE('',#9308,#9316,#9318,.T.);
#9316 = VERTEX_POINT('',#9317);
#9317 = CARTESIAN_POINT('',(1.18,-0.875,-4.28));
#9318 = LINE('',#9319,#9320);
#9319 = CARTESIAN_POINT('',(1.18,-1.27,-4.28));
#9320 = VECTOR('',#9321,1.);
#9321 = DIRECTION('',(0.,1.,0.));
#9322 = ORIENTED_EDGE('',*,*,#9323,.F.);
#9323 = EDGE_CURVE('',#9300,#9316,#9324,.T.);
#9324 = LINE('',#9325,#9326);
#9325 = CARTESIAN_POINT('',(-1.18,-0.875,-4.28));
#9326 = VECTOR('',#9327,1.);
#9327 = DIRECTION('',(1.,0.,0.));
#9328 = PLANE('',#9329);
#9329 = AXIS2_PLACEMENT_3D('',#9330,#9331,#9332);
#9330 = CARTESIAN_POINT('',(-7.825,-1.27,-4.28));
#9331 = DIRECTION('',(0.,0.,-1.));
#9332 = DIRECTION('',(0.,1.,0.));
#9333 = ADVANCED_FACE('',(#9334),#9359,.T.);
#9334 = FACE_BOUND('',#9335,.F.);
#9335 = EDGE_LOOP('',(#9336,#9337,#9345,#9353));
#9336 = ORIENTED_EDGE('',*,*,#9038,.F.);
#9337 = ORIENTED_EDGE('',*,*,#9338,.F.);
#9338 = EDGE_CURVE('',#9339,#9031,#9341,.T.);
#9339 = VERTEX_POINT('',#9340);
#9340 = CARTESIAN_POINT('',(-1.18,0.875,-4.28));
#9341 = LINE('',#9342,#9343);
#9342 = CARTESIAN_POINT('',(-1.18,0.875,-4.28));
#9343 = VECTOR('',#9344,1.);
#9344 = DIRECTION('',(0.,1.,0.));
#9345 = ORIENTED_EDGE('',*,*,#9346,.T.);
#9346 = EDGE_CURVE('',#9339,#9347,#9349,.T.);
#9347 = VERTEX_POINT('',#9348);
#9348 = CARTESIAN_POINT('',(1.18,0.875,-4.28));
#9349 = LINE('',#9350,#9351);
#9350 = CARTESIAN_POINT('',(-1.18,0.875,-4.28));
#9351 = VECTOR('',#9352,1.);
#9352 = DIRECTION('',(1.,0.,0.));
#9353 = ORIENTED_EDGE('',*,*,#9354,.T.);
#9354 = EDGE_CURVE('',#9347,#9039,#9355,.T.);
#9355 = LINE('',#9356,#9357);
#9356 = CARTESIAN_POINT('',(1.18,0.875,-4.28));
#9357 = VECTOR('',#9358,1.);
#9358 = DIRECTION('',(0.,1.,0.));
#9359 = PLANE('',#9360);
#9360 = AXIS2_PLACEMENT_3D('',#9361,#9362,#9363);
#9361 = CARTESIAN_POINT('',(-7.825,-1.27,-4.28));
#9362 = DIRECTION('',(0.,0.,-1.));
#9363 = DIRECTION('',(0.,1.,0.));
#9364 = ADVANCED_FACE('',(#9365),#9381,.T.);
#9365 = FACE_BOUND('',#9366,.F.);
#9366 = EDGE_LOOP('',(#9367,#9368,#9374,#9375));
#9367 = ORIENTED_EDGE('',*,*,#8077,.T.);
#9368 = ORIENTED_EDGE('',*,*,#9369,.F.);
#9369 = EDGE_CURVE('',#8393,#8070,#9370,.T.);
#9370 = LINE('',#9371,#9372);
#9371 = CARTESIAN_POINT('',(-6.44,-0.875,-4.28));
#9372 = VECTOR('',#9373,1.);
#9373 = DIRECTION('',(1.,0.,0.));
#9374 = ORIENTED_EDGE('',*,*,#8392,.F.);
#9375 = ORIENTED_EDGE('',*,*,#9376,.T.);
#9376 = EDGE_CURVE('',#8385,#8078,#9377,.T.);
#9377 = LINE('',#9378,#9379);
#9378 = CARTESIAN_POINT('',(-6.44,-1.27,-4.28));
#9379 = VECTOR('',#9380,1.);
#9380 = DIRECTION('',(1.,0.,0.));
#9381 = PLANE('',#9382);
#9382 = AXIS2_PLACEMENT_3D('',#9383,#9384,#9385);
#9383 = CARTESIAN_POINT('',(-7.825,-1.27,-4.28));
#9384 = DIRECTION('',(0.,0.,-1.));
#9385 = DIRECTION('',(0.,1.,0.));
#9386 = ADVANCED_FACE('',(#9387),#9421,.T.);
#9387 = FACE_BOUND('',#9388,.F.);
#9388 = EDGE_LOOP('',(#9389,#9399,#9407,#9415));
#9389 = ORIENTED_EDGE('',*,*,#9390,.F.);
#9390 = EDGE_CURVE('',#9391,#9393,#9395,.T.);
#9391 = VERTEX_POINT('',#9392);
#9392 = CARTESIAN_POINT('',(-4.18,-1.27,-4.28));
#9393 = VERTEX_POINT('',#9394);
#9394 = CARTESIAN_POINT('',(-4.18,-0.875,-4.28));
#9395 = LINE('',#9396,#9397);
#9396 = CARTESIAN_POINT('',(-4.18,-1.27,-4.28));
#9397 = VECTOR('',#9398,1.);
#9398 = DIRECTION('',(0.,1.,0.));
#9399 = ORIENTED_EDGE('',*,*,#9400,.T.);
#9400 = EDGE_CURVE('',#9391,#9401,#9403,.T.);
#9401 = VERTEX_POINT('',#9402);
#9402 = CARTESIAN_POINT('',(-1.82,-1.27,-4.28));
#9403 = LINE('',#9404,#9405);
#9404 = CARTESIAN_POINT('',(-4.18,-1.27,-4.28));
#9405 = VECTOR('',#9406,1.);
#9406 = DIRECTION('',(1.,0.,0.));
#9407 = ORIENTED_EDGE('',*,*,#9408,.T.);
#9408 = EDGE_CURVE('',#9401,#9409,#9411,.T.);
#9409 = VERTEX_POINT('',#9410);
#9410 = CARTESIAN_POINT('',(-1.82,-0.875,-4.28));
#9411 = LINE('',#9412,#9413);
#9412 = CARTESIAN_POINT('',(-1.82,-1.27,-4.28));
#9413 = VECTOR('',#9414,1.);
#9414 = DIRECTION('',(0.,1.,0.));
#9415 = ORIENTED_EDGE('',*,*,#9416,.F.);
#9416 = EDGE_CURVE('',#9393,#9409,#9417,.T.);
#9417 = LINE('',#9418,#9419);
#9418 = CARTESIAN_POINT('',(-4.18,-0.875,-4.28));
#9419 = VECTOR('',#9420,1.);
#9420 = DIRECTION('',(1.,0.,0.));
#9421 = PLANE('',#9422);
#9422 = AXIS2_PLACEMENT_3D('',#9423,#9424,#9425);
#9423 = CARTESIAN_POINT('',(-7.825,-1.27,-4.28));
#9424 = DIRECTION('',(0.,0.,-1.));
#9425 = DIRECTION('',(0.,1.,0.));
#9426 = ADVANCED_FACE('',(#9427),#9438,.T.);
#9427 = FACE_BOUND('',#9428,.F.);
#9428 = EDGE_LOOP('',(#9429,#9430,#9431,#9437));
#9429 = ORIENTED_EDGE('',*,*,#9064,.F.);
#9430 = ORIENTED_EDGE('',*,*,#8424,.F.);
#9431 = ORIENTED_EDGE('',*,*,#9432,.T.);
#9432 = EDGE_CURVE('',#8417,#8154,#9433,.T.);
#9433 = LINE('',#9434,#9435);
#9434 = CARTESIAN_POINT('',(-6.44,0.875,-4.28));
#9435 = VECTOR('',#9436,1.);
#9436 = DIRECTION('',(1.,0.,0.));
#9437 = ORIENTED_EDGE('',*,*,#8153,.T.);
#9438 = PLANE('',#9439);
#9439 = AXIS2_PLACEMENT_3D('',#9440,#9441,#9442);
#9440 = CARTESIAN_POINT('',(-7.825,-1.27,-4.28));
#9441 = DIRECTION('',(0.,0.,-1.));
#9442 = DIRECTION('',(0.,1.,0.));
#9443 = ADVANCED_FACE('',(#9444),#9469,.T.);
#9444 = FACE_BOUND('',#9445,.F.);
#9445 = EDGE_LOOP('',(#9446,#9447,#9455,#9463));
#9446 = ORIENTED_EDGE('',*,*,#9086,.F.);
#9447 = ORIENTED_EDGE('',*,*,#9448,.F.);
#9448 = EDGE_CURVE('',#9449,#9079,#9451,.T.);
#9449 = VERTEX_POINT('',#9450);
#9450 = CARTESIAN_POINT('',(-4.18,0.875,-4.28));
#9451 = LINE('',#9452,#9453);
#9452 = CARTESIAN_POINT('',(-4.18,0.875,-4.28));
#9453 = VECTOR('',#9454,1.);
#9454 = DIRECTION('',(0.,1.,0.));
#9455 = ORIENTED_EDGE('',*,*,#9456,.T.);
#9456 = EDGE_CURVE('',#9449,#9457,#9459,.T.);
#9457 = VERTEX_POINT('',#9458);
#9458 = CARTESIAN_POINT('',(-1.82,0.875,-4.28));
#9459 = LINE('',#9460,#9461);
#9460 = CARTESIAN_POINT('',(-4.18,0.875,-4.28));
#9461 = VECTOR('',#9462,1.);
#9462 = DIRECTION('',(1.,0.,0.));
#9463 = ORIENTED_EDGE('',*,*,#9464,.T.);
#9464 = EDGE_CURVE('',#9457,#9087,#9465,.T.);
#9465 = LINE('',#9466,#9467);
#9466 = CARTESIAN_POINT('',(-1.82,0.875,-4.28));
#9467 = VECTOR('',#9468,1.);
#9468 = DIRECTION('',(0.,1.,0.));
#9469 = PLANE('',#9470);
#9470 = AXIS2_PLACEMENT_3D('',#9471,#9472,#9473);
#9471 = CARTESIAN_POINT('',(-7.825,-1.27,-4.28));
#9472 = DIRECTION('',(0.,0.,-1.));
#9473 = DIRECTION('',(0.,1.,0.));
#9474 = ADVANCED_FACE('',(#9475),#9486,.F.);
#9475 = FACE_BOUND('',#9476,.F.);
#9476 = EDGE_LOOP('',(#9477,#9478,#9484,#9485));
#9477 = ORIENTED_EDGE('',*,*,#6668,.F.);
#9478 = ORIENTED_EDGE('',*,*,#9479,.T.);
#9479 = EDGE_CURVE('',#6661,#8642,#9480,.T.);
#9480 = LINE('',#9481,#9482);
#9481 = CARTESIAN_POINT('',(7.825,-0.875,-3.68));
#9482 = VECTOR('',#9483,1.);
#9483 = DIRECTION('',(-1.,0.,0.));
#9484 = ORIENTED_EDGE('',*,*,#8641,.T.);
#9485 = ORIENTED_EDGE('',*,*,#9165,.T.);
#9486 = PLANE('',#9487);
#9487 = AXIS2_PLACEMENT_3D('',#9488,#9489,#9490);
#9488 = CARTESIAN_POINT('',(7.825,-0.875,-4.28));
#9489 = DIRECTION('',(0.,-1.,0.));
#9490 = DIRECTION('',(-1.,0.,0.));
#9491 = ADVANCED_FACE('',(#9492),#9510,.F.);
#9492 = FACE_BOUND('',#9493,.F.);
#9493 = EDGE_LOOP('',(#9494,#9495,#9496,#9504));
#9494 = ORIENTED_EDGE('',*,*,#9109,.T.);
#9495 = ORIENTED_EDGE('',*,*,#8529,.F.);
#9496 = ORIENTED_EDGE('',*,*,#9497,.T.);
#9497 = EDGE_CURVE('',#8522,#9498,#9500,.T.);
#9498 = VERTEX_POINT('',#9499);
#9499 = CARTESIAN_POINT('',(-7.825,-0.875,-3.68));
#9500 = LINE('',#9501,#9502);
#9501 = CARTESIAN_POINT('',(-6.89,-0.875,-3.68));
#9502 = VECTOR('',#9503,1.);
#9503 = DIRECTION('',(-1.,0.,0.));
#9504 = ORIENTED_EDGE('',*,*,#9505,.T.);
#9505 = EDGE_CURVE('',#9498,#9110,#9506,.T.);
#9506 = LINE('',#9507,#9508);
#9507 = CARTESIAN_POINT('',(-7.825,-0.875,-3.68));
#9508 = VECTOR('',#9509,1.);
#9509 = DIRECTION('',(0.,0.,-1.));
#9510 = PLANE('',#9511);
#9511 = AXIS2_PLACEMENT_3D('',#9512,#9513,#9514);
#9512 = CARTESIAN_POINT('',(7.825,-0.875,-4.28));
#9513 = DIRECTION('',(0.,-1.,0.));
#9514 = DIRECTION('',(-1.,0.,0.));
#9515 = ADVANCED_FACE('',(#9516),#9535,.F.);
#9516 = FACE_BOUND('',#9517,.F.);
#9517 = EDGE_LOOP('',(#9518,#9519,#9520,#9521,#9529));
#9518 = ORIENTED_EDGE('',*,*,#7653,.T.);
#9519 = ORIENTED_EDGE('',*,*,#9228,.T.);
#9520 = ORIENTED_EDGE('',*,*,#8755,.F.);
#9521 = ORIENTED_EDGE('',*,*,#9522,.T.);
#9522 = EDGE_CURVE('',#8748,#9523,#9525,.T.);
#9523 = VERTEX_POINT('',#9524);
#9524 = CARTESIAN_POINT('',(4.82,-0.875,-3.68));
#9525 = LINE('',#9526,#9527);
#9526 = CARTESIAN_POINT('',(6.44,-0.875,-3.68));
#9527 = VECTOR('',#9528,1.);
#9528 = DIRECTION('',(-1.,0.,0.));
#9529 = ORIENTED_EDGE('',*,*,#9530,.T.);
#9530 = EDGE_CURVE('',#9523,#7607,#9531,.T.);
#9531 = LINE('',#9532,#9533);
#9532 = CARTESIAN_POINT('',(4.82,-0.875,-3.68));
#9533 = VECTOR('',#9534,1.);
#9534 = DIRECTION('',(0.,0.,-1.));
#9535 = PLANE('',#9536);
#9536 = AXIS2_PLACEMENT_3D('',#9537,#9538,#9539);
#9537 = CARTESIAN_POINT('',(7.825,-0.875,-4.28));
#9538 = DIRECTION('',(0.,-1.,0.));
#9539 = DIRECTION('',(-1.,0.,0.));
#9540 = ADVANCED_FACE('',(#9541),#9575,.F.);
#9541 = FACE_BOUND('',#9542,.F.);
#9542 = EDGE_LOOP('',(#9543,#9551,#9552,#9553,#9561,#9569));
#9543 = ORIENTED_EDGE('',*,*,#9544,.T.);
#9544 = EDGE_CURVE('',#9545,#9245,#9547,.T.);
#9545 = VERTEX_POINT('',#9546);
#9546 = CARTESIAN_POINT('',(1.82,-0.875,-4.25));
#9547 = LINE('',#9548,#9549);
#9548 = CARTESIAN_POINT('',(1.82,-0.875,-4.25));
#9549 = VECTOR('',#9550,1.);
#9550 = DIRECTION('',(0.,0.,-1.));
#9551 = ORIENTED_EDGE('',*,*,#9259,.T.);
#9552 = ORIENTED_EDGE('',*,*,#7802,.F.);
#9553 = ORIENTED_EDGE('',*,*,#9554,.F.);
#9554 = EDGE_CURVE('',#9555,#7795,#9557,.T.);
#9555 = VERTEX_POINT('',#9556);
#9556 = CARTESIAN_POINT('',(4.18,-0.875,-3.68));
#9557 = LINE('',#9558,#9559);
#9558 = CARTESIAN_POINT('',(4.18,-0.875,-3.68));
#9559 = VECTOR('',#9560,1.);
#9560 = DIRECTION('',(0.,0.,-1.));
#9561 = ORIENTED_EDGE('',*,*,#9562,.T.);
#9562 = EDGE_CURVE('',#9555,#9563,#9565,.T.);
#9563 = VERTEX_POINT('',#9564);
#9564 = CARTESIAN_POINT('',(1.82,-0.875,-3.68));
#9565 = LINE('',#9566,#9567);
#9566 = CARTESIAN_POINT('',(4.18,-0.875,-3.68));
#9567 = VECTOR('',#9568,1.);
#9568 = DIRECTION('',(-1.,0.,0.));
#9569 = ORIENTED_EDGE('',*,*,#9570,.T.);
#9570 = EDGE_CURVE('',#9563,#9545,#9571,.T.);
#9571 = LINE('',#9572,#9573);
#9572 = CARTESIAN_POINT('',(1.82,-0.875,-3.68));
#9573 = VECTOR('',#9574,1.);
#9574 = DIRECTION('',(0.,0.,-1.));
#9575 = PLANE('',#9576);
#9576 = AXIS2_PLACEMENT_3D('',#9577,#9578,#9579);
#9577 = CARTESIAN_POINT('',(7.825,-0.875,-4.28));
#9578 = DIRECTION('',(0.,-1.,0.));
#9579 = DIRECTION('',(-1.,0.,0.));
#9580 = ADVANCED_FACE('',(#9581),#9622,.F.);
#9581 = FACE_BOUND('',#9582,.F.);
#9582 = EDGE_LOOP('',(#9583,#9591,#9592,#9600,#9608,#9616));
#9583 = ORIENTED_EDGE('',*,*,#9584,.T.);
#9584 = EDGE_CURVE('',#9585,#9300,#9587,.T.);
#9585 = VERTEX_POINT('',#9586);
#9586 = CARTESIAN_POINT('',(-1.18,-0.875,-4.25));
#9587 = LINE('',#9588,#9589);
#9588 = CARTESIAN_POINT('',(-1.18,-0.875,-4.25));
#9589 = VECTOR('',#9590,1.);
#9590 = DIRECTION('',(2.22044604925E-14,0.,-1.));
#9591 = ORIENTED_EDGE('',*,*,#9323,.T.);
#9592 = ORIENTED_EDGE('',*,*,#9593,.F.);
#9593 = EDGE_CURVE('',#9594,#9316,#9596,.T.);
#9594 = VERTEX_POINT('',#9595);
#9595 = CARTESIAN_POINT('',(1.18,-0.875,-4.25));
#9596 = LINE('',#9597,#9598);
#9597 = CARTESIAN_POINT('',(1.18,-0.875,-4.25));
#9598 = VECTOR('',#9599,1.);
#9599 = DIRECTION('',(-7.401486830835E-14,0.,-1.));
#9600 = ORIENTED_EDGE('',*,*,#9601,.F.);
#9601 = EDGE_CURVE('',#9602,#9594,#9604,.T.);
#9602 = VERTEX_POINT('',#9603);
#9603 = CARTESIAN_POINT('',(1.18,-0.875,-3.68));
#9604 = LINE('',#9605,#9606);
#9605 = CARTESIAN_POINT('',(1.18,-0.875,-3.68));
#9606 = VECTOR('',#9607,1.);
#9607 = DIRECTION('',(0.,0.,-1.));
#9608 = ORIENTED_EDGE('',*,*,#9609,.T.);
#9609 = EDGE_CURVE('',#9602,#9610,#9612,.T.);
#9610 = VERTEX_POINT('',#9611);
#9611 = CARTESIAN_POINT('',(-1.18,-0.875,-3.68));
#9612 = LINE('',#9613,#9614);
#9613 = CARTESIAN_POINT('',(1.18,-0.875,-3.68));
#9614 = VECTOR('',#9615,1.);
#9615 = DIRECTION('',(-1.,0.,0.));
#9616 = ORIENTED_EDGE('',*,*,#9617,.T.);
#9617 = EDGE_CURVE('',#9610,#9585,#9618,.T.);
#9618 = LINE('',#9619,#9620);
#9619 = CARTESIAN_POINT('',(-1.18,-0.875,-3.68));
#9620 = VECTOR('',#9621,1.);
#9621 = DIRECTION('',(0.,0.,-1.));
#9622 = PLANE('',#9623);
#9623 = AXIS2_PLACEMENT_3D('',#9624,#9625,#9626);
#9624 = CARTESIAN_POINT('',(7.825,-0.875,-4.28));
#9625 = DIRECTION('',(0.,-1.,0.));
#9626 = DIRECTION('',(-1.,0.,0.));
#9627 = ADVANCED_FACE('',(#9628),#9660,.F.);
#9628 = FACE_BOUND('',#9629,.F.);
#9629 = EDGE_LOOP('',(#9630,#9636,#9637,#9645,#9653,#9659));
#9630 = ORIENTED_EDGE('',*,*,#9631,.T.);
#9631 = EDGE_CURVE('',#5864,#9393,#9632,.T.);
#9632 = LINE('',#9633,#9634);
#9633 = CARTESIAN_POINT('',(-4.18,-0.875,-4.25));
#9634 = VECTOR('',#9635,1.);
#9635 = DIRECTION('',(5.921189464668E-14,0.,-1.));
#9636 = ORIENTED_EDGE('',*,*,#9416,.T.);
#9637 = ORIENTED_EDGE('',*,*,#9638,.F.);
#9638 = EDGE_CURVE('',#9639,#9409,#9641,.T.);
#9639 = VERTEX_POINT('',#9640);
#9640 = CARTESIAN_POINT('',(-1.82,-0.875,-4.25));
#9641 = LINE('',#9642,#9643);
#9642 = CARTESIAN_POINT('',(-1.82,-0.875,-4.25));
#9643 = VECTOR('',#9644,1.);
#9644 = DIRECTION('',(-7.401486830835E-14,0.,-1.));
#9645 = ORIENTED_EDGE('',*,*,#9646,.F.);
#9646 = EDGE_CURVE('',#9647,#9639,#9649,.T.);
#9647 = VERTEX_POINT('',#9648);
#9648 = CARTESIAN_POINT('',(-1.82,-0.875,-3.68));
#9649 = LINE('',#9650,#9651);
#9650 = CARTESIAN_POINT('',(-1.82,-0.875,-3.68));
#9651 = VECTOR('',#9652,1.);
#9652 = DIRECTION('',(0.,0.,-1.));
#9653 = ORIENTED_EDGE('',*,*,#9654,.T.);
#9654 = EDGE_CURVE('',#9647,#5872,#9655,.T.);
#9655 = LINE('',#9656,#9657);
#9656 = CARTESIAN_POINT('',(-1.82,-0.875,-3.68));
#9657 = VECTOR('',#9658,1.);
#9658 = DIRECTION('',(-1.,0.,0.));
#9659 = ORIENTED_EDGE('',*,*,#5871,.T.);
#9660 = PLANE('',#9661);
#9661 = AXIS2_PLACEMENT_3D('',#9662,#9663,#9664);
#9662 = CARTESIAN_POINT('',(7.825,-0.875,-4.28));
#9663 = DIRECTION('',(0.,-1.,0.));
#9664 = DIRECTION('',(-1.,0.,0.));
#9665 = ADVANCED_FACE('',(#9666),#9678,.F.);
#9666 = FACE_BOUND('',#9667,.F.);
#9667 = EDGE_LOOP('',(#9668,#9674,#9675,#9676,#9677));
#9668 = ORIENTED_EDGE('',*,*,#9669,.T.);
#9669 = EDGE_CURVE('',#5755,#8401,#9670,.T.);
#9670 = LINE('',#9671,#9672);
#9671 = CARTESIAN_POINT('',(-4.82,-0.875,-3.68));
#9672 = VECTOR('',#9673,1.);
#9673 = DIRECTION('',(-1.,0.,0.));
#9674 = ORIENTED_EDGE('',*,*,#8400,.T.);
#9675 = ORIENTED_EDGE('',*,*,#9369,.T.);
#9676 = ORIENTED_EDGE('',*,*,#8069,.F.);
#9677 = ORIENTED_EDGE('',*,*,#5762,.F.);
#9678 = PLANE('',#9679);
#9679 = AXIS2_PLACEMENT_3D('',#9680,#9681,#9682);
#9680 = CARTESIAN_POINT('',(7.825,-0.875,-4.28));
#9681 = DIRECTION('',(0.,-1.,0.));
#9682 = DIRECTION('',(-1.,0.,0.));
#9683 = ADVANCED_FACE('',(#9684),#9695,.T.);
#9684 = FACE_BOUND('',#9685,.F.);
#9685 = EDGE_LOOP('',(#9686,#9687,#9688,#9694));
#9686 = ORIENTED_EDGE('',*,*,#9479,.F.);
#9687 = ORIENTED_EDGE('',*,*,#6660,.F.);
#9688 = ORIENTED_EDGE('',*,*,#9689,.F.);
#9689 = EDGE_CURVE('',#8650,#6653,#9690,.T.);
#9690 = LINE('',#9691,#9692);
#9691 = CARTESIAN_POINT('',(6.89,0.875,-3.68));
#9692 = VECTOR('',#9693,1.);
#9693 = DIRECTION('',(1.,0.,0.));
#9694 = ORIENTED_EDGE('',*,*,#8649,.T.);
#9695 = PLANE('',#9696);
#9696 = AXIS2_PLACEMENT_3D('',#9697,#9698,#9699);
#9697 = CARTESIAN_POINT('',(-7.825,-1.27,-3.68));
#9698 = DIRECTION('',(0.,0.,-1.));
#9699 = DIRECTION('',(1.,0.,0.));
#9700 = ADVANCED_FACE('',(#9701),#9719,.T.);
#9701 = FACE_BOUND('',#9702,.F.);
#9702 = EDGE_LOOP('',(#9703,#9711,#9717,#9718));
#9703 = ORIENTED_EDGE('',*,*,#9704,.F.);
#9704 = EDGE_CURVE('',#9705,#8514,#9707,.T.);
#9705 = VERTEX_POINT('',#9706);
#9706 = CARTESIAN_POINT('',(-7.825,0.875,-3.68));
#9707 = LINE('',#9708,#9709);
#9708 = CARTESIAN_POINT('',(-7.825,0.875,-3.68));
#9709 = VECTOR('',#9710,1.);
#9710 = DIRECTION('',(1.,0.,0.));
#9711 = ORIENTED_EDGE('',*,*,#9712,.T.);
#9712 = EDGE_CURVE('',#9705,#9498,#9713,.T.);
#9713 = LINE('',#9714,#9715);
#9714 = CARTESIAN_POINT('',(-7.825,0.875,-3.68));
#9715 = VECTOR('',#9716,1.);
#9716 = DIRECTION('',(0.,-1.,0.));
#9717 = ORIENTED_EDGE('',*,*,#9497,.F.);
#9718 = ORIENTED_EDGE('',*,*,#8521,.F.);
#9719 = PLANE('',#9720);
#9720 = AXIS2_PLACEMENT_3D('',#9721,#9722,#9723);
#9721 = CARTESIAN_POINT('',(-7.825,-1.27,-3.68));
#9722 = DIRECTION('',(0.,0.,-1.));
#9723 = DIRECTION('',(1.,0.,0.));
#9724 = ADVANCED_FACE('',(#9725),#9743,.T.);
#9725 = FACE_BOUND('',#9726,.F.);
#9726 = EDGE_LOOP('',(#9727,#9728,#9729,#9737));
#9727 = ORIENTED_EDGE('',*,*,#9522,.F.);
#9728 = ORIENTED_EDGE('',*,*,#8747,.F.);
#9729 = ORIENTED_EDGE('',*,*,#9730,.F.);
#9730 = EDGE_CURVE('',#9731,#8740,#9733,.T.);
#9731 = VERTEX_POINT('',#9732);
#9732 = CARTESIAN_POINT('',(4.82,0.875,-3.68));
#9733 = LINE('',#9734,#9735);
#9734 = CARTESIAN_POINT('',(4.82,0.875,-3.68));
#9735 = VECTOR('',#9736,1.);
#9736 = DIRECTION('',(1.,0.,0.));
#9737 = ORIENTED_EDGE('',*,*,#9738,.T.);
#9738 = EDGE_CURVE('',#9731,#9523,#9739,.T.);
#9739 = LINE('',#9740,#9741);
#9740 = CARTESIAN_POINT('',(4.82,0.875,-3.68));
#9741 = VECTOR('',#9742,1.);
#9742 = DIRECTION('',(0.,-1.,0.));
#9743 = PLANE('',#9744);
#9744 = AXIS2_PLACEMENT_3D('',#9745,#9746,#9747);
#9745 = CARTESIAN_POINT('',(-7.825,-1.27,-3.68));
#9746 = DIRECTION('',(0.,0.,-1.));
#9747 = DIRECTION('',(1.,0.,0.));
#9748 = ADVANCED_FACE('',(#9749),#9774,.T.);
#9749 = FACE_BOUND('',#9750,.F.);
#9750 = EDGE_LOOP('',(#9751,#9752,#9760,#9768));
#9751 = ORIENTED_EDGE('',*,*,#9562,.F.);
#9752 = ORIENTED_EDGE('',*,*,#9753,.F.);
#9753 = EDGE_CURVE('',#9754,#9555,#9756,.T.);
#9754 = VERTEX_POINT('',#9755);
#9755 = CARTESIAN_POINT('',(4.18,0.875,-3.68));
#9756 = LINE('',#9757,#9758);
#9757 = CARTESIAN_POINT('',(4.18,0.875,-3.68));
#9758 = VECTOR('',#9759,1.);
#9759 = DIRECTION('',(0.,-1.,0.));
#9760 = ORIENTED_EDGE('',*,*,#9761,.F.);
#9761 = EDGE_CURVE('',#9762,#9754,#9764,.T.);
#9762 = VERTEX_POINT('',#9763);
#9763 = CARTESIAN_POINT('',(1.82,0.875,-3.68));
#9764 = LINE('',#9765,#9766);
#9765 = CARTESIAN_POINT('',(1.82,0.875,-3.68));
#9766 = VECTOR('',#9767,1.);
#9767 = DIRECTION('',(1.,0.,0.));
#9768 = ORIENTED_EDGE('',*,*,#9769,.T.);
#9769 = EDGE_CURVE('',#9762,#9563,#9770,.T.);
#9770 = LINE('',#9771,#9772);
#9771 = CARTESIAN_POINT('',(1.82,0.875,-3.68));
#9772 = VECTOR('',#9773,1.);
#9773 = DIRECTION('',(0.,-1.,0.));
#9774 = PLANE('',#9775);
#9775 = AXIS2_PLACEMENT_3D('',#9776,#9777,#9778);
#9776 = CARTESIAN_POINT('',(-7.825,-1.27,-3.68));
#9777 = DIRECTION('',(0.,0.,-1.));
#9778 = DIRECTION('',(1.,0.,0.));
#9779 = ADVANCED_FACE('',(#9780),#9805,.T.);
#9780 = FACE_BOUND('',#9781,.F.);
#9781 = EDGE_LOOP('',(#9782,#9783,#9791,#9799));
#9782 = ORIENTED_EDGE('',*,*,#9609,.F.);
#9783 = ORIENTED_EDGE('',*,*,#9784,.F.);
#9784 = EDGE_CURVE('',#9785,#9602,#9787,.T.);
#9785 = VERTEX_POINT('',#9786);
#9786 = CARTESIAN_POINT('',(1.18,0.875,-3.68));
#9787 = LINE('',#9788,#9789);
#9788 = CARTESIAN_POINT('',(1.18,0.875,-3.68));
#9789 = VECTOR('',#9790,1.);
#9790 = DIRECTION('',(0.,-1.,0.));
#9791 = ORIENTED_EDGE('',*,*,#9792,.F.);
#9792 = EDGE_CURVE('',#9793,#9785,#9795,.T.);
#9793 = VERTEX_POINT('',#9794);
#9794 = CARTESIAN_POINT('',(-1.18,0.875,-3.68));
#9795 = LINE('',#9796,#9797);
#9796 = CARTESIAN_POINT('',(-1.18,0.875,-3.68));
#9797 = VECTOR('',#9798,1.);
#9798 = DIRECTION('',(1.,0.,0.));
#9799 = ORIENTED_EDGE('',*,*,#9800,.T.);
#9800 = EDGE_CURVE('',#9793,#9610,#9801,.T.);
#9801 = LINE('',#9802,#9803);
#9802 = CARTESIAN_POINT('',(-1.18,0.875,-3.68));
#9803 = VECTOR('',#9804,1.);
#9804 = DIRECTION('',(0.,-1.,0.));
#9805 = PLANE('',#9806);
#9806 = AXIS2_PLACEMENT_3D('',#9807,#9808,#9809);
#9807 = CARTESIAN_POINT('',(-7.825,-1.27,-3.68));
#9808 = DIRECTION('',(0.,0.,-1.));
#9809 = DIRECTION('',(1.,0.,0.));
#9810 = ADVANCED_FACE('',(#9811),#9829,.T.);
#9811 = FACE_BOUND('',#9812,.F.);
#9812 = EDGE_LOOP('',(#9813,#9814,#9822,#9828));
#9813 = ORIENTED_EDGE('',*,*,#9654,.F.);
#9814 = ORIENTED_EDGE('',*,*,#9815,.F.);
#9815 = EDGE_CURVE('',#9816,#9647,#9818,.T.);
#9816 = VERTEX_POINT('',#9817);
#9817 = CARTESIAN_POINT('',(-1.82,0.875,-3.68));
#9818 = LINE('',#9819,#9820);
#9819 = CARTESIAN_POINT('',(-1.82,0.875,-3.68));
#9820 = VECTOR('',#9821,1.);
#9821 = DIRECTION('',(0.,-1.,0.));
#9822 = ORIENTED_EDGE('',*,*,#9823,.F.);
#9823 = EDGE_CURVE('',#5880,#9816,#9824,.T.);
#9824 = LINE('',#9825,#9826);
#9825 = CARTESIAN_POINT('',(-4.18,0.875,-3.68));
#9826 = VECTOR('',#9827,1.);
#9827 = DIRECTION('',(1.,0.,0.));
#9828 = ORIENTED_EDGE('',*,*,#5879,.T.);
#9829 = PLANE('',#9830);
#9830 = AXIS2_PLACEMENT_3D('',#9831,#9832,#9833);
#9831 = CARTESIAN_POINT('',(-7.825,-1.27,-3.68));
#9832 = DIRECTION('',(0.,0.,-1.));
#9833 = DIRECTION('',(1.,0.,0.));
#9834 = ADVANCED_FACE('',(#9835),#9846,.T.);
#9835 = FACE_BOUND('',#9836,.F.);
#9836 = EDGE_LOOP('',(#9837,#9843,#9844,#9845));
#9837 = ORIENTED_EDGE('',*,*,#9838,.F.);
#9838 = EDGE_CURVE('',#8409,#5747,#9839,.T.);
#9839 = LINE('',#9840,#9841);
#9840 = CARTESIAN_POINT('',(-6.44,0.875,-3.68));
#9841 = VECTOR('',#9842,1.);
#9842 = DIRECTION('',(1.,0.,0.));
#9843 = ORIENTED_EDGE('',*,*,#8408,.T.);
#9844 = ORIENTED_EDGE('',*,*,#9669,.F.);
#9845 = ORIENTED_EDGE('',*,*,#5754,.F.);
#9846 = PLANE('',#9847);
#9847 = AXIS2_PLACEMENT_3D('',#9848,#9849,#9850);
#9848 = CARTESIAN_POINT('',(-7.825,-1.27,-3.68));
#9849 = DIRECTION('',(0.,0.,-1.));
#9850 = DIRECTION('',(1.,0.,0.));
#9851 = ADVANCED_FACE('',(#9852),#9858,.F.);
#9852 = FACE_BOUND('',#9853,.F.);
#9853 = EDGE_LOOP('',(#9854,#9855,#9856,#9857));
#9854 = ORIENTED_EDGE('',*,*,#6652,.F.);
#9855 = ORIENTED_EDGE('',*,*,#9189,.F.);
#9856 = ORIENTED_EDGE('',*,*,#8657,.T.);
#9857 = ORIENTED_EDGE('',*,*,#9689,.T.);
#9858 = PLANE('',#9859);
#9859 = AXIS2_PLACEMENT_3D('',#9860,#9861,#9862);
#9860 = CARTESIAN_POINT('',(-7.825,0.875,-4.28));
#9861 = DIRECTION('',(0.,1.,0.));
#9862 = DIRECTION('',(1.,0.,0.));
#9863 = ADVANCED_FACE('',(#9864),#9875,.F.);
#9864 = FACE_BOUND('',#9865,.F.);
#9865 = EDGE_LOOP('',(#9866,#9867,#9873,#9874));
#9866 = ORIENTED_EDGE('',*,*,#9140,.F.);
#9867 = ORIENTED_EDGE('',*,*,#9868,.F.);
#9868 = EDGE_CURVE('',#9705,#9141,#9869,.T.);
#9869 = LINE('',#9870,#9871);
#9870 = CARTESIAN_POINT('',(-7.825,0.875,-3.68));
#9871 = VECTOR('',#9872,1.);
#9872 = DIRECTION('',(0.,0.,-1.));
#9873 = ORIENTED_EDGE('',*,*,#9704,.T.);
#9874 = ORIENTED_EDGE('',*,*,#8513,.T.);
#9875 = PLANE('',#9876);
#9876 = AXIS2_PLACEMENT_3D('',#9877,#9878,#9879);
#9877 = CARTESIAN_POINT('',(-7.825,0.875,-4.28));
#9878 = DIRECTION('',(0.,1.,0.));
#9879 = DIRECTION('',(1.,0.,0.));
#9880 = ADVANCED_FACE('',(#9881),#9893,.F.);
#9881 = FACE_BOUND('',#9882,.F.);
#9882 = EDGE_LOOP('',(#9883,#9884,#9885,#9886,#9887));
#9883 = ORIENTED_EDGE('',*,*,#9730,.T.);
#9884 = ORIENTED_EDGE('',*,*,#8739,.F.);
#9885 = ORIENTED_EDGE('',*,*,#9205,.F.);
#9886 = ORIENTED_EDGE('',*,*,#7558,.F.);
#9887 = ORIENTED_EDGE('',*,*,#9888,.F.);
#9888 = EDGE_CURVE('',#9731,#7551,#9889,.T.);
#9889 = LINE('',#9890,#9891);
#9890 = CARTESIAN_POINT('',(4.82,0.875,-3.68));
#9891 = VECTOR('',#9892,1.);
#9892 = DIRECTION('',(0.,0.,-1.));
#9893 = PLANE('',#9894);
#9894 = AXIS2_PLACEMENT_3D('',#9895,#9896,#9897);
#9895 = CARTESIAN_POINT('',(-7.825,0.875,-4.28));
#9896 = DIRECTION('',(0.,1.,0.));
#9897 = DIRECTION('',(1.,0.,0.));
#9898 = ADVANCED_FACE('',(#9899),#9924,.F.);
#9899 = FACE_BOUND('',#9900,.F.);
#9900 = EDGE_LOOP('',(#9901,#9902,#9908,#9909,#9910,#9918));
#9901 = ORIENTED_EDGE('',*,*,#9761,.T.);
#9902 = ORIENTED_EDGE('',*,*,#9903,.T.);
#9903 = EDGE_CURVE('',#9754,#7763,#9904,.T.);
#9904 = LINE('',#9905,#9906);
#9905 = CARTESIAN_POINT('',(4.18,0.875,-3.68));
#9906 = VECTOR('',#9907,1.);
#9907 = DIRECTION('',(0.,0.,-1.));
#9908 = ORIENTED_EDGE('',*,*,#7762,.T.);
#9909 = ORIENTED_EDGE('',*,*,#9282,.F.);
#9910 = ORIENTED_EDGE('',*,*,#9911,.F.);
#9911 = EDGE_CURVE('',#9912,#9275,#9914,.T.);
#9912 = VERTEX_POINT('',#9913);
#9913 = CARTESIAN_POINT('',(1.82,0.875,-4.25));
#9914 = LINE('',#9915,#9916);
#9915 = CARTESIAN_POINT('',(1.82,0.875,-4.25));
#9916 = VECTOR('',#9917,1.);
#9917 = DIRECTION('',(1.480297366167E-14,0.,-1.));
#9918 = ORIENTED_EDGE('',*,*,#9919,.F.);
#9919 = EDGE_CURVE('',#9762,#9912,#9920,.T.);
#9920 = LINE('',#9921,#9922);
#9921 = CARTESIAN_POINT('',(1.82,0.875,-3.68));
#9922 = VECTOR('',#9923,1.);
#9923 = DIRECTION('',(0.,0.,-1.));
#9924 = PLANE('',#9925);
#9925 = AXIS2_PLACEMENT_3D('',#9926,#9927,#9928);
#9926 = CARTESIAN_POINT('',(-7.825,0.875,-4.28));
#9927 = DIRECTION('',(0.,1.,0.));
#9928 = DIRECTION('',(1.,0.,0.));
#9929 = ADVANCED_FACE('',(#9930),#9962,.F.);
#9930 = FACE_BOUND('',#9931,.F.);
#9931 = EDGE_LOOP('',(#9932,#9933,#9941,#9947,#9948,#9956));
#9932 = ORIENTED_EDGE('',*,*,#9792,.T.);
#9933 = ORIENTED_EDGE('',*,*,#9934,.T.);
#9934 = EDGE_CURVE('',#9785,#9935,#9937,.T.);
#9935 = VERTEX_POINT('',#9936);
#9936 = CARTESIAN_POINT('',(1.18,0.875,-4.25));
#9937 = LINE('',#9938,#9939);
#9938 = CARTESIAN_POINT('',(1.18,0.875,-3.68));
#9939 = VECTOR('',#9940,1.);
#9940 = DIRECTION('',(0.,0.,-1.));
#9941 = ORIENTED_EDGE('',*,*,#9942,.T.);
#9942 = EDGE_CURVE('',#9935,#9347,#9943,.T.);
#9943 = LINE('',#9944,#9945);
#9944 = CARTESIAN_POINT('',(1.18,0.875,-4.25));
#9945 = VECTOR('',#9946,1.);
#9946 = DIRECTION('',(-7.401486830835E-14,0.,-1.));
#9947 = ORIENTED_EDGE('',*,*,#9346,.F.);
#9948 = ORIENTED_EDGE('',*,*,#9949,.F.);
#9949 = EDGE_CURVE('',#9950,#9339,#9952,.T.);
#9950 = VERTEX_POINT('',#9951);
#9951 = CARTESIAN_POINT('',(-1.18,0.875,-4.25));
#9952 = LINE('',#9953,#9954);
#9953 = CARTESIAN_POINT('',(-1.18,0.875,-4.25));
#9954 = VECTOR('',#9955,1.);
#9955 = DIRECTION('',(2.22044604925E-14,0.,-1.));
#9956 = ORIENTED_EDGE('',*,*,#9957,.F.);
#9957 = EDGE_CURVE('',#9793,#9950,#9958,.T.);
#9958 = LINE('',#9959,#9960);
#9959 = CARTESIAN_POINT('',(-1.18,0.875,-3.68));
#9960 = VECTOR('',#9961,1.);
#9961 = DIRECTION('',(0.,0.,-1.));
#9962 = PLANE('',#9963);
#9963 = AXIS2_PLACEMENT_3D('',#9964,#9965,#9966);
#9964 = CARTESIAN_POINT('',(-7.825,0.875,-4.28));
#9965 = DIRECTION('',(0.,1.,0.));
#9966 = DIRECTION('',(1.,0.,0.));
#9967 = ADVANCED_FACE('',(#9968),#9993,.F.);
#9968 = FACE_BOUND('',#9969,.F.);
#9969 = EDGE_LOOP('',(#9970,#9971,#9979,#9985,#9986,#9992));
#9970 = ORIENTED_EDGE('',*,*,#9823,.T.);
#9971 = ORIENTED_EDGE('',*,*,#9972,.T.);
#9972 = EDGE_CURVE('',#9816,#9973,#9975,.T.);
#9973 = VERTEX_POINT('',#9974);
#9974 = CARTESIAN_POINT('',(-1.82,0.875,-4.25));
#9975 = LINE('',#9976,#9977);
#9976 = CARTESIAN_POINT('',(-1.82,0.875,-3.68));
#9977 = VECTOR('',#9978,1.);
#9978 = DIRECTION('',(0.,0.,-1.));
#9979 = ORIENTED_EDGE('',*,*,#9980,.T.);
#9980 = EDGE_CURVE('',#9973,#9457,#9981,.T.);
#9981 = LINE('',#9982,#9983);
#9982 = CARTESIAN_POINT('',(-1.82,0.875,-4.25));
#9983 = VECTOR('',#9984,1.);
#9984 = DIRECTION('',(-7.401486830835E-14,0.,-1.));
#9985 = ORIENTED_EDGE('',*,*,#9456,.F.);
#9986 = ORIENTED_EDGE('',*,*,#9987,.F.);
#9987 = EDGE_CURVE('',#5888,#9449,#9988,.T.);
#9988 = LINE('',#9989,#9990);
#9989 = CARTESIAN_POINT('',(-4.18,0.875,-4.25));
#9990 = VECTOR('',#9991,1.);
#9991 = DIRECTION('',(5.921189464668E-14,0.,-1.));
#9992 = ORIENTED_EDGE('',*,*,#5887,.F.);
#9993 = PLANE('',#9994);
#9994 = AXIS2_PLACEMENT_3D('',#9995,#9996,#9997);
#9995 = CARTESIAN_POINT('',(-7.825,0.875,-4.28));
#9996 = DIRECTION('',(0.,1.,0.));
#9997 = DIRECTION('',(1.,0.,0.));
#9998 = ADVANCED_FACE('',(#9999),#10006,.F.);
#9999 = FACE_BOUND('',#10000,.F.);
#10000 = EDGE_LOOP('',(#10001,#10002,#10003,#10004,#10005));
#10001 = ORIENTED_EDGE('',*,*,#8161,.T.);
#10002 = ORIENTED_EDGE('',*,*,#9432,.F.);
#10003 = ORIENTED_EDGE('',*,*,#8416,.F.);
#10004 = ORIENTED_EDGE('',*,*,#9838,.T.);
#10005 = ORIENTED_EDGE('',*,*,#5746,.T.);
#10006 = PLANE('',#10007);
#10007 = AXIS2_PLACEMENT_3D('',#10008,#10009,#10010);
#10008 = CARTESIAN_POINT('',(-7.825,0.875,-4.28));
#10009 = DIRECTION('',(0.,1.,0.));
#10010 = DIRECTION('',(1.,0.,0.));
#10011 = ADVANCED_FACE('',(#10012),#10073,.F.);
#10012 = FACE_BOUND('',#10013,.F.);
#10013 = EDGE_LOOP('',(#10014,#10022,#10028,#10029,#10035,#10036,#10037,
    #10038,#10039,#10040,#10041,#10042,#10043,#10049,#10057,#10065,
    #10071,#10072));
#10014 = ORIENTED_EDGE('',*,*,#10015,.T.);
#10015 = EDGE_CURVE('',#7148,#10016,#10018,.T.);
#10016 = VERTEX_POINT('',#10017);
#10017 = CARTESIAN_POINT('',(-7.825,-1.57,-6.1));
#10018 = LINE('',#10019,#10020);
#10019 = CARTESIAN_POINT('',(-7.825,-2.47,-6.1));
#10020 = VECTOR('',#10021,1.);
#10021 = DIRECTION('',(0.,1.,0.));
#10022 = ORIENTED_EDGE('',*,*,#10023,.F.);
#10023 = EDGE_CURVE('',#7460,#10016,#10024,.T.);
#10024 = LINE('',#10025,#10026);
#10025 = CARTESIAN_POINT('',(-7.825,-1.57,-4.95));
#10026 = VECTOR('',#10027,1.);
#10027 = DIRECTION('',(0.,0.,-1.));
#10028 = ORIENTED_EDGE('',*,*,#7492,.T.);
#10029 = ORIENTED_EDGE('',*,*,#10030,.T.);
#10030 = EDGE_CURVE('',#7485,#9118,#10031,.T.);
#10031 = LINE('',#10032,#10033);
#10032 = CARTESIAN_POINT('',(-7.825,-1.27,-4.95));
#10033 = VECTOR('',#10034,1.);
#10034 = DIRECTION('',(0.,0.,1.));
#10035 = ORIENTED_EDGE('',*,*,#9117,.T.);
#10036 = ORIENTED_EDGE('',*,*,#9505,.F.);
#10037 = ORIENTED_EDGE('',*,*,#9712,.F.);
#10038 = ORIENTED_EDGE('',*,*,#9868,.T.);
#10039 = ORIENTED_EDGE('',*,*,#9150,.T.);
#10040 = ORIENTED_EDGE('',*,*,#8975,.T.);
#10041 = ORIENTED_EDGE('',*,*,#8814,.T.);
#10042 = ORIENTED_EDGE('',*,*,#7999,.T.);
#10043 = ORIENTED_EDGE('',*,*,#10044,.F.);
#10044 = EDGE_CURVE('',#6526,#7992,#10045,.T.);
#10045 = LINE('',#10046,#10047);
#10046 = CARTESIAN_POINT('',(-7.825,1.25,3.55));
#10047 = VECTOR('',#10048,1.);
#10048 = DIRECTION('',(0.,1.,0.));
#10049 = ORIENTED_EDGE('',*,*,#10050,.F.);
#10050 = EDGE_CURVE('',#10051,#6526,#10053,.T.);
#10051 = VERTEX_POINT('',#10052);
#10052 = CARTESIAN_POINT('',(-7.825,-0.75,3.55));
#10053 = LINE('',#10054,#10055);
#10054 = CARTESIAN_POINT('',(-7.825,-0.75,3.55));
#10055 = VECTOR('',#10056,1.);
#10056 = DIRECTION('',(0.,1.,0.));
#10057 = ORIENTED_EDGE('',*,*,#10058,.F.);
#10058 = EDGE_CURVE('',#10059,#10051,#10061,.T.);
#10059 = VERTEX_POINT('',#10060);
#10060 = CARTESIAN_POINT('',(-7.825,-1.43,3.55));
#10061 = LINE('',#10062,#10063);
#10062 = CARTESIAN_POINT('',(-7.825,-1.43,3.55));
#10063 = VECTOR('',#10064,1.);
#10064 = DIRECTION('',(0.,1.,0.));
#10065 = ORIENTED_EDGE('',*,*,#10066,.F.);
#10066 = EDGE_CURVE('',#8588,#10059,#10067,.T.);
#10067 = LINE('',#10068,#10069);
#10068 = CARTESIAN_POINT('',(-7.825,-1.43,-3.1));
#10069 = VECTOR('',#10070,1.);
#10070 = DIRECTION('',(0.,0.,1.));
#10071 = ORIENTED_EDGE('',*,*,#8587,.F.);
#10072 = ORIENTED_EDGE('',*,*,#7155,.T.);
#10073 = PLANE('',#10074);
#10074 = AXIS2_PLACEMENT_3D('',#10075,#10076,#10077);
#10075 = CARTESIAN_POINT('',(-7.825,0.,0.));
#10076 = DIRECTION('',(1.,0.,0.));
#10077 = DIRECTION('',(0.,0.,-1.));
#10078 = ADVANCED_FACE('',(#10079),#10095,.T.);
#10079 = FACE_BOUND('',#10080,.F.);
#10080 = EDGE_LOOP('',(#10081,#10082,#10088,#10089));
#10081 = ORIENTED_EDGE('',*,*,#10015,.F.);
#10082 = ORIENTED_EDGE('',*,*,#10083,.F.);
#10083 = EDGE_CURVE('',#7060,#7148,#10084,.T.);
#10084 = LINE('',#10085,#10086);
#10085 = CARTESIAN_POINT('',(-7.525,-2.17,-6.35));
#10086 = VECTOR('',#10087,1.);
#10087 = DIRECTION('',(-0.60920769908,-0.60920769908,0.507673082567));
#10088 = ORIENTED_EDGE('',*,*,#7059,.T.);
#10089 = ORIENTED_EDGE('',*,*,#10090,.T.);
#10090 = EDGE_CURVE('',#7052,#10016,#10091,.T.);
#10091 = LINE('',#10092,#10093);
#10092 = CARTESIAN_POINT('',(-7.525,-1.87,-6.35));
#10093 = VECTOR('',#10094,1.);
#10094 = DIRECTION('',(-0.60920769908,0.60920769908,0.507673082567));
#10095 = PLANE('',#10096);
#10096 = AXIS2_PLACEMENT_3D('',#10097,#10098,#10099);
#10097 = CARTESIAN_POINT('',(-7.675,-2.02,-6.225));
#10098 = DIRECTION('',(-0.640184399664,0.,-0.768221279597));
#10099 = DIRECTION('',(-0.768221279597,0.,0.640184399664));
#10100 = ADVANCED_FACE('',(#10101),#10112,.T.);
#10101 = FACE_BOUND('',#10102,.F.);
#10102 = EDGE_LOOP('',(#10103,#10104,#10105,#10106));
#10103 = ORIENTED_EDGE('',*,*,#7067,.T.);
#10104 = ORIENTED_EDGE('',*,*,#10083,.T.);
#10105 = ORIENTED_EDGE('',*,*,#7145,.F.);
#10106 = ORIENTED_EDGE('',*,*,#10107,.T.);
#10107 = EDGE_CURVE('',#7146,#7044,#10108,.T.);
#10108 = LINE('',#10109,#10110);
#10109 = CARTESIAN_POINT('',(-7.175,-2.47,-6.1));
#10110 = VECTOR('',#10111,1.);
#10111 = DIRECTION('',(-0.60920769908,0.60920769908,-0.507673082567));
#10112 = PLANE('',#10113);
#10113 = AXIS2_PLACEMENT_3D('',#10114,#10115,#10116);
#10114 = CARTESIAN_POINT('',(-7.5,-2.32,-6.225));
#10115 = DIRECTION('',(0.,-0.640184399664,-0.768221279597));
#10116 = DIRECTION('',(0.,-0.768221279597,0.640184399664));
#10117 = ADVANCED_FACE('',(#10118),#10136,.T.);
#10118 = FACE_BOUND('',#10119,.F.);
#10119 = EDGE_LOOP('',(#10120,#10121,#10122,#10130));
#10120 = ORIENTED_EDGE('',*,*,#7041,.T.);
#10121 = ORIENTED_EDGE('',*,*,#10107,.F.);
#10122 = ORIENTED_EDGE('',*,*,#10123,.F.);
#10123 = EDGE_CURVE('',#10124,#7146,#10126,.T.);
#10124 = VERTEX_POINT('',#10125);
#10125 = CARTESIAN_POINT('',(-7.175,-1.57,-6.1));
#10126 = LINE('',#10127,#10128);
#10127 = CARTESIAN_POINT('',(-7.175,-1.57,-6.1));
#10128 = VECTOR('',#10129,1.);
#10129 = DIRECTION('',(0.,-1.,0.));
#10130 = ORIENTED_EDGE('',*,*,#10131,.T.);
#10131 = EDGE_CURVE('',#10124,#7042,#10132,.T.);
#10132 = LINE('',#10133,#10134);
#10133 = CARTESIAN_POINT('',(-7.175,-1.57,-6.1));
#10134 = VECTOR('',#10135,1.);
#10135 = DIRECTION('',(-0.60920769908,-0.60920769908,-0.507673082567));
#10136 = PLANE('',#10137);
#10137 = AXIS2_PLACEMENT_3D('',#10138,#10139,#10140);
#10138 = CARTESIAN_POINT('',(-7.325,-2.02,-6.225));
#10139 = DIRECTION('',(0.640184399664,0.,-0.768221279597));
#10140 = DIRECTION('',(0.768221279597,0.,0.640184399664));
#10141 = ADVANCED_FACE('',(#10142),#10153,.T.);
#10142 = FACE_BOUND('',#10143,.F.);
#10143 = EDGE_LOOP('',(#10144,#10145,#10146,#10147));
#10144 = ORIENTED_EDGE('',*,*,#10123,.T.);
#10145 = ORIENTED_EDGE('',*,*,#7187,.F.);
#10146 = ORIENTED_EDGE('',*,*,#7469,.T.);
#10147 = ORIENTED_EDGE('',*,*,#10148,.T.);
#10148 = EDGE_CURVE('',#7462,#10124,#10149,.T.);
#10149 = LINE('',#10150,#10151);
#10150 = CARTESIAN_POINT('',(-7.175,-1.57,-4.95));
#10151 = VECTOR('',#10152,1.);
#10152 = DIRECTION('',(0.,0.,-1.));
#10153 = PLANE('',#10154);
#10154 = AXIS2_PLACEMENT_3D('',#10155,#10156,#10157);
#10155 = CARTESIAN_POINT('',(-7.175,-1.57,-4.95));
#10156 = DIRECTION('',(1.,0.,0.));
#10157 = DIRECTION('',(0.,-1.,0.));
#10158 = ADVANCED_FACE('',(#10159),#10170,.T.);
#10159 = FACE_BOUND('',#10160,.F.);
#10160 = EDGE_LOOP('',(#10161,#10167,#10168,#10169));
#10161 = ORIENTED_EDGE('',*,*,#10162,.T.);
#10162 = EDGE_CURVE('',#10016,#10124,#10163,.T.);
#10163 = LINE('',#10164,#10165);
#10164 = CARTESIAN_POINT('',(-7.825,-1.57,-6.1));
#10165 = VECTOR('',#10166,1.);
#10166 = DIRECTION('',(1.,0.,0.));
#10167 = ORIENTED_EDGE('',*,*,#10148,.F.);
#10168 = ORIENTED_EDGE('',*,*,#7459,.F.);
#10169 = ORIENTED_EDGE('',*,*,#10023,.T.);
#10170 = PLANE('',#10171);
#10171 = AXIS2_PLACEMENT_3D('',#10172,#10173,#10174);
#10172 = CARTESIAN_POINT('',(-7.825,-1.57,-4.95));
#10173 = DIRECTION('',(0.,1.,0.));
#10174 = DIRECTION('',(1.,0.,0.));
#10175 = ADVANCED_FACE('',(#10176),#10182,.T.);
#10176 = FACE_BOUND('',#10177,.F.);
#10177 = EDGE_LOOP('',(#10178,#10179,#10180,#10181));
#10178 = ORIENTED_EDGE('',*,*,#10162,.F.);
#10179 = ORIENTED_EDGE('',*,*,#10090,.F.);
#10180 = ORIENTED_EDGE('',*,*,#7051,.T.);
#10181 = ORIENTED_EDGE('',*,*,#10131,.F.);
#10182 = PLANE('',#10183);
#10183 = AXIS2_PLACEMENT_3D('',#10184,#10185,#10186);
#10184 = CARTESIAN_POINT('',(-7.5,-1.72,-6.225));
#10185 = DIRECTION('',(0.,0.640184399664,-0.768221279597));
#10186 = DIRECTION('',(0.,0.768221279597,0.640184399664));
#10187 = ADVANCED_FACE('',(#10188),#10194,.T.);
#10188 = FACE_BOUND('',#10189,.F.);
#10189 = EDGE_LOOP('',(#10190,#10191,#10192,#10193));
#10190 = ORIENTED_EDGE('',*,*,#8625,.F.);
#10191 = ORIENTED_EDGE('',*,*,#7509,.T.);
#10192 = ORIENTED_EDGE('',*,*,#6684,.T.);
#10193 = ORIENTED_EDGE('',*,*,#9172,.F.);
#10194 = PLANE('',#10195);
#10195 = AXIS2_PLACEMENT_3D('',#10196,#10197,#10198);
#10196 = CARTESIAN_POINT('',(-7.825,-1.27,-4.95));
#10197 = DIRECTION('',(0.,1.,0.));
#10198 = DIRECTION('',(0.,-0.,1.));
#10199 = ADVANCED_FACE('',(#10200),#10206,.T.);
#10200 = FACE_BOUND('',#10201,.F.);
#10201 = EDGE_LOOP('',(#10202,#10203,#10204,#10205));
#10202 = ORIENTED_EDGE('',*,*,#7484,.T.);
#10203 = ORIENTED_EDGE('',*,*,#8545,.T.);
#10204 = ORIENTED_EDGE('',*,*,#9125,.F.);
#10205 = ORIENTED_EDGE('',*,*,#10030,.F.);
#10206 = PLANE('',#10207);
#10207 = AXIS2_PLACEMENT_3D('',#10208,#10209,#10210);
#10208 = CARTESIAN_POINT('',(-7.825,-1.27,-4.95));
#10209 = DIRECTION('',(0.,1.,0.));
#10210 = DIRECTION('',(0.,-0.,1.));
#10211 = ADVANCED_FACE('',(#10212),#10218,.T.);
#10212 = FACE_BOUND('',#10213,.F.);
#10213 = EDGE_LOOP('',(#10214,#10215,#10216,#10217));
#10214 = ORIENTED_EDGE('',*,*,#9221,.F.);
#10215 = ORIENTED_EDGE('',*,*,#7637,.F.);
#10216 = ORIENTED_EDGE('',*,*,#7285,.T.);
#10217 = ORIENTED_EDGE('',*,*,#8771,.T.);
#10218 = PLANE('',#10219);
#10219 = AXIS2_PLACEMENT_3D('',#10220,#10221,#10222);
#10220 = CARTESIAN_POINT('',(-7.825,-1.27,-4.95));
#10221 = DIRECTION('',(0.,1.,0.));
#10222 = DIRECTION('',(0.,-0.,1.));
#10223 = ADVANCED_FACE('',(#10224),#10235,.T.);
#10224 = FACE_BOUND('',#10225,.F.);
#10225 = EDGE_LOOP('',(#10226,#10232,#10233,#10234));
#10226 = ORIENTED_EDGE('',*,*,#10227,.F.);
#10227 = EDGE_CURVE('',#7302,#9243,#10228,.T.);
#10228 = LINE('',#10229,#10230);
#10229 = CARTESIAN_POINT('',(1.82,-1.27,-4.95));
#10230 = VECTOR('',#10231,1.);
#10231 = DIRECTION('',(0.,0.,1.));
#10232 = ORIENTED_EDGE('',*,*,#7325,.T.);
#10233 = ORIENTED_EDGE('',*,*,#7818,.T.);
#10234 = ORIENTED_EDGE('',*,*,#9252,.F.);
#10235 = PLANE('',#10236);
#10236 = AXIS2_PLACEMENT_3D('',#10237,#10238,#10239);
#10237 = CARTESIAN_POINT('',(-7.825,-1.27,-4.95));
#10238 = DIRECTION('',(0.,1.,0.));
#10239 = DIRECTION('',(0.,-0.,1.));
#10240 = ADVANCED_FACE('',(#10241),#10257,.T.);
#10241 = FACE_BOUND('',#10242,.F.);
#10242 = EDGE_LOOP('',(#10243,#10249,#10250,#10256));
#10243 = ORIENTED_EDGE('',*,*,#10244,.F.);
#10244 = EDGE_CURVE('',#7342,#9298,#10245,.T.);
#10245 = LINE('',#10246,#10247);
#10246 = CARTESIAN_POINT('',(-1.18,-1.27,-4.95));
#10247 = VECTOR('',#10248,1.);
#10248 = DIRECTION('',(0.,0.,1.));
#10249 = ORIENTED_EDGE('',*,*,#7365,.T.);
#10250 = ORIENTED_EDGE('',*,*,#10251,.T.);
#10251 = EDGE_CURVE('',#7358,#9308,#10252,.T.);
#10252 = LINE('',#10253,#10254);
#10253 = CARTESIAN_POINT('',(1.18,-1.27,-4.95));
#10254 = VECTOR('',#10255,1.);
#10255 = DIRECTION('',(0.,0.,1.));
#10256 = ORIENTED_EDGE('',*,*,#9307,.F.);
#10257 = PLANE('',#10258);
#10258 = AXIS2_PLACEMENT_3D('',#10259,#10260,#10261);
#10259 = CARTESIAN_POINT('',(-7.825,-1.27,-4.95));
#10260 = DIRECTION('',(0.,1.,0.));
#10261 = DIRECTION('',(0.,-0.,1.));
#10262 = ADVANCED_FACE('',(#10263),#10269,.T.);
#10263 = FACE_BOUND('',#10264,.F.);
#10264 = EDGE_LOOP('',(#10265,#10266,#10267,#10268));
#10265 = ORIENTED_EDGE('',*,*,#8085,.T.);
#10266 = ORIENTED_EDGE('',*,*,#9376,.F.);
#10267 = ORIENTED_EDGE('',*,*,#8384,.F.);
#10268 = ORIENTED_EDGE('',*,*,#7389,.T.);
#10269 = PLANE('',#10270);
#10270 = AXIS2_PLACEMENT_3D('',#10271,#10272,#10273);
#10271 = CARTESIAN_POINT('',(-7.825,-1.27,-4.95));
#10272 = DIRECTION('',(0.,1.,0.));
#10273 = DIRECTION('',(0.,-0.,1.));
#10274 = ADVANCED_FACE('',(#10275),#10291,.T.);
#10275 = FACE_BOUND('',#10276,.F.);
#10276 = EDGE_LOOP('',(#10277,#10283,#10284,#10290));
#10277 = ORIENTED_EDGE('',*,*,#10278,.F.);
#10278 = EDGE_CURVE('',#7422,#9391,#10279,.T.);
#10279 = LINE('',#10280,#10281);
#10280 = CARTESIAN_POINT('',(-4.18,-1.27,-4.95));
#10281 = VECTOR('',#10282,1.);
#10282 = DIRECTION('',(0.,0.,1.));
#10283 = ORIENTED_EDGE('',*,*,#7445,.T.);
#10284 = ORIENTED_EDGE('',*,*,#10285,.T.);
#10285 = EDGE_CURVE('',#7438,#9401,#10286,.T.);
#10286 = LINE('',#10287,#10288);
#10287 = CARTESIAN_POINT('',(-1.82,-1.27,-4.95));
#10288 = VECTOR('',#10289,1.);
#10289 = DIRECTION('',(0.,0.,1.));
#10290 = ORIENTED_EDGE('',*,*,#9400,.F.);
#10291 = PLANE('',#10292);
#10292 = AXIS2_PLACEMENT_3D('',#10293,#10294,#10295);
#10293 = CARTESIAN_POINT('',(-7.825,-1.27,-4.95));
#10294 = DIRECTION('',(0.,1.,0.));
#10295 = DIRECTION('',(0.,-0.,1.));
#10296 = ADVANCED_FACE('',(#10297),#10326,.F.);
#10297 = FACE_BOUND('',#10298,.F.);
#10298 = EDGE_LOOP('',(#10299,#10309,#10315,#10316,#10317,#10318,#10319,
    #10320));
#10299 = ORIENTED_EDGE('',*,*,#10300,.F.);
#10300 = EDGE_CURVE('',#10301,#10303,#10305,.T.);
#10301 = VERTEX_POINT('',#10302);
#10302 = CARTESIAN_POINT('',(1.82,-1.65,-3.6));
#10303 = VERTEX_POINT('',#10304);
#10304 = CARTESIAN_POINT('',(1.82,-1.65,-4.25));
#10305 = LINE('',#10306,#10307);
#10306 = CARTESIAN_POINT('',(1.82,-1.65,-3.6));
#10307 = VECTOR('',#10308,1.);
#10308 = DIRECTION('',(0.,0.,-1.));
#10309 = ORIENTED_EDGE('',*,*,#10310,.T.);
#10310 = EDGE_CURVE('',#10301,#8316,#10311,.T.);
#10311 = LINE('',#10312,#10313);
#10312 = CARTESIAN_POINT('',(1.82,-1.65,-3.6));
#10313 = VECTOR('',#10314,1.);
#10314 = DIRECTION('',(0.,-1.,0.));
#10315 = ORIENTED_EDGE('',*,*,#8315,.F.);
#10316 = ORIENTED_EDGE('',*,*,#7299,.T.);
#10317 = ORIENTED_EDGE('',*,*,#10227,.T.);
#10318 = ORIENTED_EDGE('',*,*,#9242,.T.);
#10319 = ORIENTED_EDGE('',*,*,#9544,.F.);
#10320 = ORIENTED_EDGE('',*,*,#10321,.F.);
#10321 = EDGE_CURVE('',#10303,#9545,#10322,.T.);
#10322 = LINE('',#10323,#10324);
#10323 = CARTESIAN_POINT('',(1.82,-1.65,-4.25));
#10324 = VECTOR('',#10325,1.);
#10325 = DIRECTION('',(0.,1.,0.));
#10326 = PLANE('',#10327);
#10327 = AXIS2_PLACEMENT_3D('',#10328,#10329,#10330);
#10328 = CARTESIAN_POINT('',(1.82,1.93,-3.6));
#10329 = DIRECTION('',(1.,0.,0.));
#10330 = DIRECTION('',(0.,0.,-1.));
#10331 = ADVANCED_FACE('',(#10332),#10361,.F.);
#10332 = FACE_BOUND('',#10333,.F.);
#10333 = EDGE_LOOP('',(#10334,#10342,#10343,#10344,#10345,#10346,#10347,
    #10355));
#10334 = ORIENTED_EDGE('',*,*,#10335,.F.);
#10335 = EDGE_CURVE('',#9912,#10336,#10338,.T.);
#10336 = VERTEX_POINT('',#10337);
#10337 = CARTESIAN_POINT('',(1.82,1.05,-4.25));
#10338 = LINE('',#10339,#10340);
#10339 = CARTESIAN_POINT('',(1.82,0.875,-4.25));
#10340 = VECTOR('',#10341,1.);
#10341 = DIRECTION('',(0.,1.,0.));
#10342 = ORIENTED_EDGE('',*,*,#9911,.T.);
#10343 = ORIENTED_EDGE('',*,*,#9274,.T.);
#10344 = ORIENTED_EDGE('',*,*,#9006,.T.);
#10345 = ORIENTED_EDGE('',*,*,#8845,.T.);
#10346 = ORIENTED_EDGE('',*,*,#7928,.T.);
#10347 = ORIENTED_EDGE('',*,*,#10348,.T.);
#10348 = EDGE_CURVE('',#7921,#10349,#10351,.T.);
#10349 = VERTEX_POINT('',#10350);
#10350 = CARTESIAN_POINT('',(1.82,1.05,-3.6));
#10351 = LINE('',#10352,#10353);
#10352 = CARTESIAN_POINT('',(1.82,1.93,-3.6));
#10353 = VECTOR('',#10354,1.);
#10354 = DIRECTION('',(0.,-1.,0.));
#10355 = ORIENTED_EDGE('',*,*,#10356,.T.);
#10356 = EDGE_CURVE('',#10349,#10336,#10357,.T.);
#10357 = LINE('',#10358,#10359);
#10358 = CARTESIAN_POINT('',(1.82,1.05,-3.6));
#10359 = VECTOR('',#10360,1.);
#10360 = DIRECTION('',(0.,0.,-1.));
#10361 = PLANE('',#10362);
#10362 = AXIS2_PLACEMENT_3D('',#10363,#10364,#10365);
#10363 = CARTESIAN_POINT('',(1.82,1.93,-3.6));
#10364 = DIRECTION('',(1.,0.,0.));
#10365 = DIRECTION('',(0.,0.,-1.));
#10366 = ADVANCED_FACE('',(#10367),#10392,.T.);
#10367 = FACE_BOUND('',#10368,.F.);
#10368 = EDGE_LOOP('',(#10369,#10379,#10385,#10386));
#10369 = ORIENTED_EDGE('',*,*,#10370,.F.);
#10370 = EDGE_CURVE('',#10371,#10373,#10375,.T.);
#10371 = VERTEX_POINT('',#10372);
#10372 = CARTESIAN_POINT('',(1.18,-1.65,-3.6));
#10373 = VERTEX_POINT('',#10374);
#10374 = CARTESIAN_POINT('',(1.18,-1.65,-4.25));
#10375 = LINE('',#10376,#10377);
#10376 = CARTESIAN_POINT('',(1.18,-1.65,-3.6));
#10377 = VECTOR('',#10378,1.);
#10378 = DIRECTION('',(0.,0.,-1.));
#10379 = ORIENTED_EDGE('',*,*,#10380,.T.);
#10380 = EDGE_CURVE('',#10371,#10301,#10381,.T.);
#10381 = LINE('',#10382,#10383);
#10382 = CARTESIAN_POINT('',(1.18,-1.65,-3.6));
#10383 = VECTOR('',#10384,1.);
#10384 = DIRECTION('',(1.,0.,0.));
#10385 = ORIENTED_EDGE('',*,*,#10300,.T.);
#10386 = ORIENTED_EDGE('',*,*,#10387,.T.);
#10387 = EDGE_CURVE('',#10303,#10373,#10388,.T.);
#10388 = LINE('',#10389,#10390);
#10389 = CARTESIAN_POINT('',(1.82,-1.65,-4.25));
#10390 = VECTOR('',#10391,1.);
#10391 = DIRECTION('',(-1.,0.,0.));
#10392 = PLANE('',#10393);
#10393 = AXIS2_PLACEMENT_3D('',#10394,#10395,#10396);
#10394 = CARTESIAN_POINT('',(1.82,-1.65,-3.6));
#10395 = DIRECTION('',(0.,-1.,0.));
#10396 = DIRECTION('',(0.,0.,-1.));
#10397 = ADVANCED_FACE('',(#10398),#10418,.F.);
#10398 = FACE_BOUND('',#10399,.F.);
#10399 = EDGE_LOOP('',(#10400,#10401,#10407,#10408,#10409,#10410,#10411,
    #10412));
#10400 = ORIENTED_EDGE('',*,*,#10370,.T.);
#10401 = ORIENTED_EDGE('',*,*,#10402,.T.);
#10402 = EDGE_CURVE('',#10373,#9594,#10403,.T.);
#10403 = LINE('',#10404,#10405);
#10404 = CARTESIAN_POINT('',(1.18,-1.65,-4.25));
#10405 = VECTOR('',#10406,1.);
#10406 = DIRECTION('',(0.,1.,0.));
#10407 = ORIENTED_EDGE('',*,*,#9593,.T.);
#10408 = ORIENTED_EDGE('',*,*,#9315,.F.);
#10409 = ORIENTED_EDGE('',*,*,#10251,.F.);
#10410 = ORIENTED_EDGE('',*,*,#7357,.F.);
#10411 = ORIENTED_EDGE('',*,*,#8331,.T.);
#10412 = ORIENTED_EDGE('',*,*,#10413,.F.);
#10413 = EDGE_CURVE('',#10371,#8324,#10414,.T.);
#10414 = LINE('',#10415,#10416);
#10415 = CARTESIAN_POINT('',(1.18,-1.65,-3.6));
#10416 = VECTOR('',#10417,1.);
#10417 = DIRECTION('',(0.,-1.,0.));
#10418 = PLANE('',#10419);
#10419 = AXIS2_PLACEMENT_3D('',#10420,#10421,#10422);
#10420 = CARTESIAN_POINT('',(1.18,1.93,-4.95));
#10421 = DIRECTION('',(-1.,0.,0.));
#10422 = DIRECTION('',(0.,0.,1.));
#10423 = ADVANCED_FACE('',(#10424),#10453,.F.);
#10424 = FACE_BOUND('',#10425,.F.);
#10425 = EDGE_LOOP('',(#10426,#10434,#10442,#10448,#10449,#10450,#10451,
    #10452));
#10426 = ORIENTED_EDGE('',*,*,#10427,.T.);
#10427 = EDGE_CURVE('',#9935,#10428,#10430,.T.);
#10428 = VERTEX_POINT('',#10429);
#10429 = CARTESIAN_POINT('',(1.18,1.05,-4.25));
#10430 = LINE('',#10431,#10432);
#10431 = CARTESIAN_POINT('',(1.18,0.875,-4.25));
#10432 = VECTOR('',#10433,1.);
#10433 = DIRECTION('',(-1.522591576629E-14,1.,0.));
#10434 = ORIENTED_EDGE('',*,*,#10435,.F.);
#10435 = EDGE_CURVE('',#10436,#10428,#10438,.T.);
#10436 = VERTEX_POINT('',#10437);
#10437 = CARTESIAN_POINT('',(1.18,1.05,-3.6));
#10438 = LINE('',#10439,#10440);
#10439 = CARTESIAN_POINT('',(1.18,1.05,-3.6));
#10440 = VECTOR('',#10441,1.);
#10441 = DIRECTION('',(0.,0.,-1.));
#10442 = ORIENTED_EDGE('',*,*,#10443,.F.);
#10443 = EDGE_CURVE('',#7913,#10436,#10444,.T.);
#10444 = LINE('',#10445,#10446);
#10445 = CARTESIAN_POINT('',(1.18,1.93,-3.6));
#10446 = VECTOR('',#10447,1.);
#10447 = DIRECTION('',(0.,-1.,0.));
#10448 = ORIENTED_EDGE('',*,*,#7912,.F.);
#10449 = ORIENTED_EDGE('',*,*,#8885,.F.);
#10450 = ORIENTED_EDGE('',*,*,#9046,.F.);
#10451 = ORIENTED_EDGE('',*,*,#9354,.F.);
#10452 = ORIENTED_EDGE('',*,*,#9942,.F.);
#10453 = PLANE('',#10454);
#10454 = AXIS2_PLACEMENT_3D('',#10455,#10456,#10457);
#10455 = CARTESIAN_POINT('',(1.18,1.93,-4.95));
#10456 = DIRECTION('',(-1.,0.,0.));
#10457 = DIRECTION('',(0.,0.,1.));
#10458 = ADVANCED_FACE('',(#10459),#10486,.T.);
#10459 = FACE_BOUND('',#10460,.F.);
#10460 = EDGE_LOOP('',(#10461,#10462,#10463,#10464,#10472,#10480));
#10461 = ORIENTED_EDGE('',*,*,#10402,.F.);
#10462 = ORIENTED_EDGE('',*,*,#10387,.F.);
#10463 = ORIENTED_EDGE('',*,*,#10321,.T.);
#10464 = ORIENTED_EDGE('',*,*,#10465,.T.);
#10465 = EDGE_CURVE('',#9545,#10466,#10468,.T.);
#10466 = VERTEX_POINT('',#10467);
#10467 = CARTESIAN_POINT('',(1.82,-0.32,-4.25));
#10468 = LINE('',#10469,#10470);
#10469 = CARTESIAN_POINT('',(1.82,-0.875,-4.25));
#10470 = VECTOR('',#10471,1.);
#10471 = DIRECTION('',(0.,1.,0.));
#10472 = ORIENTED_EDGE('',*,*,#10473,.T.);
#10473 = EDGE_CURVE('',#10466,#10474,#10476,.T.);
#10474 = VERTEX_POINT('',#10475);
#10475 = CARTESIAN_POINT('',(1.18,-0.32,-4.25));
#10476 = LINE('',#10477,#10478);
#10477 = CARTESIAN_POINT('',(1.82,-0.32,-4.25));
#10478 = VECTOR('',#10479,1.);
#10479 = DIRECTION('',(-1.,0.,0.));
#10480 = ORIENTED_EDGE('',*,*,#10481,.F.);
#10481 = EDGE_CURVE('',#9594,#10474,#10482,.T.);
#10482 = LINE('',#10483,#10484);
#10483 = CARTESIAN_POINT('',(1.18,-0.875,-4.25));
#10484 = VECTOR('',#10485,1.);
#10485 = DIRECTION('',(0.,1.,0.));
#10486 = PLANE('',#10487);
#10487 = AXIS2_PLACEMENT_3D('',#10488,#10489,#10490);
#10488 = CARTESIAN_POINT('',(1.82,-1.65,-4.25));
#10489 = DIRECTION('',(0.,0.,-1.));
#10490 = DIRECTION('',(0.,1.,0.));
#10491 = ADVANCED_FACE('',(#10492),#10517,.T.);
#10492 = FACE_BOUND('',#10493,.F.);
#10493 = EDGE_LOOP('',(#10494,#10504,#10510,#10511));
#10494 = ORIENTED_EDGE('',*,*,#10495,.F.);
#10495 = EDGE_CURVE('',#10496,#10498,#10500,.T.);
#10496 = VERTEX_POINT('',#10497);
#10497 = CARTESIAN_POINT('',(1.82,0.32,1.95));
#10498 = VERTEX_POINT('',#10499);
#10499 = CARTESIAN_POINT('',(1.82,-0.32,1.95));
#10500 = LINE('',#10501,#10502);
#10501 = CARTESIAN_POINT('',(1.82,0.32,1.95));
#10502 = VECTOR('',#10503,1.);
#10503 = DIRECTION('',(0.,-1.,0.));
#10504 = ORIENTED_EDGE('',*,*,#10505,.F.);
#10505 = EDGE_CURVE('',#6090,#10496,#10506,.T.);
#10506 = LINE('',#10507,#10508);
#10507 = CARTESIAN_POINT('',(1.82,0.32,-1.65));
#10508 = VECTOR('',#10509,1.);
#10509 = DIRECTION('',(0.,0.,1.));
#10510 = ORIENTED_EDGE('',*,*,#6087,.F.);
#10511 = ORIENTED_EDGE('',*,*,#10512,.F.);
#10512 = EDGE_CURVE('',#10498,#6088,#10513,.T.);
#10513 = LINE('',#10514,#10515);
#10514 = CARTESIAN_POINT('',(1.82,-0.32,1.95));
#10515 = VECTOR('',#10516,1.);
#10516 = DIRECTION('',(0.,0.,-1.));
#10517 = PLANE('',#10518);
#10518 = AXIS2_PLACEMENT_3D('',#10519,#10520,#10521);
#10519 = CARTESIAN_POINT('',(1.82,0.,0.));
#10520 = DIRECTION('',(1.,0.,0.));
#10521 = DIRECTION('',(0.,0.,-1.));
#10522 = ADVANCED_FACE('',(#10523),#10559,.T.);
#10523 = FACE_BOUND('',#10524,.F.);
#10524 = EDGE_LOOP('',(#10525,#10535,#10541,#10542,#10543,#10544,#10545,
    #10553));
#10525 = ORIENTED_EDGE('',*,*,#10526,.F.);
#10526 = EDGE_CURVE('',#10527,#10529,#10531,.T.);
#10527 = VERTEX_POINT('',#10528);
#10528 = CARTESIAN_POINT('',(1.82,-0.32,-7.53));
#10529 = VERTEX_POINT('',#10530);
#10530 = CARTESIAN_POINT('',(1.82,0.32,-7.53));
#10531 = LINE('',#10532,#10533);
#10532 = CARTESIAN_POINT('',(1.82,-0.32,-7.53));
#10533 = VECTOR('',#10534,1.);
#10534 = DIRECTION('',(0.,1.,0.));
#10535 = ORIENTED_EDGE('',*,*,#10536,.F.);
#10536 = EDGE_CURVE('',#10466,#10527,#10537,.T.);
#10537 = LINE('',#10538,#10539);
#10538 = CARTESIAN_POINT('',(1.82,-0.32,-4.25));
#10539 = VECTOR('',#10540,1.);
#10540 = DIRECTION('',(0.,0.,-1.));
#10541 = ORIENTED_EDGE('',*,*,#10465,.F.);
#10542 = ORIENTED_EDGE('',*,*,#9570,.F.);
#10543 = ORIENTED_EDGE('',*,*,#9769,.F.);
#10544 = ORIENTED_EDGE('',*,*,#9919,.T.);
#10545 = ORIENTED_EDGE('',*,*,#10546,.F.);
#10546 = EDGE_CURVE('',#10547,#9912,#10549,.T.);
#10547 = VERTEX_POINT('',#10548);
#10548 = CARTESIAN_POINT('',(1.82,0.32,-4.25));
#10549 = LINE('',#10550,#10551);
#10550 = CARTESIAN_POINT('',(1.82,0.32,-4.25));
#10551 = VECTOR('',#10552,1.);
#10552 = DIRECTION('',(0.,1.,0.));
#10553 = ORIENTED_EDGE('',*,*,#10554,.F.);
#10554 = EDGE_CURVE('',#10529,#10547,#10555,.T.);
#10555 = LINE('',#10556,#10557);
#10556 = CARTESIAN_POINT('',(1.82,0.32,-7.53));
#10557 = VECTOR('',#10558,1.);
#10558 = DIRECTION('',(0.,0.,1.));
#10559 = PLANE('',#10560);
#10560 = AXIS2_PLACEMENT_3D('',#10561,#10562,#10563);
#10561 = CARTESIAN_POINT('',(1.82,0.,0.));
#10562 = DIRECTION('',(1.,0.,0.));
#10563 = DIRECTION('',(0.,0.,-1.));
#10564 = ADVANCED_FACE('',(#10565),#10590,.T.);
#10565 = FACE_BOUND('',#10566,.F.);
#10566 = EDGE_LOOP('',(#10567,#10577,#10583,#10584));
#10567 = ORIENTED_EDGE('',*,*,#10568,.F.);
#10568 = EDGE_CURVE('',#10569,#10571,#10573,.T.);
#10569 = VERTEX_POINT('',#10570);
#10570 = CARTESIAN_POINT('',(1.62,0.12,2.55));
#10571 = VERTEX_POINT('',#10572);
#10572 = CARTESIAN_POINT('',(1.62,-0.12,2.55));
#10573 = LINE('',#10574,#10575);
#10574 = CARTESIAN_POINT('',(1.62,0.12,2.55));
#10575 = VECTOR('',#10576,1.);
#10576 = DIRECTION('',(0.,-1.,0.));
#10577 = ORIENTED_EDGE('',*,*,#10578,.T.);
#10578 = EDGE_CURVE('',#10569,#10496,#10579,.T.);
#10579 = LINE('',#10580,#10581);
#10580 = CARTESIAN_POINT('',(1.62,0.12,2.55));
#10581 = VECTOR('',#10582,1.);
#10582 = DIRECTION('',(0.301511344578,0.301511344578,-0.904534033733));
#10583 = ORIENTED_EDGE('',*,*,#10495,.T.);
#10584 = ORIENTED_EDGE('',*,*,#10585,.T.);
#10585 = EDGE_CURVE('',#10498,#10571,#10586,.T.);
#10586 = LINE('',#10587,#10588);
#10587 = CARTESIAN_POINT('',(1.82,-0.32,1.95));
#10588 = VECTOR('',#10589,1.);
#10589 = DIRECTION('',(-0.301511344578,0.301511344578,0.904534033733));
#10590 = PLANE('',#10591);
#10591 = AXIS2_PLACEMENT_3D('',#10592,#10593,#10594);
#10592 = CARTESIAN_POINT('',(1.72,0.,2.25));
#10593 = DIRECTION('',(0.948683298051,0.,0.316227766017));
#10594 = DIRECTION('',(-0.316227766017,0.,0.948683298051));
#10595 = ADVANCED_FACE('',(#10596),#10621,.T.);
#10596 = FACE_BOUND('',#10597,.F.);
#10597 = EDGE_LOOP('',(#10598,#10606,#10614,#10620));
#10598 = ORIENTED_EDGE('',*,*,#10599,.T.);
#10599 = EDGE_CURVE('',#10571,#10600,#10602,.T.);
#10600 = VERTEX_POINT('',#10601);
#10601 = CARTESIAN_POINT('',(1.38,-0.12,2.55));
#10602 = LINE('',#10603,#10604);
#10603 = CARTESIAN_POINT('',(1.62,-0.12,2.55));
#10604 = VECTOR('',#10605,1.);
#10605 = DIRECTION('',(-1.,0.,0.));
#10606 = ORIENTED_EDGE('',*,*,#10607,.T.);
#10607 = EDGE_CURVE('',#10600,#10608,#10610,.T.);
#10608 = VERTEX_POINT('',#10609);
#10609 = CARTESIAN_POINT('',(1.38,0.12,2.55));
#10610 = LINE('',#10611,#10612);
#10611 = CARTESIAN_POINT('',(1.38,-0.12,2.55));
#10612 = VECTOR('',#10613,1.);
#10613 = DIRECTION('',(0.,1.,0.));
#10614 = ORIENTED_EDGE('',*,*,#10615,.F.);
#10615 = EDGE_CURVE('',#10569,#10608,#10616,.T.);
#10616 = LINE('',#10617,#10618);
#10617 = CARTESIAN_POINT('',(1.62,0.12,2.55));
#10618 = VECTOR('',#10619,1.);
#10619 = DIRECTION('',(-1.,0.,0.));
#10620 = ORIENTED_EDGE('',*,*,#10568,.T.);
#10621 = PLANE('',#10622);
#10622 = AXIS2_PLACEMENT_3D('',#10623,#10624,#10625);
#10623 = CARTESIAN_POINT('',(1.82,0.32,2.55));
#10624 = DIRECTION('',(0.,0.,1.));
#10625 = DIRECTION('',(0.,-1.,0.));
#10626 = ADVANCED_FACE('',(#10627),#10645,.T.);
#10627 = FACE_BOUND('',#10628,.F.);
#10628 = EDGE_LOOP('',(#10629,#10630,#10631,#10639));
#10629 = ORIENTED_EDGE('',*,*,#10599,.F.);
#10630 = ORIENTED_EDGE('',*,*,#10585,.F.);
#10631 = ORIENTED_EDGE('',*,*,#10632,.T.);
#10632 = EDGE_CURVE('',#10498,#10633,#10635,.T.);
#10633 = VERTEX_POINT('',#10634);
#10634 = CARTESIAN_POINT('',(1.18,-0.32,1.95));
#10635 = LINE('',#10636,#10637);
#10636 = CARTESIAN_POINT('',(1.82,-0.32,1.95));
#10637 = VECTOR('',#10638,1.);
#10638 = DIRECTION('',(-1.,0.,0.));
#10639 = ORIENTED_EDGE('',*,*,#10640,.F.);
#10640 = EDGE_CURVE('',#10600,#10633,#10641,.T.);
#10641 = LINE('',#10642,#10643);
#10642 = CARTESIAN_POINT('',(1.38,-0.12,2.55));
#10643 = VECTOR('',#10644,1.);
#10644 = DIRECTION('',(-0.301511344578,-0.301511344578,-0.904534033733)
  );
#10645 = PLANE('',#10646);
#10646 = AXIS2_PLACEMENT_3D('',#10647,#10648,#10649);
#10647 = CARTESIAN_POINT('',(1.5,-0.22,2.25));
#10648 = DIRECTION('',(0.,-0.948683298051,0.316227766017));
#10649 = DIRECTION('',(0.,0.316227766017,0.948683298051));
#10650 = ADVANCED_FACE('',(#10651),#10662,.T.);
#10651 = FACE_BOUND('',#10652,.F.);
#10652 = EDGE_LOOP('',(#10653,#10654,#10655,#10656));
#10653 = ORIENTED_EDGE('',*,*,#10632,.F.);
#10654 = ORIENTED_EDGE('',*,*,#10512,.T.);
#10655 = ORIENTED_EDGE('',*,*,#6113,.F.);
#10656 = ORIENTED_EDGE('',*,*,#10657,.F.);
#10657 = EDGE_CURVE('',#10633,#6106,#10658,.T.);
#10658 = LINE('',#10659,#10660);
#10659 = CARTESIAN_POINT('',(1.18,-0.32,1.95));
#10660 = VECTOR('',#10661,1.);
#10661 = DIRECTION('',(0.,0.,-1.));
#10662 = PLANE('',#10663);
#10663 = AXIS2_PLACEMENT_3D('',#10664,#10665,#10666);
#10664 = CARTESIAN_POINT('',(1.82,-0.32,2.55));
#10665 = DIRECTION('',(0.,-1.,0.));
#10666 = DIRECTION('',(0.,0.,-1.));
#10667 = ADVANCED_FACE('',(#10668),#10686,.F.);
#10668 = FACE_BOUND('',#10669,.F.);
#10669 = EDGE_LOOP('',(#10670,#10678,#10679,#10680));
#10670 = ORIENTED_EDGE('',*,*,#10671,.F.);
#10671 = EDGE_CURVE('',#10633,#10672,#10674,.T.);
#10672 = VERTEX_POINT('',#10673);
#10673 = CARTESIAN_POINT('',(1.18,0.32,1.95));
#10674 = LINE('',#10675,#10676);
#10675 = CARTESIAN_POINT('',(1.18,-0.32,1.95));
#10676 = VECTOR('',#10677,1.);
#10677 = DIRECTION('',(0.,1.,0.));
#10678 = ORIENTED_EDGE('',*,*,#10657,.T.);
#10679 = ORIENTED_EDGE('',*,*,#6105,.T.);
#10680 = ORIENTED_EDGE('',*,*,#10681,.T.);
#10681 = EDGE_CURVE('',#6098,#10672,#10682,.T.);
#10682 = LINE('',#10683,#10684);
#10683 = CARTESIAN_POINT('',(1.18,0.32,-1.65));
#10684 = VECTOR('',#10685,1.);
#10685 = DIRECTION('',(0.,0.,1.));
#10686 = PLANE('',#10687);
#10687 = AXIS2_PLACEMENT_3D('',#10688,#10689,#10690);
#10688 = CARTESIAN_POINT('',(1.18,0.,0.));
#10689 = DIRECTION('',(1.,0.,0.));
#10690 = DIRECTION('',(0.,0.,-1.));
#10691 = ADVANCED_FACE('',(#10692),#10728,.F.);
#10692 = FACE_BOUND('',#10693,.F.);
#10693 = EDGE_LOOP('',(#10694,#10704,#10712,#10718,#10719,#10720,#10721,
    #10722));
#10694 = ORIENTED_EDGE('',*,*,#10695,.F.);
#10695 = EDGE_CURVE('',#10696,#10698,#10700,.T.);
#10696 = VERTEX_POINT('',#10697);
#10697 = CARTESIAN_POINT('',(1.18,0.32,-7.53));
#10698 = VERTEX_POINT('',#10699);
#10699 = CARTESIAN_POINT('',(1.18,-0.32,-7.53));
#10700 = LINE('',#10701,#10702);
#10701 = CARTESIAN_POINT('',(1.18,0.32,-7.53));
#10702 = VECTOR('',#10703,1.);
#10703 = DIRECTION('',(0.,-1.,0.));
#10704 = ORIENTED_EDGE('',*,*,#10705,.T.);
#10705 = EDGE_CURVE('',#10696,#10706,#10708,.T.);
#10706 = VERTEX_POINT('',#10707);
#10707 = CARTESIAN_POINT('',(1.18,0.32,-4.25));
#10708 = LINE('',#10709,#10710);
#10709 = CARTESIAN_POINT('',(1.18,0.32,-7.53));
#10710 = VECTOR('',#10711,1.);
#10711 = DIRECTION('',(0.,0.,1.));
#10712 = ORIENTED_EDGE('',*,*,#10713,.T.);
#10713 = EDGE_CURVE('',#10706,#9935,#10714,.T.);
#10714 = LINE('',#10715,#10716);
#10715 = CARTESIAN_POINT('',(1.18,0.32,-4.25));
#10716 = VECTOR('',#10717,1.);
#10717 = DIRECTION('',(0.,1.,0.));
#10718 = ORIENTED_EDGE('',*,*,#9934,.F.);
#10719 = ORIENTED_EDGE('',*,*,#9784,.T.);
#10720 = ORIENTED_EDGE('',*,*,#9601,.T.);
#10721 = ORIENTED_EDGE('',*,*,#10481,.T.);
#10722 = ORIENTED_EDGE('',*,*,#10723,.T.);
#10723 = EDGE_CURVE('',#10474,#10698,#10724,.T.);
#10724 = LINE('',#10725,#10726);
#10725 = CARTESIAN_POINT('',(1.18,-0.32,-4.25));
#10726 = VECTOR('',#10727,1.);
#10727 = DIRECTION('',(0.,0.,-1.));
#10728 = PLANE('',#10729);
#10729 = AXIS2_PLACEMENT_3D('',#10730,#10731,#10732);
#10730 = CARTESIAN_POINT('',(1.18,0.,0.));
#10731 = DIRECTION('',(1.,0.,0.));
#10732 = DIRECTION('',(0.,0.,-1.));
#10733 = ADVANCED_FACE('',(#10734),#10745,.T.);
#10734 = FACE_BOUND('',#10735,.F.);
#10735 = EDGE_LOOP('',(#10736,#10737,#10743,#10744));
#10736 = ORIENTED_EDGE('',*,*,#10671,.T.);
#10737 = ORIENTED_EDGE('',*,*,#10738,.F.);
#10738 = EDGE_CURVE('',#10608,#10672,#10739,.T.);
#10739 = LINE('',#10740,#10741);
#10740 = CARTESIAN_POINT('',(1.38,0.12,2.55));
#10741 = VECTOR('',#10742,1.);
#10742 = DIRECTION('',(-0.301511344578,0.301511344578,-0.904534033733));
#10743 = ORIENTED_EDGE('',*,*,#10607,.F.);
#10744 = ORIENTED_EDGE('',*,*,#10640,.T.);
#10745 = PLANE('',#10746);
#10746 = AXIS2_PLACEMENT_3D('',#10747,#10748,#10749);
#10747 = CARTESIAN_POINT('',(1.28,0.,2.25));
#10748 = DIRECTION('',(-0.948683298051,0.,0.316227766017));
#10749 = DIRECTION('',(0.316227766017,0.,0.948683298051));
#10750 = ADVANCED_FACE('',(#10751),#10762,.T.);
#10751 = FACE_BOUND('',#10752,.F.);
#10752 = EDGE_LOOP('',(#10753,#10759,#10760,#10761));
#10753 = ORIENTED_EDGE('',*,*,#10754,.F.);
#10754 = EDGE_CURVE('',#10496,#10672,#10755,.T.);
#10755 = LINE('',#10756,#10757);
#10756 = CARTESIAN_POINT('',(1.82,0.32,1.95));
#10757 = VECTOR('',#10758,1.);
#10758 = DIRECTION('',(-1.,0.,0.));
#10759 = ORIENTED_EDGE('',*,*,#10578,.F.);
#10760 = ORIENTED_EDGE('',*,*,#10615,.T.);
#10761 = ORIENTED_EDGE('',*,*,#10738,.T.);
#10762 = PLANE('',#10763);
#10763 = AXIS2_PLACEMENT_3D('',#10764,#10765,#10766);
#10764 = CARTESIAN_POINT('',(1.5,0.22,2.25));
#10765 = DIRECTION('',(0.,0.948683298051,0.316227766017));
#10766 = DIRECTION('',(0.,0.316227766017,-0.948683298051));
#10767 = ADVANCED_FACE('',(#10768),#10774,.T.);
#10768 = FACE_BOUND('',#10769,.F.);
#10769 = EDGE_LOOP('',(#10770,#10771,#10772,#10773));
#10770 = ORIENTED_EDGE('',*,*,#10754,.T.);
#10771 = ORIENTED_EDGE('',*,*,#10681,.F.);
#10772 = ORIENTED_EDGE('',*,*,#6097,.T.);
#10773 = ORIENTED_EDGE('',*,*,#10505,.T.);
#10774 = PLANE('',#10775);
#10775 = AXIS2_PLACEMENT_3D('',#10776,#10777,#10778);
#10776 = CARTESIAN_POINT('',(1.82,0.32,-2.4));
#10777 = DIRECTION('',(0.,1.,0.));
#10778 = DIRECTION('',(0.,-0.,1.));
#10779 = ADVANCED_FACE('',(#10780),#10805,.T.);
#10780 = FACE_BOUND('',#10781,.F.);
#10781 = EDGE_LOOP('',(#10782,#10783,#10791,#10799));
#10782 = ORIENTED_EDGE('',*,*,#10695,.T.);
#10783 = ORIENTED_EDGE('',*,*,#10784,.F.);
#10784 = EDGE_CURVE('',#10785,#10698,#10787,.T.);
#10785 = VERTEX_POINT('',#10786);
#10786 = CARTESIAN_POINT('',(1.38,-0.12,-8.13));
#10787 = LINE('',#10788,#10789);
#10788 = CARTESIAN_POINT('',(1.38,-0.12,-8.13));
#10789 = VECTOR('',#10790,1.);
#10790 = DIRECTION('',(-0.301511344578,-0.301511344578,0.904534033733));
#10791 = ORIENTED_EDGE('',*,*,#10792,.F.);
#10792 = EDGE_CURVE('',#10793,#10785,#10795,.T.);
#10793 = VERTEX_POINT('',#10794);
#10794 = CARTESIAN_POINT('',(1.38,0.12,-8.13));
#10795 = LINE('',#10796,#10797);
#10796 = CARTESIAN_POINT('',(1.38,0.12,-8.13));
#10797 = VECTOR('',#10798,1.);
#10798 = DIRECTION('',(0.,-1.,0.));
#10799 = ORIENTED_EDGE('',*,*,#10800,.T.);
#10800 = EDGE_CURVE('',#10793,#10696,#10801,.T.);
#10801 = LINE('',#10802,#10803);
#10802 = CARTESIAN_POINT('',(1.38,0.12,-8.13));
#10803 = VECTOR('',#10804,1.);
#10804 = DIRECTION('',(-0.301511344578,0.301511344578,0.904534033733));
#10805 = PLANE('',#10806);
#10806 = AXIS2_PLACEMENT_3D('',#10807,#10808,#10809);
#10807 = CARTESIAN_POINT('',(1.28,0.,-7.83));
#10808 = DIRECTION('',(-0.948683298051,0.,-0.316227766017));
#10809 = DIRECTION('',(0.316227766017,0.,-0.948683298051));
#10810 = ADVANCED_FACE('',(#10811),#10834,.T.);
#10811 = FACE_BOUND('',#10812,.F.);
#10812 = EDGE_LOOP('',(#10813,#10819,#10827,#10833));
#10813 = ORIENTED_EDGE('',*,*,#10814,.F.);
#10814 = EDGE_CURVE('',#10527,#10698,#10815,.T.);
#10815 = LINE('',#10816,#10817);
#10816 = CARTESIAN_POINT('',(1.82,-0.32,-7.53));
#10817 = VECTOR('',#10818,1.);
#10818 = DIRECTION('',(-1.,0.,0.));
#10819 = ORIENTED_EDGE('',*,*,#10820,.F.);
#10820 = EDGE_CURVE('',#10821,#10527,#10823,.T.);
#10821 = VERTEX_POINT('',#10822);
#10822 = CARTESIAN_POINT('',(1.62,-0.12,-8.13));
#10823 = LINE('',#10824,#10825);
#10824 = CARTESIAN_POINT('',(1.62,-0.12,-8.13));
#10825 = VECTOR('',#10826,1.);
#10826 = DIRECTION('',(0.301511344578,-0.301511344578,0.904534033733));
#10827 = ORIENTED_EDGE('',*,*,#10828,.T.);
#10828 = EDGE_CURVE('',#10821,#10785,#10829,.T.);
#10829 = LINE('',#10830,#10831);
#10830 = CARTESIAN_POINT('',(1.62,-0.12,-8.13));
#10831 = VECTOR('',#10832,1.);
#10832 = DIRECTION('',(-1.,0.,0.));
#10833 = ORIENTED_EDGE('',*,*,#10784,.T.);
#10834 = PLANE('',#10835);
#10835 = AXIS2_PLACEMENT_3D('',#10836,#10837,#10838);
#10836 = CARTESIAN_POINT('',(1.5,-0.22,-7.83));
#10837 = DIRECTION('',(0.,-0.948683298051,-0.316227766017));
#10838 = DIRECTION('',(0.,-0.316227766017,0.948683298051));
#10839 = ADVANCED_FACE('',(#10840),#10846,.T.);
#10840 = FACE_BOUND('',#10841,.F.);
#10841 = EDGE_LOOP('',(#10842,#10843,#10844,#10845));
#10842 = ORIENTED_EDGE('',*,*,#10814,.T.);
#10843 = ORIENTED_EDGE('',*,*,#10723,.F.);
#10844 = ORIENTED_EDGE('',*,*,#10473,.F.);
#10845 = ORIENTED_EDGE('',*,*,#10536,.T.);
#10846 = PLANE('',#10847);
#10847 = AXIS2_PLACEMENT_3D('',#10848,#10849,#10850);
#10848 = CARTESIAN_POINT('',(1.82,-0.32,-4.25));
#10849 = DIRECTION('',(0.,-1.,0.));
#10850 = DIRECTION('',(0.,0.,-1.));
#10851 = ADVANCED_FACE('',(#10852),#10870,.T.);
#10852 = FACE_BOUND('',#10853,.F.);
#10853 = EDGE_LOOP('',(#10854,#10862,#10863,#10864));
#10854 = ORIENTED_EDGE('',*,*,#10855,.F.);
#10855 = EDGE_CURVE('',#10821,#10856,#10858,.T.);
#10856 = VERTEX_POINT('',#10857);
#10857 = CARTESIAN_POINT('',(1.62,0.12,-8.13));
#10858 = LINE('',#10859,#10860);
#10859 = CARTESIAN_POINT('',(1.62,-0.12,-8.13));
#10860 = VECTOR('',#10861,1.);
#10861 = DIRECTION('',(0.,1.,0.));
#10862 = ORIENTED_EDGE('',*,*,#10820,.T.);
#10863 = ORIENTED_EDGE('',*,*,#10526,.T.);
#10864 = ORIENTED_EDGE('',*,*,#10865,.T.);
#10865 = EDGE_CURVE('',#10529,#10856,#10866,.T.);
#10866 = LINE('',#10867,#10868);
#10867 = CARTESIAN_POINT('',(1.82,0.32,-7.53));
#10868 = VECTOR('',#10869,1.);
#10869 = DIRECTION('',(-0.301511344578,-0.301511344578,-0.904534033733)
  );
#10870 = PLANE('',#10871);
#10871 = AXIS2_PLACEMENT_3D('',#10872,#10873,#10874);
#10872 = CARTESIAN_POINT('',(1.72,0.,-7.83));
#10873 = DIRECTION('',(0.948683298051,0.,-0.316227766017));
#10874 = DIRECTION('',(-0.316227766017,0.,-0.948683298051));
#10875 = ADVANCED_FACE('',(#10876),#10887,.T.);
#10876 = FACE_BOUND('',#10877,.F.);
#10877 = EDGE_LOOP('',(#10878,#10884,#10885,#10886));
#10878 = ORIENTED_EDGE('',*,*,#10879,.T.);
#10879 = EDGE_CURVE('',#10856,#10793,#10880,.T.);
#10880 = LINE('',#10881,#10882);
#10881 = CARTESIAN_POINT('',(1.62,0.12,-8.13));
#10882 = VECTOR('',#10883,1.);
#10883 = DIRECTION('',(-1.,0.,0.));
#10884 = ORIENTED_EDGE('',*,*,#10792,.T.);
#10885 = ORIENTED_EDGE('',*,*,#10828,.F.);
#10886 = ORIENTED_EDGE('',*,*,#10855,.T.);
#10887 = PLANE('',#10888);
#10888 = AXIS2_PLACEMENT_3D('',#10889,#10890,#10891);
#10889 = CARTESIAN_POINT('',(1.82,-0.32,-8.13));
#10890 = DIRECTION('',(0.,0.,-1.));
#10891 = DIRECTION('',(0.,1.,0.));
#10892 = ADVANCED_FACE('',(#10893),#10904,.T.);
#10893 = FACE_BOUND('',#10894,.F.);
#10894 = EDGE_LOOP('',(#10895,#10896,#10897,#10903));
#10895 = ORIENTED_EDGE('',*,*,#10879,.F.);
#10896 = ORIENTED_EDGE('',*,*,#10865,.F.);
#10897 = ORIENTED_EDGE('',*,*,#10898,.T.);
#10898 = EDGE_CURVE('',#10529,#10696,#10899,.T.);
#10899 = LINE('',#10900,#10901);
#10900 = CARTESIAN_POINT('',(1.82,0.32,-7.53));
#10901 = VECTOR('',#10902,1.);
#10902 = DIRECTION('',(-1.,0.,0.));
#10903 = ORIENTED_EDGE('',*,*,#10800,.F.);
#10904 = PLANE('',#10905);
#10905 = AXIS2_PLACEMENT_3D('',#10906,#10907,#10908);
#10906 = CARTESIAN_POINT('',(1.5,0.22,-7.83));
#10907 = DIRECTION('',(0.,0.948683298051,-0.316227766017));
#10908 = DIRECTION('',(0.,-0.316227766017,-0.948683298051));
#10909 = ADVANCED_FACE('',(#10910),#10921,.T.);
#10910 = FACE_BOUND('',#10911,.F.);
#10911 = EDGE_LOOP('',(#10912,#10913,#10914,#10920));
#10912 = ORIENTED_EDGE('',*,*,#10898,.F.);
#10913 = ORIENTED_EDGE('',*,*,#10554,.T.);
#10914 = ORIENTED_EDGE('',*,*,#10915,.T.);
#10915 = EDGE_CURVE('',#10547,#10706,#10916,.T.);
#10916 = LINE('',#10917,#10918);
#10917 = CARTESIAN_POINT('',(1.82,0.32,-4.25));
#10918 = VECTOR('',#10919,1.);
#10919 = DIRECTION('',(-1.,0.,0.));
#10920 = ORIENTED_EDGE('',*,*,#10705,.F.);
#10921 = PLANE('',#10922);
#10922 = AXIS2_PLACEMENT_3D('',#10923,#10924,#10925);
#10923 = CARTESIAN_POINT('',(1.82,0.32,-8.13));
#10924 = DIRECTION('',(0.,1.,0.));
#10925 = DIRECTION('',(0.,-0.,1.));
#10926 = ADVANCED_FACE('',(#10927),#10940,.T.);
#10927 = FACE_BOUND('',#10928,.F.);
#10928 = EDGE_LOOP('',(#10929,#10930,#10931,#10932,#10933,#10934));
#10929 = ORIENTED_EDGE('',*,*,#10427,.F.);
#10930 = ORIENTED_EDGE('',*,*,#10713,.F.);
#10931 = ORIENTED_EDGE('',*,*,#10915,.F.);
#10932 = ORIENTED_EDGE('',*,*,#10546,.T.);
#10933 = ORIENTED_EDGE('',*,*,#10335,.T.);
#10934 = ORIENTED_EDGE('',*,*,#10935,.T.);
#10935 = EDGE_CURVE('',#10336,#10428,#10936,.T.);
#10936 = LINE('',#10937,#10938);
#10937 = CARTESIAN_POINT('',(1.82,1.05,-4.25));
#10938 = VECTOR('',#10939,1.);
#10939 = DIRECTION('',(-1.,0.,0.));
#10940 = PLANE('',#10941);
#10941 = AXIS2_PLACEMENT_3D('',#10942,#10943,#10944);
#10942 = CARTESIAN_POINT('',(1.82,0.32,-4.25));
#10943 = DIRECTION('',(0.,0.,-1.));
#10944 = DIRECTION('',(0.,1.,0.));
#10945 = ADVANCED_FACE('',(#10946),#10957,.T.);
#10946 = FACE_BOUND('',#10947,.F.);
#10947 = EDGE_LOOP('',(#10948,#10949,#10950,#10951));
#10948 = ORIENTED_EDGE('',*,*,#10435,.T.);
#10949 = ORIENTED_EDGE('',*,*,#10935,.F.);
#10950 = ORIENTED_EDGE('',*,*,#10356,.F.);
#10951 = ORIENTED_EDGE('',*,*,#10952,.F.);
#10952 = EDGE_CURVE('',#10436,#10349,#10953,.T.);
#10953 = LINE('',#10954,#10955);
#10954 = CARTESIAN_POINT('',(1.18,1.05,-3.6));
#10955 = VECTOR('',#10956,1.);
#10956 = DIRECTION('',(1.,0.,0.));
#10957 = PLANE('',#10958);
#10958 = AXIS2_PLACEMENT_3D('',#10959,#10960,#10961);
#10959 = CARTESIAN_POINT('',(1.82,1.05,-4.25));
#10960 = DIRECTION('',(0.,1.,0.));
#10961 = DIRECTION('',(0.,-0.,1.));
#10962 = ADVANCED_FACE('',(#10963),#10969,.F.);
#10963 = FACE_BOUND('',#10964,.F.);
#10964 = EDGE_LOOP('',(#10965,#10966,#10967,#10968));
#10965 = ORIENTED_EDGE('',*,*,#10380,.F.);
#10966 = ORIENTED_EDGE('',*,*,#10413,.T.);
#10967 = ORIENTED_EDGE('',*,*,#8323,.T.);
#10968 = ORIENTED_EDGE('',*,*,#10310,.F.);
#10969 = PLANE('',#10970);
#10970 = AXIS2_PLACEMENT_3D('',#10971,#10972,#10973);
#10971 = CARTESIAN_POINT('',(1.18,1.93,-3.6));
#10972 = DIRECTION('',(0.,0.,1.));
#10973 = DIRECTION('',(1.,0.,-0.));
#10974 = ADVANCED_FACE('',(#10975),#10981,.F.);
#10975 = FACE_BOUND('',#10976,.F.);
#10976 = EDGE_LOOP('',(#10977,#10978,#10979,#10980));
#10977 = ORIENTED_EDGE('',*,*,#10952,.T.);
#10978 = ORIENTED_EDGE('',*,*,#10348,.F.);
#10979 = ORIENTED_EDGE('',*,*,#7920,.F.);
#10980 = ORIENTED_EDGE('',*,*,#10443,.T.);
#10981 = PLANE('',#10982);
#10982 = AXIS2_PLACEMENT_3D('',#10983,#10984,#10985);
#10983 = CARTESIAN_POINT('',(1.18,1.93,-3.6));
#10984 = DIRECTION('',(0.,0.,1.));
#10985 = DIRECTION('',(1.,0.,-0.));
#10986 = ADVANCED_FACE('',(#10987),#11016,.F.);
#10987 = FACE_BOUND('',#10988,.F.);
#10988 = EDGE_LOOP('',(#10989,#10999,#11005,#11006,#11007,#11008,#11009,
    #11010));
#10989 = ORIENTED_EDGE('',*,*,#10990,.F.);
#10990 = EDGE_CURVE('',#10991,#10993,#10995,.T.);
#10991 = VERTEX_POINT('',#10992);
#10992 = CARTESIAN_POINT('',(-1.18,-1.65,-3.6));
#10993 = VERTEX_POINT('',#10994);
#10994 = CARTESIAN_POINT('',(-1.18,-1.65,-4.25));
#10995 = LINE('',#10996,#10997);
#10996 = CARTESIAN_POINT('',(-1.18,-1.65,-3.6));
#10997 = VECTOR('',#10998,1.);
#10998 = DIRECTION('',(0.,0.,-1.));
#10999 = ORIENTED_EDGE('',*,*,#11000,.T.);
#11000 = EDGE_CURVE('',#10991,#8339,#11001,.T.);
#11001 = LINE('',#11002,#11003);
#11002 = CARTESIAN_POINT('',(-1.18,-1.65,-3.6));
#11003 = VECTOR('',#11004,1.);
#11004 = DIRECTION('',(0.,-1.,0.));
#11005 = ORIENTED_EDGE('',*,*,#8338,.F.);
#11006 = ORIENTED_EDGE('',*,*,#7339,.T.);
#11007 = ORIENTED_EDGE('',*,*,#10244,.T.);
#11008 = ORIENTED_EDGE('',*,*,#9297,.T.);
#11009 = ORIENTED_EDGE('',*,*,#9584,.F.);
#11010 = ORIENTED_EDGE('',*,*,#11011,.F.);
#11011 = EDGE_CURVE('',#10993,#9585,#11012,.T.);
#11012 = LINE('',#11013,#11014);
#11013 = CARTESIAN_POINT('',(-1.18,-1.65,-4.25));
#11014 = VECTOR('',#11015,1.);
#11015 = DIRECTION('',(0.,1.,0.));
#11016 = PLANE('',#11017);
#11017 = AXIS2_PLACEMENT_3D('',#11018,#11019,#11020);
#11018 = CARTESIAN_POINT('',(-1.18,1.93,-3.6));
#11019 = DIRECTION('',(1.,0.,0.));
#11020 = DIRECTION('',(0.,0.,-1.));
#11021 = ADVANCED_FACE('',(#11022),#11051,.F.);
#11022 = FACE_BOUND('',#11023,.F.);
#11023 = EDGE_LOOP('',(#11024,#11032,#11033,#11034,#11035,#11036,#11037,
    #11045));
#11024 = ORIENTED_EDGE('',*,*,#11025,.F.);
#11025 = EDGE_CURVE('',#9950,#11026,#11028,.T.);
#11026 = VERTEX_POINT('',#11027);
#11027 = CARTESIAN_POINT('',(-1.18,1.05,-4.25));
#11028 = LINE('',#11029,#11030);
#11029 = CARTESIAN_POINT('',(-1.18,0.875,-4.25));
#11030 = VECTOR('',#11031,1.);
#11031 = DIRECTION('',(0.,1.,0.));
#11032 = ORIENTED_EDGE('',*,*,#9949,.T.);
#11033 = ORIENTED_EDGE('',*,*,#9338,.T.);
#11034 = ORIENTED_EDGE('',*,*,#9030,.T.);
#11035 = ORIENTED_EDGE('',*,*,#8869,.T.);
#11036 = ORIENTED_EDGE('',*,*,#7896,.T.);
#11037 = ORIENTED_EDGE('',*,*,#11038,.T.);
#11038 = EDGE_CURVE('',#7889,#11039,#11041,.T.);
#11039 = VERTEX_POINT('',#11040);
#11040 = CARTESIAN_POINT('',(-1.18,1.05,-3.6));
#11041 = LINE('',#11042,#11043);
#11042 = CARTESIAN_POINT('',(-1.18,1.93,-3.6));
#11043 = VECTOR('',#11044,1.);
#11044 = DIRECTION('',(0.,-1.,0.));
#11045 = ORIENTED_EDGE('',*,*,#11046,.T.);
#11046 = EDGE_CURVE('',#11039,#11026,#11047,.T.);
#11047 = LINE('',#11048,#11049);
#11048 = CARTESIAN_POINT('',(-1.18,1.05,-3.6));
#11049 = VECTOR('',#11050,1.);
#11050 = DIRECTION('',(0.,0.,-1.));
#11051 = PLANE('',#11052);
#11052 = AXIS2_PLACEMENT_3D('',#11053,#11054,#11055);
#11053 = CARTESIAN_POINT('',(-1.18,1.93,-3.6));
#11054 = DIRECTION('',(1.,0.,0.));
#11055 = DIRECTION('',(0.,0.,-1.));
#11056 = ADVANCED_FACE('',(#11057),#11082,.T.);
#11057 = FACE_BOUND('',#11058,.F.);
#11058 = EDGE_LOOP('',(#11059,#11069,#11075,#11076));
#11059 = ORIENTED_EDGE('',*,*,#11060,.F.);
#11060 = EDGE_CURVE('',#11061,#11063,#11065,.T.);
#11061 = VERTEX_POINT('',#11062);
#11062 = CARTESIAN_POINT('',(-1.82,-1.65,-3.6));
#11063 = VERTEX_POINT('',#11064);
#11064 = CARTESIAN_POINT('',(-1.82,-1.65,-4.25));
#11065 = LINE('',#11066,#11067);
#11066 = CARTESIAN_POINT('',(-1.82,-1.65,-3.6));
#11067 = VECTOR('',#11068,1.);
#11068 = DIRECTION('',(0.,0.,-1.));
#11069 = ORIENTED_EDGE('',*,*,#11070,.T.);
#11070 = EDGE_CURVE('',#11061,#10991,#11071,.T.);
#11071 = LINE('',#11072,#11073);
#11072 = CARTESIAN_POINT('',(-1.82,-1.65,-3.6));
#11073 = VECTOR('',#11074,1.);
#11074 = DIRECTION('',(1.,0.,0.));
#11075 = ORIENTED_EDGE('',*,*,#10990,.T.);
#11076 = ORIENTED_EDGE('',*,*,#11077,.T.);
#11077 = EDGE_CURVE('',#10993,#11063,#11078,.T.);
#11078 = LINE('',#11079,#11080);
#11079 = CARTESIAN_POINT('',(-1.18,-1.65,-4.25));
#11080 = VECTOR('',#11081,1.);
#11081 = DIRECTION('',(-1.,0.,0.));
#11082 = PLANE('',#11083);
#11083 = AXIS2_PLACEMENT_3D('',#11084,#11085,#11086);
#11084 = CARTESIAN_POINT('',(-1.18,-1.65,-3.6));
#11085 = DIRECTION('',(0.,-1.,0.));
#11086 = DIRECTION('',(0.,0.,-1.));
#11087 = ADVANCED_FACE('',(#11088),#11108,.F.);
#11088 = FACE_BOUND('',#11089,.F.);
#11089 = EDGE_LOOP('',(#11090,#11091,#11097,#11098,#11099,#11100,#11101,
    #11102));
#11090 = ORIENTED_EDGE('',*,*,#11060,.T.);
#11091 = ORIENTED_EDGE('',*,*,#11092,.T.);
#11092 = EDGE_CURVE('',#11063,#9639,#11093,.T.);
#11093 = LINE('',#11094,#11095);
#11094 = CARTESIAN_POINT('',(-1.82,-1.65,-4.25));
#11095 = VECTOR('',#11096,1.);
#11096 = DIRECTION('',(0.,1.,0.));
#11097 = ORIENTED_EDGE('',*,*,#9638,.T.);
#11098 = ORIENTED_EDGE('',*,*,#9408,.F.);
#11099 = ORIENTED_EDGE('',*,*,#10285,.F.);
#11100 = ORIENTED_EDGE('',*,*,#7437,.F.);
#11101 = ORIENTED_EDGE('',*,*,#8354,.T.);
#11102 = ORIENTED_EDGE('',*,*,#11103,.F.);
#11103 = EDGE_CURVE('',#11061,#8347,#11104,.T.);
#11104 = LINE('',#11105,#11106);
#11105 = CARTESIAN_POINT('',(-1.82,-1.65,-3.6));
#11106 = VECTOR('',#11107,1.);
#11107 = DIRECTION('',(0.,-1.,0.));
#11108 = PLANE('',#11109);
#11109 = AXIS2_PLACEMENT_3D('',#11110,#11111,#11112);
#11110 = CARTESIAN_POINT('',(-1.82,1.93,-4.95));
#11111 = DIRECTION('',(-1.,0.,0.));
#11112 = DIRECTION('',(0.,0.,1.));
#11113 = ADVANCED_FACE('',(#11114),#11143,.F.);
#11114 = FACE_BOUND('',#11115,.F.);
#11115 = EDGE_LOOP('',(#11116,#11124,#11132,#11138,#11139,#11140,#11141,
    #11142));
#11116 = ORIENTED_EDGE('',*,*,#11117,.T.);
#11117 = EDGE_CURVE('',#9973,#11118,#11120,.T.);
#11118 = VERTEX_POINT('',#11119);
#11119 = CARTESIAN_POINT('',(-1.82,1.05,-4.25));
#11120 = LINE('',#11121,#11122);
#11121 = CARTESIAN_POINT('',(-1.82,0.875,-4.25));
#11122 = VECTOR('',#11123,1.);
#11123 = DIRECTION('',(-1.268826313857E-14,1.,0.));
#11124 = ORIENTED_EDGE('',*,*,#11125,.F.);
#11125 = EDGE_CURVE('',#11126,#11118,#11128,.T.);
#11126 = VERTEX_POINT('',#11127);
#11127 = CARTESIAN_POINT('',(-1.82,1.05,-3.6));
#11128 = LINE('',#11129,#11130);
#11129 = CARTESIAN_POINT('',(-1.82,1.05,-3.6));
#11130 = VECTOR('',#11131,1.);
#11131 = DIRECTION('',(0.,0.,-1.));
#11132 = ORIENTED_EDGE('',*,*,#11133,.F.);
#11133 = EDGE_CURVE('',#7881,#11126,#11134,.T.);
#11134 = LINE('',#11135,#11136);
#11135 = CARTESIAN_POINT('',(-1.82,1.93,-3.6));
#11136 = VECTOR('',#11137,1.);
#11137 = DIRECTION('',(0.,-1.,0.));
#11138 = ORIENTED_EDGE('',*,*,#7880,.F.);
#11139 = ORIENTED_EDGE('',*,*,#8933,.F.);
#11140 = ORIENTED_EDGE('',*,*,#9094,.F.);
#11141 = ORIENTED_EDGE('',*,*,#9464,.F.);
#11142 = ORIENTED_EDGE('',*,*,#9980,.F.);
#11143 = PLANE('',#11144);
#11144 = AXIS2_PLACEMENT_3D('',#11145,#11146,#11147);
#11145 = CARTESIAN_POINT('',(-1.82,1.93,-4.95));
#11146 = DIRECTION('',(-1.,0.,0.));
#11147 = DIRECTION('',(0.,0.,1.));
#11148 = ADVANCED_FACE('',(#11149),#11176,.T.);
#11149 = FACE_BOUND('',#11150,.F.);
#11150 = EDGE_LOOP('',(#11151,#11152,#11153,#11154,#11162,#11170));
#11151 = ORIENTED_EDGE('',*,*,#11092,.F.);
#11152 = ORIENTED_EDGE('',*,*,#11077,.F.);
#11153 = ORIENTED_EDGE('',*,*,#11011,.T.);
#11154 = ORIENTED_EDGE('',*,*,#11155,.T.);
#11155 = EDGE_CURVE('',#9585,#11156,#11158,.T.);
#11156 = VERTEX_POINT('',#11157);
#11157 = CARTESIAN_POINT('',(-1.18,-0.32,-4.25));
#11158 = LINE('',#11159,#11160);
#11159 = CARTESIAN_POINT('',(-1.18,-0.875,-4.25));
#11160 = VECTOR('',#11161,1.);
#11161 = DIRECTION('',(0.,1.,0.));
#11162 = ORIENTED_EDGE('',*,*,#11163,.T.);
#11163 = EDGE_CURVE('',#11156,#11164,#11166,.T.);
#11164 = VERTEX_POINT('',#11165);
#11165 = CARTESIAN_POINT('',(-1.82,-0.32,-4.25));
#11166 = LINE('',#11167,#11168);
#11167 = CARTESIAN_POINT('',(-1.18,-0.32,-4.25));
#11168 = VECTOR('',#11169,1.);
#11169 = DIRECTION('',(-1.,0.,0.));
#11170 = ORIENTED_EDGE('',*,*,#11171,.F.);
#11171 = EDGE_CURVE('',#9639,#11164,#11172,.T.);
#11172 = LINE('',#11173,#11174);
#11173 = CARTESIAN_POINT('',(-1.82,-0.875,-4.25));
#11174 = VECTOR('',#11175,1.);
#11175 = DIRECTION('',(0.,1.,0.));
#11176 = PLANE('',#11177);
#11177 = AXIS2_PLACEMENT_3D('',#11178,#11179,#11180);
#11178 = CARTESIAN_POINT('',(-1.18,-1.65,-4.25));
#11179 = DIRECTION('',(0.,0.,-1.));
#11180 = DIRECTION('',(0.,1.,0.));
#11181 = ADVANCED_FACE('',(#11182),#11207,.T.);
#11182 = FACE_BOUND('',#11183,.F.);
#11183 = EDGE_LOOP('',(#11184,#11194,#11200,#11201));
#11184 = ORIENTED_EDGE('',*,*,#11185,.F.);
#11185 = EDGE_CURVE('',#11186,#11188,#11190,.T.);
#11186 = VERTEX_POINT('',#11187);
#11187 = CARTESIAN_POINT('',(-1.18,0.32,1.95));
#11188 = VERTEX_POINT('',#11189);
#11189 = CARTESIAN_POINT('',(-1.18,-0.32,1.95));
#11190 = LINE('',#11191,#11192);
#11191 = CARTESIAN_POINT('',(-1.18,0.32,1.95));
#11192 = VECTOR('',#11193,1.);
#11193 = DIRECTION('',(0.,-1.,0.));
#11194 = ORIENTED_EDGE('',*,*,#11195,.F.);
#11195 = EDGE_CURVE('',#6008,#11186,#11196,.T.);
#11196 = LINE('',#11197,#11198);
#11197 = CARTESIAN_POINT('',(-1.18,0.32,-1.65));
#11198 = VECTOR('',#11199,1.);
#11199 = DIRECTION('',(0.,0.,1.));
#11200 = ORIENTED_EDGE('',*,*,#6005,.F.);
#11201 = ORIENTED_EDGE('',*,*,#11202,.F.);
#11202 = EDGE_CURVE('',#11188,#6006,#11203,.T.);
#11203 = LINE('',#11204,#11205);
#11204 = CARTESIAN_POINT('',(-1.18,-0.32,1.95));
#11205 = VECTOR('',#11206,1.);
#11206 = DIRECTION('',(0.,0.,-1.));
#11207 = PLANE('',#11208);
#11208 = AXIS2_PLACEMENT_3D('',#11209,#11210,#11211);
#11209 = CARTESIAN_POINT('',(-1.18,0.,0.));
#11210 = DIRECTION('',(1.,0.,0.));
#11211 = DIRECTION('',(0.,0.,-1.));
#11212 = ADVANCED_FACE('',(#11213),#11249,.T.);
#11213 = FACE_BOUND('',#11214,.F.);
#11214 = EDGE_LOOP('',(#11215,#11225,#11231,#11232,#11233,#11234,#11235,
    #11243));
#11215 = ORIENTED_EDGE('',*,*,#11216,.F.);
#11216 = EDGE_CURVE('',#11217,#11219,#11221,.T.);
#11217 = VERTEX_POINT('',#11218);
#11218 = CARTESIAN_POINT('',(-1.18,-0.32,-7.53));
#11219 = VERTEX_POINT('',#11220);
#11220 = CARTESIAN_POINT('',(-1.18,0.32,-7.53));
#11221 = LINE('',#11222,#11223);
#11222 = CARTESIAN_POINT('',(-1.18,-0.32,-7.53));
#11223 = VECTOR('',#11224,1.);
#11224 = DIRECTION('',(0.,1.,0.));
#11225 = ORIENTED_EDGE('',*,*,#11226,.F.);
#11226 = EDGE_CURVE('',#11156,#11217,#11227,.T.);
#11227 = LINE('',#11228,#11229);
#11228 = CARTESIAN_POINT('',(-1.18,-0.32,-4.25));
#11229 = VECTOR('',#11230,1.);
#11230 = DIRECTION('',(0.,0.,-1.));
#11231 = ORIENTED_EDGE('',*,*,#11155,.F.);
#11232 = ORIENTED_EDGE('',*,*,#9617,.F.);
#11233 = ORIENTED_EDGE('',*,*,#9800,.F.);
#11234 = ORIENTED_EDGE('',*,*,#9957,.T.);
#11235 = ORIENTED_EDGE('',*,*,#11236,.F.);
#11236 = EDGE_CURVE('',#11237,#9950,#11239,.T.);
#11237 = VERTEX_POINT('',#11238);
#11238 = CARTESIAN_POINT('',(-1.18,0.32,-4.25));
#11239 = LINE('',#11240,#11241);
#11240 = CARTESIAN_POINT('',(-1.18,0.32,-4.25));
#11241 = VECTOR('',#11242,1.);
#11242 = DIRECTION('',(0.,1.,0.));
#11243 = ORIENTED_EDGE('',*,*,#11244,.F.);
#11244 = EDGE_CURVE('',#11219,#11237,#11245,.T.);
#11245 = LINE('',#11246,#11247);
#11246 = CARTESIAN_POINT('',(-1.18,0.32,-7.53));
#11247 = VECTOR('',#11248,1.);
#11248 = DIRECTION('',(0.,0.,1.));
#11249 = PLANE('',#11250);
#11250 = AXIS2_PLACEMENT_3D('',#11251,#11252,#11253);
#11251 = CARTESIAN_POINT('',(-1.18,0.,0.));
#11252 = DIRECTION('',(1.,0.,0.));
#11253 = DIRECTION('',(0.,0.,-1.));
#11254 = ADVANCED_FACE('',(#11255),#11280,.T.);
#11255 = FACE_BOUND('',#11256,.F.);
#11256 = EDGE_LOOP('',(#11257,#11267,#11273,#11274));
#11257 = ORIENTED_EDGE('',*,*,#11258,.F.);
#11258 = EDGE_CURVE('',#11259,#11261,#11263,.T.);
#11259 = VERTEX_POINT('',#11260);
#11260 = CARTESIAN_POINT('',(-1.38,0.12,2.55));
#11261 = VERTEX_POINT('',#11262);
#11262 = CARTESIAN_POINT('',(-1.38,-0.12,2.55));
#11263 = LINE('',#11264,#11265);
#11264 = CARTESIAN_POINT('',(-1.38,0.12,2.55));
#11265 = VECTOR('',#11266,1.);
#11266 = DIRECTION('',(0.,-1.,0.));
#11267 = ORIENTED_EDGE('',*,*,#11268,.T.);
#11268 = EDGE_CURVE('',#11259,#11186,#11269,.T.);
#11269 = LINE('',#11270,#11271);
#11270 = CARTESIAN_POINT('',(-1.38,0.12,2.55));
#11271 = VECTOR('',#11272,1.);
#11272 = DIRECTION('',(0.301511344578,0.301511344578,-0.904534033733));
#11273 = ORIENTED_EDGE('',*,*,#11185,.T.);
#11274 = ORIENTED_EDGE('',*,*,#11275,.T.);
#11275 = EDGE_CURVE('',#11188,#11261,#11276,.T.);
#11276 = LINE('',#11277,#11278);
#11277 = CARTESIAN_POINT('',(-1.18,-0.32,1.95));
#11278 = VECTOR('',#11279,1.);
#11279 = DIRECTION('',(-0.301511344578,0.301511344578,0.904534033733));
#11280 = PLANE('',#11281);
#11281 = AXIS2_PLACEMENT_3D('',#11282,#11283,#11284);
#11282 = CARTESIAN_POINT('',(-1.28,0.,2.25));
#11283 = DIRECTION('',(0.948683298051,0.,0.316227766017));
#11284 = DIRECTION('',(-0.316227766017,0.,0.948683298051));
#11285 = ADVANCED_FACE('',(#11286),#11311,.T.);
#11286 = FACE_BOUND('',#11287,.F.);
#11287 = EDGE_LOOP('',(#11288,#11296,#11304,#11310));
#11288 = ORIENTED_EDGE('',*,*,#11289,.T.);
#11289 = EDGE_CURVE('',#11261,#11290,#11292,.T.);
#11290 = VERTEX_POINT('',#11291);
#11291 = CARTESIAN_POINT('',(-1.62,-0.12,2.55));
#11292 = LINE('',#11293,#11294);
#11293 = CARTESIAN_POINT('',(-1.38,-0.12,2.55));
#11294 = VECTOR('',#11295,1.);
#11295 = DIRECTION('',(-1.,0.,0.));
#11296 = ORIENTED_EDGE('',*,*,#11297,.T.);
#11297 = EDGE_CURVE('',#11290,#11298,#11300,.T.);
#11298 = VERTEX_POINT('',#11299);
#11299 = CARTESIAN_POINT('',(-1.62,0.12,2.55));
#11300 = LINE('',#11301,#11302);
#11301 = CARTESIAN_POINT('',(-1.62,-0.12,2.55));
#11302 = VECTOR('',#11303,1.);
#11303 = DIRECTION('',(0.,1.,0.));
#11304 = ORIENTED_EDGE('',*,*,#11305,.F.);
#11305 = EDGE_CURVE('',#11259,#11298,#11306,.T.);
#11306 = LINE('',#11307,#11308);
#11307 = CARTESIAN_POINT('',(-1.38,0.12,2.55));
#11308 = VECTOR('',#11309,1.);
#11309 = DIRECTION('',(-1.,0.,0.));
#11310 = ORIENTED_EDGE('',*,*,#11258,.T.);
#11311 = PLANE('',#11312);
#11312 = AXIS2_PLACEMENT_3D('',#11313,#11314,#11315);
#11313 = CARTESIAN_POINT('',(-1.18,0.32,2.55));
#11314 = DIRECTION('',(0.,0.,1.));
#11315 = DIRECTION('',(0.,-1.,0.));
#11316 = ADVANCED_FACE('',(#11317),#11335,.T.);
#11317 = FACE_BOUND('',#11318,.F.);
#11318 = EDGE_LOOP('',(#11319,#11320,#11321,#11329));
#11319 = ORIENTED_EDGE('',*,*,#11289,.F.);
#11320 = ORIENTED_EDGE('',*,*,#11275,.F.);
#11321 = ORIENTED_EDGE('',*,*,#11322,.T.);
#11322 = EDGE_CURVE('',#11188,#11323,#11325,.T.);
#11323 = VERTEX_POINT('',#11324);
#11324 = CARTESIAN_POINT('',(-1.82,-0.32,1.95));
#11325 = LINE('',#11326,#11327);
#11326 = CARTESIAN_POINT('',(-1.18,-0.32,1.95));
#11327 = VECTOR('',#11328,1.);
#11328 = DIRECTION('',(-1.,0.,0.));
#11329 = ORIENTED_EDGE('',*,*,#11330,.F.);
#11330 = EDGE_CURVE('',#11290,#11323,#11331,.T.);
#11331 = LINE('',#11332,#11333);
#11332 = CARTESIAN_POINT('',(-1.62,-0.12,2.55));
#11333 = VECTOR('',#11334,1.);
#11334 = DIRECTION('',(-0.301511344578,-0.301511344578,-0.904534033733)
  );
#11335 = PLANE('',#11336);
#11336 = AXIS2_PLACEMENT_3D('',#11337,#11338,#11339);
#11337 = CARTESIAN_POINT('',(-1.5,-0.22,2.25));
#11338 = DIRECTION('',(0.,-0.948683298051,0.316227766017));
#11339 = DIRECTION('',(0.,0.316227766017,0.948683298051));
#11340 = ADVANCED_FACE('',(#11341),#11352,.T.);
#11341 = FACE_BOUND('',#11342,.F.);
#11342 = EDGE_LOOP('',(#11343,#11344,#11345,#11346));
#11343 = ORIENTED_EDGE('',*,*,#11322,.F.);
#11344 = ORIENTED_EDGE('',*,*,#11202,.T.);
#11345 = ORIENTED_EDGE('',*,*,#6031,.F.);
#11346 = ORIENTED_EDGE('',*,*,#11347,.F.);
#11347 = EDGE_CURVE('',#11323,#6024,#11348,.T.);
#11348 = LINE('',#11349,#11350);
#11349 = CARTESIAN_POINT('',(-1.82,-0.32,1.95));
#11350 = VECTOR('',#11351,1.);
#11351 = DIRECTION('',(0.,0.,-1.));
#11352 = PLANE('',#11353);
#11353 = AXIS2_PLACEMENT_3D('',#11354,#11355,#11356);
#11354 = CARTESIAN_POINT('',(-1.18,-0.32,2.55));
#11355 = DIRECTION('',(0.,-1.,0.));
#11356 = DIRECTION('',(0.,0.,-1.));
#11357 = ADVANCED_FACE('',(#11358),#11376,.F.);
#11358 = FACE_BOUND('',#11359,.F.);
#11359 = EDGE_LOOP('',(#11360,#11368,#11369,#11370));
#11360 = ORIENTED_EDGE('',*,*,#11361,.F.);
#11361 = EDGE_CURVE('',#11323,#11362,#11364,.T.);
#11362 = VERTEX_POINT('',#11363);
#11363 = CARTESIAN_POINT('',(-1.82,0.32,1.95));
#11364 = LINE('',#11365,#11366);
#11365 = CARTESIAN_POINT('',(-1.82,-0.32,1.95));
#11366 = VECTOR('',#11367,1.);
#11367 = DIRECTION('',(0.,1.,0.));
#11368 = ORIENTED_EDGE('',*,*,#11347,.T.);
#11369 = ORIENTED_EDGE('',*,*,#6023,.T.);
#11370 = ORIENTED_EDGE('',*,*,#11371,.T.);
#11371 = EDGE_CURVE('',#6016,#11362,#11372,.T.);
#11372 = LINE('',#11373,#11374);
#11373 = CARTESIAN_POINT('',(-1.82,0.32,-1.65));
#11374 = VECTOR('',#11375,1.);
#11375 = DIRECTION('',(0.,0.,1.));
#11376 = PLANE('',#11377);
#11377 = AXIS2_PLACEMENT_3D('',#11378,#11379,#11380);
#11378 = CARTESIAN_POINT('',(-1.82,0.,0.));
#11379 = DIRECTION('',(1.,0.,0.));
#11380 = DIRECTION('',(0.,0.,-1.));
#11381 = ADVANCED_FACE('',(#11382),#11418,.F.);
#11382 = FACE_BOUND('',#11383,.F.);
#11383 = EDGE_LOOP('',(#11384,#11394,#11402,#11408,#11409,#11410,#11411,
    #11412));
#11384 = ORIENTED_EDGE('',*,*,#11385,.F.);
#11385 = EDGE_CURVE('',#11386,#11388,#11390,.T.);
#11386 = VERTEX_POINT('',#11387);
#11387 = CARTESIAN_POINT('',(-1.82,0.32,-7.53));
#11388 = VERTEX_POINT('',#11389);
#11389 = CARTESIAN_POINT('',(-1.82,-0.32,-7.53));
#11390 = LINE('',#11391,#11392);
#11391 = CARTESIAN_POINT('',(-1.82,0.32,-7.53));
#11392 = VECTOR('',#11393,1.);
#11393 = DIRECTION('',(0.,-1.,0.));
#11394 = ORIENTED_EDGE('',*,*,#11395,.T.);
#11395 = EDGE_CURVE('',#11386,#11396,#11398,.T.);
#11396 = VERTEX_POINT('',#11397);
#11397 = CARTESIAN_POINT('',(-1.82,0.32,-4.25));
#11398 = LINE('',#11399,#11400);
#11399 = CARTESIAN_POINT('',(-1.82,0.32,-7.53));
#11400 = VECTOR('',#11401,1.);
#11401 = DIRECTION('',(0.,0.,1.));
#11402 = ORIENTED_EDGE('',*,*,#11403,.T.);
#11403 = EDGE_CURVE('',#11396,#9973,#11404,.T.);
#11404 = LINE('',#11405,#11406);
#11405 = CARTESIAN_POINT('',(-1.82,0.32,-4.25));
#11406 = VECTOR('',#11407,1.);
#11407 = DIRECTION('',(0.,1.,0.));
#11408 = ORIENTED_EDGE('',*,*,#9972,.F.);
#11409 = ORIENTED_EDGE('',*,*,#9815,.T.);
#11410 = ORIENTED_EDGE('',*,*,#9646,.T.);
#11411 = ORIENTED_EDGE('',*,*,#11171,.T.);
#11412 = ORIENTED_EDGE('',*,*,#11413,.T.);
#11413 = EDGE_CURVE('',#11164,#11388,#11414,.T.);
#11414 = LINE('',#11415,#11416);
#11415 = CARTESIAN_POINT('',(-1.82,-0.32,-4.25));
#11416 = VECTOR('',#11417,1.);
#11417 = DIRECTION('',(0.,0.,-1.));
#11418 = PLANE('',#11419);
#11419 = AXIS2_PLACEMENT_3D('',#11420,#11421,#11422);
#11420 = CARTESIAN_POINT('',(-1.82,0.,0.));
#11421 = DIRECTION('',(1.,0.,0.));
#11422 = DIRECTION('',(0.,0.,-1.));
#11423 = ADVANCED_FACE('',(#11424),#11435,.T.);
#11424 = FACE_BOUND('',#11425,.F.);
#11425 = EDGE_LOOP('',(#11426,#11427,#11433,#11434));
#11426 = ORIENTED_EDGE('',*,*,#11361,.T.);
#11427 = ORIENTED_EDGE('',*,*,#11428,.F.);
#11428 = EDGE_CURVE('',#11298,#11362,#11429,.T.);
#11429 = LINE('',#11430,#11431);
#11430 = CARTESIAN_POINT('',(-1.62,0.12,2.55));
#11431 = VECTOR('',#11432,1.);
#11432 = DIRECTION('',(-0.301511344578,0.301511344578,-0.904534033733));
#11433 = ORIENTED_EDGE('',*,*,#11297,.F.);
#11434 = ORIENTED_EDGE('',*,*,#11330,.T.);
#11435 = PLANE('',#11436);
#11436 = AXIS2_PLACEMENT_3D('',#11437,#11438,#11439);
#11437 = CARTESIAN_POINT('',(-1.72,0.,2.25));
#11438 = DIRECTION('',(-0.948683298051,0.,0.316227766017));
#11439 = DIRECTION('',(0.316227766017,0.,0.948683298051));
#11440 = ADVANCED_FACE('',(#11441),#11452,.T.);
#11441 = FACE_BOUND('',#11442,.F.);
#11442 = EDGE_LOOP('',(#11443,#11449,#11450,#11451));
#11443 = ORIENTED_EDGE('',*,*,#11444,.F.);
#11444 = EDGE_CURVE('',#11186,#11362,#11445,.T.);
#11445 = LINE('',#11446,#11447);
#11446 = CARTESIAN_POINT('',(-1.18,0.32,1.95));
#11447 = VECTOR('',#11448,1.);
#11448 = DIRECTION('',(-1.,0.,0.));
#11449 = ORIENTED_EDGE('',*,*,#11268,.F.);
#11450 = ORIENTED_EDGE('',*,*,#11305,.T.);
#11451 = ORIENTED_EDGE('',*,*,#11428,.T.);
#11452 = PLANE('',#11453);
#11453 = AXIS2_PLACEMENT_3D('',#11454,#11455,#11456);
#11454 = CARTESIAN_POINT('',(-1.5,0.22,2.25));
#11455 = DIRECTION('',(0.,0.948683298051,0.316227766017));
#11456 = DIRECTION('',(0.,0.316227766017,-0.948683298051));
#11457 = ADVANCED_FACE('',(#11458),#11464,.T.);
#11458 = FACE_BOUND('',#11459,.F.);
#11459 = EDGE_LOOP('',(#11460,#11461,#11462,#11463));
#11460 = ORIENTED_EDGE('',*,*,#11444,.T.);
#11461 = ORIENTED_EDGE('',*,*,#11371,.F.);
#11462 = ORIENTED_EDGE('',*,*,#6015,.T.);
#11463 = ORIENTED_EDGE('',*,*,#11195,.T.);
#11464 = PLANE('',#11465);
#11465 = AXIS2_PLACEMENT_3D('',#11466,#11467,#11468);
#11466 = CARTESIAN_POINT('',(-1.18,0.32,-2.4));
#11467 = DIRECTION('',(0.,1.,0.));
#11468 = DIRECTION('',(0.,-0.,1.));
#11469 = ADVANCED_FACE('',(#11470),#11495,.T.);
#11470 = FACE_BOUND('',#11471,.F.);
#11471 = EDGE_LOOP('',(#11472,#11473,#11481,#11489));
#11472 = ORIENTED_EDGE('',*,*,#11385,.T.);
#11473 = ORIENTED_EDGE('',*,*,#11474,.F.);
#11474 = EDGE_CURVE('',#11475,#11388,#11477,.T.);
#11475 = VERTEX_POINT('',#11476);
#11476 = CARTESIAN_POINT('',(-1.62,-0.12,-8.13));
#11477 = LINE('',#11478,#11479);
#11478 = CARTESIAN_POINT('',(-1.62,-0.12,-8.13));
#11479 = VECTOR('',#11480,1.);
#11480 = DIRECTION('',(-0.301511344578,-0.301511344578,0.904534033733));
#11481 = ORIENTED_EDGE('',*,*,#11482,.F.);
#11482 = EDGE_CURVE('',#11483,#11475,#11485,.T.);
#11483 = VERTEX_POINT('',#11484);
#11484 = CARTESIAN_POINT('',(-1.62,0.12,-8.13));
#11485 = LINE('',#11486,#11487);
#11486 = CARTESIAN_POINT('',(-1.62,0.12,-8.13));
#11487 = VECTOR('',#11488,1.);
#11488 = DIRECTION('',(0.,-1.,0.));
#11489 = ORIENTED_EDGE('',*,*,#11490,.T.);
#11490 = EDGE_CURVE('',#11483,#11386,#11491,.T.);
#11491 = LINE('',#11492,#11493);
#11492 = CARTESIAN_POINT('',(-1.62,0.12,-8.13));
#11493 = VECTOR('',#11494,1.);
#11494 = DIRECTION('',(-0.301511344578,0.301511344578,0.904534033733));
#11495 = PLANE('',#11496);
#11496 = AXIS2_PLACEMENT_3D('',#11497,#11498,#11499);
#11497 = CARTESIAN_POINT('',(-1.72,0.,-7.83));
#11498 = DIRECTION('',(-0.948683298051,0.,-0.316227766017));
#11499 = DIRECTION('',(0.316227766017,0.,-0.948683298051));
#11500 = ADVANCED_FACE('',(#11501),#11524,.T.);
#11501 = FACE_BOUND('',#11502,.F.);
#11502 = EDGE_LOOP('',(#11503,#11509,#11517,#11523));
#11503 = ORIENTED_EDGE('',*,*,#11504,.F.);
#11504 = EDGE_CURVE('',#11217,#11388,#11505,.T.);
#11505 = LINE('',#11506,#11507);
#11506 = CARTESIAN_POINT('',(-1.18,-0.32,-7.53));
#11507 = VECTOR('',#11508,1.);
#11508 = DIRECTION('',(-1.,0.,0.));
#11509 = ORIENTED_EDGE('',*,*,#11510,.F.);
#11510 = EDGE_CURVE('',#11511,#11217,#11513,.T.);
#11511 = VERTEX_POINT('',#11512);
#11512 = CARTESIAN_POINT('',(-1.38,-0.12,-8.13));
#11513 = LINE('',#11514,#11515);
#11514 = CARTESIAN_POINT('',(-1.38,-0.12,-8.13));
#11515 = VECTOR('',#11516,1.);
#11516 = DIRECTION('',(0.301511344578,-0.301511344578,0.904534033733));
#11517 = ORIENTED_EDGE('',*,*,#11518,.T.);
#11518 = EDGE_CURVE('',#11511,#11475,#11519,.T.);
#11519 = LINE('',#11520,#11521);
#11520 = CARTESIAN_POINT('',(-1.38,-0.12,-8.13));
#11521 = VECTOR('',#11522,1.);
#11522 = DIRECTION('',(-1.,0.,0.));
#11523 = ORIENTED_EDGE('',*,*,#11474,.T.);
#11524 = PLANE('',#11525);
#11525 = AXIS2_PLACEMENT_3D('',#11526,#11527,#11528);
#11526 = CARTESIAN_POINT('',(-1.5,-0.22,-7.83));
#11527 = DIRECTION('',(0.,-0.948683298051,-0.316227766017));
#11528 = DIRECTION('',(0.,-0.316227766017,0.948683298051));
#11529 = ADVANCED_FACE('',(#11530),#11536,.T.);
#11530 = FACE_BOUND('',#11531,.F.);
#11531 = EDGE_LOOP('',(#11532,#11533,#11534,#11535));
#11532 = ORIENTED_EDGE('',*,*,#11504,.T.);
#11533 = ORIENTED_EDGE('',*,*,#11413,.F.);
#11534 = ORIENTED_EDGE('',*,*,#11163,.F.);
#11535 = ORIENTED_EDGE('',*,*,#11226,.T.);
#11536 = PLANE('',#11537);
#11537 = AXIS2_PLACEMENT_3D('',#11538,#11539,#11540);
#11538 = CARTESIAN_POINT('',(-1.18,-0.32,-4.25));
#11539 = DIRECTION('',(0.,-1.,0.));
#11540 = DIRECTION('',(0.,0.,-1.));
#11541 = ADVANCED_FACE('',(#11542),#11560,.T.);
#11542 = FACE_BOUND('',#11543,.F.);
#11543 = EDGE_LOOP('',(#11544,#11552,#11553,#11554));
#11544 = ORIENTED_EDGE('',*,*,#11545,.F.);
#11545 = EDGE_CURVE('',#11511,#11546,#11548,.T.);
#11546 = VERTEX_POINT('',#11547);
#11547 = CARTESIAN_POINT('',(-1.38,0.12,-8.13));
#11548 = LINE('',#11549,#11550);
#11549 = CARTESIAN_POINT('',(-1.38,-0.12,-8.13));
#11550 = VECTOR('',#11551,1.);
#11551 = DIRECTION('',(0.,1.,0.));
#11552 = ORIENTED_EDGE('',*,*,#11510,.T.);
#11553 = ORIENTED_EDGE('',*,*,#11216,.T.);
#11554 = ORIENTED_EDGE('',*,*,#11555,.T.);
#11555 = EDGE_CURVE('',#11219,#11546,#11556,.T.);
#11556 = LINE('',#11557,#11558);
#11557 = CARTESIAN_POINT('',(-1.18,0.32,-7.53));
#11558 = VECTOR('',#11559,1.);
#11559 = DIRECTION('',(-0.301511344578,-0.301511344578,-0.904534033733)
  );
#11560 = PLANE('',#11561);
#11561 = AXIS2_PLACEMENT_3D('',#11562,#11563,#11564);
#11562 = CARTESIAN_POINT('',(-1.28,0.,-7.83));
#11563 = DIRECTION('',(0.948683298051,0.,-0.316227766017));
#11564 = DIRECTION('',(-0.316227766017,0.,-0.948683298051));
#11565 = ADVANCED_FACE('',(#11566),#11577,.T.);
#11566 = FACE_BOUND('',#11567,.F.);
#11567 = EDGE_LOOP('',(#11568,#11574,#11575,#11576));
#11568 = ORIENTED_EDGE('',*,*,#11569,.T.);
#11569 = EDGE_CURVE('',#11546,#11483,#11570,.T.);
#11570 = LINE('',#11571,#11572);
#11571 = CARTESIAN_POINT('',(-1.38,0.12,-8.13));
#11572 = VECTOR('',#11573,1.);
#11573 = DIRECTION('',(-1.,0.,0.));
#11574 = ORIENTED_EDGE('',*,*,#11482,.T.);
#11575 = ORIENTED_EDGE('',*,*,#11518,.F.);
#11576 = ORIENTED_EDGE('',*,*,#11545,.T.);
#11577 = PLANE('',#11578);
#11578 = AXIS2_PLACEMENT_3D('',#11579,#11580,#11581);
#11579 = CARTESIAN_POINT('',(-1.18,-0.32,-8.13));
#11580 = DIRECTION('',(0.,0.,-1.));
#11581 = DIRECTION('',(0.,1.,0.));
#11582 = ADVANCED_FACE('',(#11583),#11594,.T.);
#11583 = FACE_BOUND('',#11584,.F.);
#11584 = EDGE_LOOP('',(#11585,#11586,#11587,#11593));
#11585 = ORIENTED_EDGE('',*,*,#11569,.F.);
#11586 = ORIENTED_EDGE('',*,*,#11555,.F.);
#11587 = ORIENTED_EDGE('',*,*,#11588,.T.);
#11588 = EDGE_CURVE('',#11219,#11386,#11589,.T.);
#11589 = LINE('',#11590,#11591);
#11590 = CARTESIAN_POINT('',(-1.18,0.32,-7.53));
#11591 = VECTOR('',#11592,1.);
#11592 = DIRECTION('',(-1.,0.,0.));
#11593 = ORIENTED_EDGE('',*,*,#11490,.F.);
#11594 = PLANE('',#11595);
#11595 = AXIS2_PLACEMENT_3D('',#11596,#11597,#11598);
#11596 = CARTESIAN_POINT('',(-1.5,0.22,-7.83));
#11597 = DIRECTION('',(0.,0.948683298051,-0.316227766017));
#11598 = DIRECTION('',(0.,-0.316227766017,-0.948683298051));
#11599 = ADVANCED_FACE('',(#11600),#11611,.T.);
#11600 = FACE_BOUND('',#11601,.F.);
#11601 = EDGE_LOOP('',(#11602,#11603,#11604,#11610));
#11602 = ORIENTED_EDGE('',*,*,#11588,.F.);
#11603 = ORIENTED_EDGE('',*,*,#11244,.T.);
#11604 = ORIENTED_EDGE('',*,*,#11605,.T.);
#11605 = EDGE_CURVE('',#11237,#11396,#11606,.T.);
#11606 = LINE('',#11607,#11608);
#11607 = CARTESIAN_POINT('',(-1.18,0.32,-4.25));
#11608 = VECTOR('',#11609,1.);
#11609 = DIRECTION('',(-1.,0.,0.));
#11610 = ORIENTED_EDGE('',*,*,#11395,.F.);
#11611 = PLANE('',#11612);
#11612 = AXIS2_PLACEMENT_3D('',#11613,#11614,#11615);
#11613 = CARTESIAN_POINT('',(-1.18,0.32,-8.13));
#11614 = DIRECTION('',(0.,1.,0.));
#11615 = DIRECTION('',(0.,-0.,1.));
#11616 = ADVANCED_FACE('',(#11617),#11630,.T.);
#11617 = FACE_BOUND('',#11618,.F.);
#11618 = EDGE_LOOP('',(#11619,#11620,#11621,#11622,#11623,#11624));
#11619 = ORIENTED_EDGE('',*,*,#11117,.F.);
#11620 = ORIENTED_EDGE('',*,*,#11403,.F.);
#11621 = ORIENTED_EDGE('',*,*,#11605,.F.);
#11622 = ORIENTED_EDGE('',*,*,#11236,.T.);
#11623 = ORIENTED_EDGE('',*,*,#11025,.T.);
#11624 = ORIENTED_EDGE('',*,*,#11625,.T.);
#11625 = EDGE_CURVE('',#11026,#11118,#11626,.T.);
#11626 = LINE('',#11627,#11628);
#11627 = CARTESIAN_POINT('',(-1.18,1.05,-4.25));
#11628 = VECTOR('',#11629,1.);
#11629 = DIRECTION('',(-1.,0.,0.));
#11630 = PLANE('',#11631);
#11631 = AXIS2_PLACEMENT_3D('',#11632,#11633,#11634);
#11632 = CARTESIAN_POINT('',(-1.18,0.32,-4.25));
#11633 = DIRECTION('',(0.,0.,-1.));
#11634 = DIRECTION('',(0.,1.,0.));
#11635 = ADVANCED_FACE('',(#11636),#11647,.T.);
#11636 = FACE_BOUND('',#11637,.F.);
#11637 = EDGE_LOOP('',(#11638,#11639,#11640,#11641));
#11638 = ORIENTED_EDGE('',*,*,#11125,.T.);
#11639 = ORIENTED_EDGE('',*,*,#11625,.F.);
#11640 = ORIENTED_EDGE('',*,*,#11046,.F.);
#11641 = ORIENTED_EDGE('',*,*,#11642,.F.);
#11642 = EDGE_CURVE('',#11126,#11039,#11643,.T.);
#11643 = LINE('',#11644,#11645);
#11644 = CARTESIAN_POINT('',(-1.82,1.05,-3.6));
#11645 = VECTOR('',#11646,1.);
#11646 = DIRECTION('',(1.,0.,0.));
#11647 = PLANE('',#11648);
#11648 = AXIS2_PLACEMENT_3D('',#11649,#11650,#11651);
#11649 = CARTESIAN_POINT('',(-1.18,1.05,-4.25));
#11650 = DIRECTION('',(0.,1.,0.));
#11651 = DIRECTION('',(0.,-0.,1.));
#11652 = ADVANCED_FACE('',(#11653),#11659,.F.);
#11653 = FACE_BOUND('',#11654,.F.);
#11654 = EDGE_LOOP('',(#11655,#11656,#11657,#11658));
#11655 = ORIENTED_EDGE('',*,*,#11070,.F.);
#11656 = ORIENTED_EDGE('',*,*,#11103,.T.);
#11657 = ORIENTED_EDGE('',*,*,#8346,.T.);
#11658 = ORIENTED_EDGE('',*,*,#11000,.F.);
#11659 = PLANE('',#11660);
#11660 = AXIS2_PLACEMENT_3D('',#11661,#11662,#11663);
#11661 = CARTESIAN_POINT('',(-1.82,1.93,-3.6));
#11662 = DIRECTION('',(0.,0.,1.));
#11663 = DIRECTION('',(1.,0.,-0.));
#11664 = ADVANCED_FACE('',(#11665),#11671,.F.);
#11665 = FACE_BOUND('',#11666,.F.);
#11666 = EDGE_LOOP('',(#11667,#11668,#11669,#11670));
#11667 = ORIENTED_EDGE('',*,*,#11642,.T.);
#11668 = ORIENTED_EDGE('',*,*,#11038,.F.);
#11669 = ORIENTED_EDGE('',*,*,#7888,.F.);
#11670 = ORIENTED_EDGE('',*,*,#11133,.T.);
#11671 = PLANE('',#11672);
#11672 = AXIS2_PLACEMENT_3D('',#11673,#11674,#11675);
#11673 = CARTESIAN_POINT('',(-1.82,1.93,-3.6));
#11674 = DIRECTION('',(0.,0.,1.));
#11675 = DIRECTION('',(1.,0.,-0.));
#11676 = ADVANCED_FACE('',(#11677),#11692,.F.);
#11677 = FACE_BOUND('',#11678,.F.);
#11678 = EDGE_LOOP('',(#11679,#11680,#11681,#11682,#11683,#11684,#11685,
    #11686));
#11679 = ORIENTED_EDGE('',*,*,#8184,.F.);
#11680 = ORIENTED_EDGE('',*,*,#8216,.T.);
#11681 = ORIENTED_EDGE('',*,*,#8361,.F.);
#11682 = ORIENTED_EDGE('',*,*,#7419,.T.);
#11683 = ORIENTED_EDGE('',*,*,#10278,.T.);
#11684 = ORIENTED_EDGE('',*,*,#9390,.T.);
#11685 = ORIENTED_EDGE('',*,*,#9631,.F.);
#11686 = ORIENTED_EDGE('',*,*,#11687,.F.);
#11687 = EDGE_CURVE('',#8185,#5864,#11688,.T.);
#11688 = LINE('',#11689,#11690);
#11689 = CARTESIAN_POINT('',(-4.18,-1.65,-4.25));
#11690 = VECTOR('',#11691,1.);
#11691 = DIRECTION('',(0.,1.,0.));
#11692 = PLANE('',#11693);
#11693 = AXIS2_PLACEMENT_3D('',#11694,#11695,#11696);
#11694 = CARTESIAN_POINT('',(-4.18,1.93,-3.6));
#11695 = DIRECTION('',(1.,0.,0.));
#11696 = DIRECTION('',(0.,0.,-1.));
#11697 = ADVANCED_FACE('',(#11698),#11720,.F.);
#11698 = FACE_BOUND('',#11699,.F.);
#11699 = EDGE_LOOP('',(#11700,#11708,#11709,#11710,#11711,#11712,#11713,
    #11714));
#11700 = ORIENTED_EDGE('',*,*,#11701,.F.);
#11701 = EDGE_CURVE('',#5888,#11702,#11704,.T.);
#11702 = VERTEX_POINT('',#11703);
#11703 = CARTESIAN_POINT('',(-4.18,1.05,-4.25));
#11704 = LINE('',#11705,#11706);
#11705 = CARTESIAN_POINT('',(-4.18,0.875,-4.25));
#11706 = VECTOR('',#11707,1.);
#11707 = DIRECTION('',(1.015061051086E-14,1.,0.));
#11708 = ORIENTED_EDGE('',*,*,#9987,.T.);
#11709 = ORIENTED_EDGE('',*,*,#9448,.T.);
#11710 = ORIENTED_EDGE('',*,*,#9078,.T.);
#11711 = ORIENTED_EDGE('',*,*,#8917,.T.);
#11712 = ORIENTED_EDGE('',*,*,#7864,.T.);
#11713 = ORIENTED_EDGE('',*,*,#8238,.T.);
#11714 = ORIENTED_EDGE('',*,*,#11715,.T.);
#11715 = EDGE_CURVE('',#8231,#11702,#11716,.T.);
#11716 = LINE('',#11717,#11718);
#11717 = CARTESIAN_POINT('',(-4.18,1.05,-3.6));
#11718 = VECTOR('',#11719,1.);
#11719 = DIRECTION('',(0.,0.,-1.));
#11720 = PLANE('',#11721);
#11721 = AXIS2_PLACEMENT_3D('',#11722,#11723,#11724);
#11722 = CARTESIAN_POINT('',(-4.18,1.93,-3.6));
#11723 = DIRECTION('',(1.,0.,0.));
#11724 = DIRECTION('',(0.,0.,-1.));
#11725 = ADVANCED_FACE('',(#11726),#11739,.T.);
#11726 = FACE_BOUND('',#11727,.F.);
#11727 = EDGE_LOOP('',(#11728,#11729,#11730,#11731,#11732,#11738));
#11728 = ORIENTED_EDGE('',*,*,#8063,.F.);
#11729 = ORIENTED_EDGE('',*,*,#8192,.F.);
#11730 = ORIENTED_EDGE('',*,*,#11687,.T.);
#11731 = ORIENTED_EDGE('',*,*,#5863,.T.);
#11732 = ORIENTED_EDGE('',*,*,#11733,.T.);
#11733 = EDGE_CURVE('',#5856,#5771,#11734,.T.);
#11734 = LINE('',#11735,#11736);
#11735 = CARTESIAN_POINT('',(-4.18,-0.32,-4.25));
#11736 = VECTOR('',#11737,1.);
#11737 = DIRECTION('',(-1.,0.,0.));
#11738 = ORIENTED_EDGE('',*,*,#5770,.F.);
#11739 = PLANE('',#11740);
#11740 = AXIS2_PLACEMENT_3D('',#11741,#11742,#11743);
#11741 = CARTESIAN_POINT('',(-4.18,-1.65,-4.25));
#11742 = DIRECTION('',(0.,0.,-1.));
#11743 = DIRECTION('',(0.,1.,0.));
#11744 = ADVANCED_FACE('',(#11745),#11756,.T.);
#11745 = FACE_BOUND('',#11746,.F.);
#11746 = EDGE_LOOP('',(#11747,#11753,#11754,#11755));
#11747 = ORIENTED_EDGE('',*,*,#11748,.T.);
#11748 = EDGE_CURVE('',#5846,#5723,#11749,.T.);
#11749 = LINE('',#11750,#11751);
#11750 = CARTESIAN_POINT('',(-4.18,-0.32,-7.53));
#11751 = VECTOR('',#11752,1.);
#11752 = DIRECTION('',(-1.,0.,0.));
#11753 = ORIENTED_EDGE('',*,*,#5778,.F.);
#11754 = ORIENTED_EDGE('',*,*,#11733,.F.);
#11755 = ORIENTED_EDGE('',*,*,#5855,.T.);
#11756 = PLANE('',#11757);
#11757 = AXIS2_PLACEMENT_3D('',#11758,#11759,#11760);
#11758 = CARTESIAN_POINT('',(-4.18,-0.32,-4.25));
#11759 = DIRECTION('',(0.,-1.,0.));
#11760 = DIRECTION('',(0.,0.,-1.));
#11761 = ADVANCED_FACE('',(#11762),#11787,.T.);
#11762 = FACE_BOUND('',#11763,.F.);
#11763 = EDGE_LOOP('',(#11764,#11765,#11773,#11781));
#11764 = ORIENTED_EDGE('',*,*,#11748,.F.);
#11765 = ORIENTED_EDGE('',*,*,#11766,.F.);
#11766 = EDGE_CURVE('',#11767,#5846,#11769,.T.);
#11767 = VERTEX_POINT('',#11768);
#11768 = CARTESIAN_POINT('',(-4.38,-0.12,-8.13));
#11769 = LINE('',#11770,#11771);
#11770 = CARTESIAN_POINT('',(-4.38,-0.12,-8.13));
#11771 = VECTOR('',#11772,1.);
#11772 = DIRECTION('',(0.301511344578,-0.301511344578,0.904534033733));
#11773 = ORIENTED_EDGE('',*,*,#11774,.T.);
#11774 = EDGE_CURVE('',#11767,#11775,#11777,.T.);
#11775 = VERTEX_POINT('',#11776);
#11776 = CARTESIAN_POINT('',(-4.62,-0.12,-8.13));
#11777 = LINE('',#11778,#11779);
#11778 = CARTESIAN_POINT('',(-4.38,-0.12,-8.13));
#11779 = VECTOR('',#11780,1.);
#11780 = DIRECTION('',(-1.,0.,0.));
#11781 = ORIENTED_EDGE('',*,*,#11782,.T.);
#11782 = EDGE_CURVE('',#11775,#5723,#11783,.T.);
#11783 = LINE('',#11784,#11785);
#11784 = CARTESIAN_POINT('',(-4.62,-0.12,-8.13));
#11785 = VECTOR('',#11786,1.);
#11786 = DIRECTION('',(-0.301511344578,-0.301511344578,0.904534033733));
#11787 = PLANE('',#11788);
#11788 = AXIS2_PLACEMENT_3D('',#11789,#11790,#11791);
#11789 = CARTESIAN_POINT('',(-4.5,-0.22,-7.83));
#11790 = DIRECTION('',(0.,-0.948683298051,-0.316227766017));
#11791 = DIRECTION('',(0.,-0.316227766017,0.948683298051));
#11792 = ADVANCED_FACE('',(#11793),#11811,.T.);
#11793 = FACE_BOUND('',#11794,.F.);
#11794 = EDGE_LOOP('',(#11795,#11803,#11804,#11805));
#11795 = ORIENTED_EDGE('',*,*,#11796,.F.);
#11796 = EDGE_CURVE('',#11767,#11797,#11799,.T.);
#11797 = VERTEX_POINT('',#11798);
#11798 = CARTESIAN_POINT('',(-4.38,0.12,-8.13));
#11799 = LINE('',#11800,#11801);
#11800 = CARTESIAN_POINT('',(-4.38,-0.12,-8.13));
#11801 = VECTOR('',#11802,1.);
#11802 = DIRECTION('',(0.,1.,0.));
#11803 = ORIENTED_EDGE('',*,*,#11766,.T.);
#11804 = ORIENTED_EDGE('',*,*,#5845,.T.);
#11805 = ORIENTED_EDGE('',*,*,#11806,.T.);
#11806 = EDGE_CURVE('',#5848,#11797,#11807,.T.);
#11807 = LINE('',#11808,#11809);
#11808 = CARTESIAN_POINT('',(-4.18,0.32,-7.53));
#11809 = VECTOR('',#11810,1.);
#11810 = DIRECTION('',(-0.301511344578,-0.301511344578,-0.904534033733)
  );
#11811 = PLANE('',#11812);
#11812 = AXIS2_PLACEMENT_3D('',#11813,#11814,#11815);
#11813 = CARTESIAN_POINT('',(-4.28,0.,-7.83));
#11814 = DIRECTION('',(0.948683298051,0.,-0.316227766017));
#11815 = DIRECTION('',(-0.316227766017,0.,-0.948683298051));
#11816 = ADVANCED_FACE('',(#11817),#11835,.T.);
#11817 = FACE_BOUND('',#11818,.F.);
#11818 = EDGE_LOOP('',(#11819,#11827,#11833,#11834));
#11819 = ORIENTED_EDGE('',*,*,#11820,.T.);
#11820 = EDGE_CURVE('',#11797,#11821,#11823,.T.);
#11821 = VERTEX_POINT('',#11822);
#11822 = CARTESIAN_POINT('',(-4.62,0.12,-8.13));
#11823 = LINE('',#11824,#11825);
#11824 = CARTESIAN_POINT('',(-4.38,0.12,-8.13));
#11825 = VECTOR('',#11826,1.);
#11826 = DIRECTION('',(-1.,0.,0.));
#11827 = ORIENTED_EDGE('',*,*,#11828,.T.);
#11828 = EDGE_CURVE('',#11821,#11775,#11829,.T.);
#11829 = LINE('',#11830,#11831);
#11830 = CARTESIAN_POINT('',(-4.62,0.12,-8.13));
#11831 = VECTOR('',#11832,1.);
#11832 = DIRECTION('',(0.,-1.,0.));
#11833 = ORIENTED_EDGE('',*,*,#11774,.F.);
#11834 = ORIENTED_EDGE('',*,*,#11796,.T.);
#11835 = PLANE('',#11836);
#11836 = AXIS2_PLACEMENT_3D('',#11837,#11838,#11839);
#11837 = CARTESIAN_POINT('',(-4.18,-0.32,-8.13));
#11838 = DIRECTION('',(0.,0.,-1.));
#11839 = DIRECTION('',(0.,1.,0.));
#11840 = ADVANCED_FACE('',(#11841),#11857,.T.);
#11841 = FACE_BOUND('',#11842,.F.);
#11842 = EDGE_LOOP('',(#11843,#11844,#11845,#11851));
#11843 = ORIENTED_EDGE('',*,*,#11820,.F.);
#11844 = ORIENTED_EDGE('',*,*,#11806,.F.);
#11845 = ORIENTED_EDGE('',*,*,#11846,.T.);
#11846 = EDGE_CURVE('',#5848,#5721,#11847,.T.);
#11847 = LINE('',#11848,#11849);
#11848 = CARTESIAN_POINT('',(-4.18,0.32,-7.53));
#11849 = VECTOR('',#11850,1.);
#11850 = DIRECTION('',(-1.,0.,0.));
#11851 = ORIENTED_EDGE('',*,*,#11852,.F.);
#11852 = EDGE_CURVE('',#11821,#5721,#11853,.T.);
#11853 = LINE('',#11854,#11855);
#11854 = CARTESIAN_POINT('',(-4.62,0.12,-8.13));
#11855 = VECTOR('',#11856,1.);
#11856 = DIRECTION('',(-0.301511344578,0.301511344578,0.904534033733));
#11857 = PLANE('',#11858);
#11858 = AXIS2_PLACEMENT_3D('',#11859,#11860,#11861);
#11859 = CARTESIAN_POINT('',(-4.5,0.22,-7.83));
#11860 = DIRECTION('',(0.,0.948683298051,-0.316227766017));
#11861 = DIRECTION('',(0.,-0.316227766017,-0.948683298051));
#11862 = ADVANCED_FACE('',(#11863),#11874,.T.);
#11863 = FACE_BOUND('',#11864,.F.);
#11864 = EDGE_LOOP('',(#11865,#11866,#11867,#11873));
#11865 = ORIENTED_EDGE('',*,*,#11846,.F.);
#11866 = ORIENTED_EDGE('',*,*,#5903,.T.);
#11867 = ORIENTED_EDGE('',*,*,#11868,.T.);
#11868 = EDGE_CURVE('',#5896,#5731,#11869,.T.);
#11869 = LINE('',#11870,#11871);
#11870 = CARTESIAN_POINT('',(-4.18,0.32,-4.25));
#11871 = VECTOR('',#11872,1.);
#11872 = DIRECTION('',(-1.,0.,0.));
#11873 = ORIENTED_EDGE('',*,*,#5730,.F.);
#11874 = PLANE('',#11875);
#11875 = AXIS2_PLACEMENT_3D('',#11876,#11877,#11878);
#11876 = CARTESIAN_POINT('',(-4.18,0.32,-8.13));
#11877 = DIRECTION('',(0.,1.,0.));
#11878 = DIRECTION('',(0.,-0.,1.));
#11879 = ADVANCED_FACE('',(#11880),#11893,.T.);
#11880 = FACE_BOUND('',#11881,.F.);
#11881 = EDGE_LOOP('',(#11882,#11883,#11884,#11885,#11886,#11887));
#11882 = ORIENTED_EDGE('',*,*,#8114,.F.);
#11883 = ORIENTED_EDGE('',*,*,#5738,.F.);
#11884 = ORIENTED_EDGE('',*,*,#11868,.F.);
#11885 = ORIENTED_EDGE('',*,*,#5895,.T.);
#11886 = ORIENTED_EDGE('',*,*,#11701,.T.);
#11887 = ORIENTED_EDGE('',*,*,#11888,.T.);
#11888 = EDGE_CURVE('',#11702,#8115,#11889,.T.);
#11889 = LINE('',#11890,#11891);
#11890 = CARTESIAN_POINT('',(-4.18,1.05,-4.25));
#11891 = VECTOR('',#11892,1.);
#11892 = DIRECTION('',(-1.,0.,0.));
#11893 = PLANE('',#11894);
#11894 = AXIS2_PLACEMENT_3D('',#11895,#11896,#11897);
#11895 = CARTESIAN_POINT('',(-4.18,0.32,-4.25));
#11896 = DIRECTION('',(0.,0.,-1.));
#11897 = DIRECTION('',(0.,1.,0.));
#11898 = ADVANCED_FACE('',(#11899),#11905,.T.);
#11899 = FACE_BOUND('',#11900,.F.);
#11900 = EDGE_LOOP('',(#11901,#11902,#11903,#11904));
#11901 = ORIENTED_EDGE('',*,*,#8122,.T.);
#11902 = ORIENTED_EDGE('',*,*,#11888,.F.);
#11903 = ORIENTED_EDGE('',*,*,#11715,.F.);
#11904 = ORIENTED_EDGE('',*,*,#8230,.F.);
#11905 = PLANE('',#11906);
#11906 = AXIS2_PLACEMENT_3D('',#11907,#11908,#11909);
#11907 = CARTESIAN_POINT('',(-4.18,1.05,-4.25));
#11908 = DIRECTION('',(0.,1.,0.));
#11909 = DIRECTION('',(0.,-0.,1.));
#11910 = ADVANCED_FACE('',(#11911),#11917,.T.);
#11911 = FACE_BOUND('',#11912,.F.);
#11912 = EDGE_LOOP('',(#11913,#11914,#11915,#11916));
#11913 = ORIENTED_EDGE('',*,*,#5720,.T.);
#11914 = ORIENTED_EDGE('',*,*,#11782,.F.);
#11915 = ORIENTED_EDGE('',*,*,#11828,.F.);
#11916 = ORIENTED_EDGE('',*,*,#11852,.T.);
#11917 = PLANE('',#11918);
#11918 = AXIS2_PLACEMENT_3D('',#11919,#11920,#11921);
#11919 = CARTESIAN_POINT('',(-4.72,0.,-7.83));
#11920 = DIRECTION('',(-0.948683298051,0.,-0.316227766017));
#11921 = DIRECTION('',(0.316227766017,0.,-0.948683298051));
#11922 = ADVANCED_FACE('',(#11923),#11929,.T.);
#11923 = FACE_BOUND('',#11924,.F.);
#11924 = EDGE_LOOP('',(#11925,#11926,#11927,#11928));
#11925 = ORIENTED_EDGE('',*,*,#6533,.F.);
#11926 = ORIENTED_EDGE('',*,*,#10044,.T.);
#11927 = ORIENTED_EDGE('',*,*,#7991,.T.);
#11928 = ORIENTED_EDGE('',*,*,#6282,.F.);
#11929 = PLANE('',#11930);
#11930 = AXIS2_PLACEMENT_3D('',#11931,#11932,#11933);
#11931 = CARTESIAN_POINT('',(-7.125,0.,4.25));
#11932 = DIRECTION('',(-0.707106781187,0.,0.707106781187));
#11933 = DIRECTION('',(0.707106781187,0.,0.707106781187));
#11934 = ADVANCED_FACE('',(#11935),#11959,.T.);
#11935 = FACE_BOUND('',#11936,.F.);
#11936 = EDGE_LOOP('',(#11937,#11943,#11944,#11952,#11958));
#11937 = ORIENTED_EDGE('',*,*,#11938,.T.);
#11938 = EDGE_CURVE('',#10051,#6267,#11939,.T.);
#11939 = LINE('',#11940,#11941);
#11940 = CARTESIAN_POINT('',(-7.825,-0.75,3.55));
#11941 = VECTOR('',#11942,1.);
#11942 = DIRECTION('',(0.707106781187,0.,0.707106781187));
#11943 = ORIENTED_EDGE('',*,*,#6266,.F.);
#11944 = ORIENTED_EDGE('',*,*,#11945,.T.);
#11945 = EDGE_CURVE('',#6259,#11946,#11948,.T.);
#11946 = VERTEX_POINT('',#11947);
#11947 = CARTESIAN_POINT('',(-6.865,-1.93,4.51));
#11948 = LINE('',#11949,#11950);
#11949 = CARTESIAN_POINT('',(-6.425,-1.93,4.95));
#11950 = VECTOR('',#11951,1.);
#11951 = DIRECTION('',(-0.707106781187,0.,-0.707106781187));
#11952 = ORIENTED_EDGE('',*,*,#11953,.T.);
#11953 = EDGE_CURVE('',#11946,#10059,#11954,.T.);
#11954 = LINE('',#11955,#11956);
#11955 = CARTESIAN_POINT('',(-6.865,-1.93,4.51));
#11956 = VECTOR('',#11957,1.);
#11957 = DIRECTION('',(-0.663538107844,0.345592764502,-0.663538107844));
#11958 = ORIENTED_EDGE('',*,*,#10058,.T.);
#11959 = PLANE('',#11960);
#11960 = AXIS2_PLACEMENT_3D('',#11961,#11962,#11963);
#11961 = CARTESIAN_POINT('',(-7.125,0.,4.25));
#11962 = DIRECTION('',(-0.707106781187,0.,0.707106781187));
#11963 = DIRECTION('',(0.707106781187,0.,0.707106781187));
#11964 = ADVANCED_FACE('',(#11965),#11975,.T.);
#11965 = FACE_BOUND('',#11966,.F.);
#11966 = EDGE_LOOP('',(#11967,#11968,#11974));
#11967 = ORIENTED_EDGE('',*,*,#6555,.F.);
#11968 = ORIENTED_EDGE('',*,*,#11969,.T.);
#11969 = EDGE_CURVE('',#6548,#6241,#11970,.T.);
#11970 = LINE('',#11971,#11972);
#11971 = CARTESIAN_POINT('',(7.825,-0.75,3.55));
#11972 = VECTOR('',#11973,1.);
#11973 = DIRECTION('',(-0.707106781187,0.,0.707106781187));
#11974 = ORIENTED_EDGE('',*,*,#6480,.F.);
#11975 = PLANE('',#11976);
#11976 = AXIS2_PLACEMENT_3D('',#11977,#11978,#11979);
#11977 = CARTESIAN_POINT('',(-7.825,-0.75,-4.95));
#11978 = DIRECTION('',(0.,1.,0.));
#11979 = DIRECTION('',(1.,0.,0.));
#11980 = ADVANCED_FACE('',(#11981),#11998,.T.);
#11981 = FACE_BOUND('',#11982,.F.);
#11982 = EDGE_LOOP('',(#11983,#11991,#11992));
#11983 = ORIENTED_EDGE('',*,*,#11984,.F.);
#11984 = EDGE_CURVE('',#6267,#11985,#11987,.T.);
#11985 = VERTEX_POINT('',#11986);
#11986 = CARTESIAN_POINT('',(-6.425,-0.75,3.55));
#11987 = LINE('',#11988,#11989);
#11988 = CARTESIAN_POINT('',(-6.425,-0.75,4.95));
#11989 = VECTOR('',#11990,1.);
#11990 = DIRECTION('',(0.,0.,-1.));
#11991 = ORIENTED_EDGE('',*,*,#11938,.F.);
#11992 = ORIENTED_EDGE('',*,*,#11993,.F.);
#11993 = EDGE_CURVE('',#11985,#10051,#11994,.T.);
#11994 = LINE('',#11995,#11996);
#11995 = CARTESIAN_POINT('',(-6.425,-0.75,3.55));
#11996 = VECTOR('',#11997,1.);
#11997 = DIRECTION('',(-1.,0.,0.));
#11998 = PLANE('',#11999);
#11999 = AXIS2_PLACEMENT_3D('',#12000,#12001,#12002);
#12000 = CARTESIAN_POINT('',(-7.825,-0.75,-4.95));
#12001 = DIRECTION('',(0.,1.,0.));
#12002 = DIRECTION('',(1.,0.,0.));
#12003 = ADVANCED_FACE('',(#12004),#12010,.T.);
#12004 = FACE_BOUND('',#12005,.F.);
#12005 = EDGE_LOOP('',(#12006,#12007,#12008,#12009));
#12006 = ORIENTED_EDGE('',*,*,#6503,.T.);
#12007 = ORIENTED_EDGE('',*,*,#6298,.F.);
#12008 = ORIENTED_EDGE('',*,*,#7984,.T.);
#12009 = ORIENTED_EDGE('',*,*,#6612,.T.);
#12010 = PLANE('',#12011);
#12011 = AXIS2_PLACEMENT_3D('',#12012,#12013,#12014);
#12012 = CARTESIAN_POINT('',(7.125,0.,4.25));
#12013 = DIRECTION('',(0.707106781187,0.,0.707106781187));
#12014 = DIRECTION('',(-0.707106781187,0.,0.707106781187));
#12015 = ADVANCED_FACE('',(#12016),#12035,.T.);
#12016 = FACE_BOUND('',#12017,.F.);
#12017 = EDGE_LOOP('',(#12018,#12019,#12020,#12028,#12034));
#12018 = ORIENTED_EDGE('',*,*,#11969,.F.);
#12019 = ORIENTED_EDGE('',*,*,#6605,.T.);
#12020 = ORIENTED_EDGE('',*,*,#12021,.F.);
#12021 = EDGE_CURVE('',#12022,#6598,#12024,.T.);
#12022 = VERTEX_POINT('',#12023);
#12023 = CARTESIAN_POINT('',(6.865,-1.93,4.51));
#12024 = LINE('',#12025,#12026);
#12025 = CARTESIAN_POINT('',(6.865,-1.93,4.51));
#12026 = VECTOR('',#12027,1.);
#12027 = DIRECTION('',(0.663538107844,0.345592764502,-0.663538107844));
#12028 = ORIENTED_EDGE('',*,*,#12029,.T.);
#12029 = EDGE_CURVE('',#12022,#6251,#12030,.T.);
#12030 = LINE('',#12031,#12032);
#12031 = CARTESIAN_POINT('',(6.865,-1.93,4.51));
#12032 = VECTOR('',#12033,1.);
#12033 = DIRECTION('',(-0.707106781187,0.,0.707106781187));
#12034 = ORIENTED_EDGE('',*,*,#6250,.F.);
#12035 = PLANE('',#12036);
#12036 = AXIS2_PLACEMENT_3D('',#12037,#12038,#12039);
#12037 = CARTESIAN_POINT('',(7.125,0.,4.25));
#12038 = DIRECTION('',(0.707106781187,0.,0.707106781187));
#12039 = DIRECTION('',(-0.707106781187,0.,0.707106781187));
#12040 = ADVANCED_FACE('',(#12041),#12060,.T.);
#12041 = FACE_BOUND('',#12042,.F.);
#12042 = EDGE_LOOP('',(#12043,#12051,#12052,#12053,#12054));
#12043 = ORIENTED_EDGE('',*,*,#12044,.F.);
#12044 = EDGE_CURVE('',#12022,#12045,#12047,.T.);
#12045 = VERTEX_POINT('',#12046);
#12046 = CARTESIAN_POINT('',(6.865,-1.93,-3.1));
#12047 = LINE('',#12048,#12049);
#12048 = CARTESIAN_POINT('',(6.865,-1.93,4.51));
#12049 = VECTOR('',#12050,1.);
#12050 = DIRECTION('',(0.,0.,-1.));
#12051 = ORIENTED_EDGE('',*,*,#12021,.T.);
#12052 = ORIENTED_EDGE('',*,*,#6597,.T.);
#12053 = ORIENTED_EDGE('',*,*,#8569,.T.);
#12054 = ORIENTED_EDGE('',*,*,#12055,.F.);
#12055 = EDGE_CURVE('',#12045,#8562,#12056,.T.);
#12056 = LINE('',#12057,#12058);
#12057 = CARTESIAN_POINT('',(6.865,-1.93,-3.1));
#12058 = VECTOR('',#12059,1.);
#12059 = DIRECTION('',(0.886914084167,0.461934418837,-4.726427698111E-14
    ));
#12060 = PLANE('',#12061);
#12061 = AXIS2_PLACEMENT_3D('',#12062,#12063,#12064);
#12062 = CARTESIAN_POINT('',(7.345,-1.68,0.925));
#12063 = DIRECTION('',(0.461934418837,-0.886914084167,0.));
#12064 = DIRECTION('',(-0.886914084167,-0.461934418837,0.));
#12065 = ADVANCED_FACE('',(#12066),#12150,.T.);
#12066 = FACE_BOUND('',#12067,.F.);
#12067 = EDGE_LOOP('',(#12068,#12078,#12086,#12094,#12102,#12110,#12118,
    #12124,#12125,#12126,#12127,#12128,#12136,#12144));
#12068 = ORIENTED_EDGE('',*,*,#12069,.F.);
#12069 = EDGE_CURVE('',#12070,#12072,#12074,.T.);
#12070 = VERTEX_POINT('',#12071);
#12071 = CARTESIAN_POINT('',(2.75,-1.93,-3.1));
#12072 = VERTEX_POINT('',#12073);
#12073 = CARTESIAN_POINT('',(2.75,-1.93,4.1));
#12074 = LINE('',#12075,#12076);
#12075 = CARTESIAN_POINT('',(2.75,-1.93,-3.1));
#12076 = VECTOR('',#12077,1.);
#12077 = DIRECTION('',(0.,0.,1.));
#12078 = ORIENTED_EDGE('',*,*,#12079,.T.);
#12079 = EDGE_CURVE('',#12070,#12080,#12082,.T.);
#12080 = VERTEX_POINT('',#12081);
#12081 = CARTESIAN_POINT('',(-2.75,-1.93,-3.1));
#12082 = LINE('',#12083,#12084);
#12083 = CARTESIAN_POINT('',(2.75,-1.93,-3.1));
#12084 = VECTOR('',#12085,1.);
#12085 = DIRECTION('',(-1.,0.,0.));
#12086 = ORIENTED_EDGE('',*,*,#12087,.T.);
#12087 = EDGE_CURVE('',#12080,#12088,#12090,.T.);
#12088 = VERTEX_POINT('',#12089);
#12089 = CARTESIAN_POINT('',(-2.75,-1.93,4.1));
#12090 = LINE('',#12091,#12092);
#12091 = CARTESIAN_POINT('',(-2.75,-1.93,-3.1));
#12092 = VECTOR('',#12093,1.);
#12093 = DIRECTION('',(0.,0.,1.));
#12094 = ORIENTED_EDGE('',*,*,#12095,.T.);
#12095 = EDGE_CURVE('',#12088,#12096,#12098,.T.);
#12096 = VERTEX_POINT('',#12097);
#12097 = CARTESIAN_POINT('',(-3.75,-1.93,4.1));
#12098 = LINE('',#12099,#12100);
#12099 = CARTESIAN_POINT('',(-2.75,-1.93,4.1));
#12100 = VECTOR('',#12101,1.);
#12101 = DIRECTION('',(-1.,0.,0.));
#12102 = ORIENTED_EDGE('',*,*,#12103,.F.);
#12103 = EDGE_CURVE('',#12104,#12096,#12106,.T.);
#12104 = VERTEX_POINT('',#12105);
#12105 = CARTESIAN_POINT('',(-3.75,-1.93,-3.1));
#12106 = LINE('',#12107,#12108);
#12107 = CARTESIAN_POINT('',(-3.75,-1.93,-3.1));
#12108 = VECTOR('',#12109,1.);
#12109 = DIRECTION('',(0.,0.,1.));
#12110 = ORIENTED_EDGE('',*,*,#12111,.T.);
#12111 = EDGE_CURVE('',#12104,#12112,#12114,.T.);
#12112 = VERTEX_POINT('',#12113);
#12113 = CARTESIAN_POINT('',(-6.865,-1.93,-3.1));
#12114 = LINE('',#12115,#12116);
#12115 = CARTESIAN_POINT('',(-3.75,-1.93,-3.1));
#12116 = VECTOR('',#12117,1.);
#12117 = DIRECTION('',(-1.,0.,0.));
#12118 = ORIENTED_EDGE('',*,*,#12119,.T.);
#12119 = EDGE_CURVE('',#12112,#11946,#12120,.T.);
#12120 = LINE('',#12121,#12122);
#12121 = CARTESIAN_POINT('',(-6.865,-1.93,-3.1));
#12122 = VECTOR('',#12123,1.);
#12123 = DIRECTION('',(0.,0.,1.));
#12124 = ORIENTED_EDGE('',*,*,#11945,.F.);
#12125 = ORIENTED_EDGE('',*,*,#6258,.T.);
#12126 = ORIENTED_EDGE('',*,*,#12029,.F.);
#12127 = ORIENTED_EDGE('',*,*,#12044,.T.);
#12128 = ORIENTED_EDGE('',*,*,#12129,.T.);
#12129 = EDGE_CURVE('',#12045,#12130,#12132,.T.);
#12130 = VERTEX_POINT('',#12131);
#12131 = CARTESIAN_POINT('',(3.75,-1.93,-3.1));
#12132 = LINE('',#12133,#12134);
#12133 = CARTESIAN_POINT('',(6.865,-1.93,-3.1));
#12134 = VECTOR('',#12135,1.);
#12135 = DIRECTION('',(-1.,0.,0.));
#12136 = ORIENTED_EDGE('',*,*,#12137,.T.);
#12137 = EDGE_CURVE('',#12130,#12138,#12140,.T.);
#12138 = VERTEX_POINT('',#12139);
#12139 = CARTESIAN_POINT('',(3.75,-1.93,4.1));
#12140 = LINE('',#12141,#12142);
#12141 = CARTESIAN_POINT('',(3.75,-1.93,-3.1));
#12142 = VECTOR('',#12143,1.);
#12143 = DIRECTION('',(0.,0.,1.));
#12144 = ORIENTED_EDGE('',*,*,#12145,.T.);
#12145 = EDGE_CURVE('',#12138,#12072,#12146,.T.);
#12146 = LINE('',#12147,#12148);
#12147 = CARTESIAN_POINT('',(3.75,-1.93,4.1));
#12148 = VECTOR('',#12149,1.);
#12149 = DIRECTION('',(-1.,0.,0.));
#12150 = PLANE('',#12151);
#12151 = AXIS2_PLACEMENT_3D('',#12152,#12153,#12154);
#12152 = CARTESIAN_POINT('',(-7.825,-1.93,4.95));
#12153 = DIRECTION('',(0.,-1.,0.));
#12154 = DIRECTION('',(0.,0.,-1.));
#12155 = ADVANCED_FACE('',(#12156),#12181,.T.);
#12156 = FACE_BOUND('',#12157,.F.);
#12157 = EDGE_LOOP('',(#12158,#12159,#12167,#12175));
#12158 = ORIENTED_EDGE('',*,*,#12069,.T.);
#12159 = ORIENTED_EDGE('',*,*,#12160,.T.);
#12160 = EDGE_CURVE('',#12072,#12161,#12163,.T.);
#12161 = VERTEX_POINT('',#12162);
#12162 = CARTESIAN_POINT('',(2.75,-2.43,4.1));
#12163 = LINE('',#12164,#12165);
#12164 = CARTESIAN_POINT('',(2.75,-1.93,4.1));
#12165 = VECTOR('',#12166,1.);
#12166 = DIRECTION('',(0.,-1.,0.));
#12167 = ORIENTED_EDGE('',*,*,#12168,.T.);
#12168 = EDGE_CURVE('',#12161,#12169,#12171,.T.);
#12169 = VERTEX_POINT('',#12170);
#12170 = CARTESIAN_POINT('',(2.75,-2.43,-3.1));
#12171 = LINE('',#12172,#12173);
#12172 = CARTESIAN_POINT('',(2.75,-2.43,4.1));
#12173 = VECTOR('',#12174,1.);
#12174 = DIRECTION('',(0.,0.,-1.));
#12175 = ORIENTED_EDGE('',*,*,#12176,.F.);
#12176 = EDGE_CURVE('',#12070,#12169,#12177,.T.);
#12177 = LINE('',#12178,#12179);
#12178 = CARTESIAN_POINT('',(2.75,-1.93,-3.1));
#12179 = VECTOR('',#12180,1.);
#12180 = DIRECTION('',(0.,-1.,0.));
#12181 = PLANE('',#12182);
#12182 = AXIS2_PLACEMENT_3D('',#12183,#12184,#12185);
#12183 = CARTESIAN_POINT('',(2.75,-1.93,4.1));
#12184 = DIRECTION('',(-1.,0.,0.));
#12185 = DIRECTION('',(0.,0.,-1.));
#12186 = ADVANCED_FACE('',(#12187),#12205,.T.);
#12187 = FACE_BOUND('',#12188,.F.);
#12188 = EDGE_LOOP('',(#12189,#12190,#12198,#12204));
#12189 = ORIENTED_EDGE('',*,*,#12145,.F.);
#12190 = ORIENTED_EDGE('',*,*,#12191,.T.);
#12191 = EDGE_CURVE('',#12138,#12192,#12194,.T.);
#12192 = VERTEX_POINT('',#12193);
#12193 = CARTESIAN_POINT('',(3.75,-2.43,4.1));
#12194 = LINE('',#12195,#12196);
#12195 = CARTESIAN_POINT('',(3.75,-1.93,4.1));
#12196 = VECTOR('',#12197,1.);
#12197 = DIRECTION('',(0.,-1.,0.));
#12198 = ORIENTED_EDGE('',*,*,#12199,.T.);
#12199 = EDGE_CURVE('',#12192,#12161,#12200,.T.);
#12200 = LINE('',#12201,#12202);
#12201 = CARTESIAN_POINT('',(3.75,-2.43,4.1));
#12202 = VECTOR('',#12203,1.);
#12203 = DIRECTION('',(-1.,0.,0.));
#12204 = ORIENTED_EDGE('',*,*,#12160,.F.);
#12205 = PLANE('',#12206);
#12206 = AXIS2_PLACEMENT_3D('',#12207,#12208,#12209);
#12207 = CARTESIAN_POINT('',(3.75,-1.93,4.1));
#12208 = DIRECTION('',(0.,0.,1.));
#12209 = DIRECTION('',(-1.,0.,0.));
#12210 = ADVANCED_FACE('',(#12211),#12229,.T.);
#12211 = FACE_BOUND('',#12212,.F.);
#12212 = EDGE_LOOP('',(#12213,#12214,#12222,#12228));
#12213 = ORIENTED_EDGE('',*,*,#12137,.F.);
#12214 = ORIENTED_EDGE('',*,*,#12215,.T.);
#12215 = EDGE_CURVE('',#12130,#12216,#12218,.T.);
#12216 = VERTEX_POINT('',#12217);
#12217 = CARTESIAN_POINT('',(3.75,-2.43,-3.1));
#12218 = LINE('',#12219,#12220);
#12219 = CARTESIAN_POINT('',(3.75,-1.93,-3.1));
#12220 = VECTOR('',#12221,1.);
#12221 = DIRECTION('',(0.,-1.,0.));
#12222 = ORIENTED_EDGE('',*,*,#12223,.T.);
#12223 = EDGE_CURVE('',#12216,#12192,#12224,.T.);
#12224 = LINE('',#12225,#12226);
#12225 = CARTESIAN_POINT('',(3.75,-2.43,-3.1));
#12226 = VECTOR('',#12227,1.);
#12227 = DIRECTION('',(0.,0.,1.));
#12228 = ORIENTED_EDGE('',*,*,#12191,.F.);
#12229 = PLANE('',#12230);
#12230 = AXIS2_PLACEMENT_3D('',#12231,#12232,#12233);
#12231 = CARTESIAN_POINT('',(3.75,-1.93,-3.1));
#12232 = DIRECTION('',(1.,0.,0.));
#12233 = DIRECTION('',(0.,0.,1.));
#12234 = ADVANCED_FACE('',(#12235),#12280,.T.);
#12235 = FACE_BOUND('',#12236,.F.);
#12236 = EDGE_LOOP('',(#12237,#12238,#12246,#12254,#12260,#12261,#12262,
    #12268,#12269,#12270,#12271,#12272,#12273,#12274));
#12237 = ORIENTED_EDGE('',*,*,#12111,.F.);
#12238 = ORIENTED_EDGE('',*,*,#12239,.T.);
#12239 = EDGE_CURVE('',#12104,#12240,#12242,.T.);
#12240 = VERTEX_POINT('',#12241);
#12241 = CARTESIAN_POINT('',(-3.75,-2.43,-3.1));
#12242 = LINE('',#12243,#12244);
#12243 = CARTESIAN_POINT('',(-3.75,-1.93,-3.1));
#12244 = VECTOR('',#12245,1.);
#12245 = DIRECTION('',(0.,-1.,0.));
#12246 = ORIENTED_EDGE('',*,*,#12247,.T.);
#12247 = EDGE_CURVE('',#12240,#12248,#12250,.T.);
#12248 = VERTEX_POINT('',#12249);
#12249 = CARTESIAN_POINT('',(-2.75,-2.43,-3.1));
#12250 = LINE('',#12251,#12252);
#12251 = CARTESIAN_POINT('',(-3.75,-2.43,-3.1));
#12252 = VECTOR('',#12253,1.);
#12253 = DIRECTION('',(1.,0.,0.));
#12254 = ORIENTED_EDGE('',*,*,#12255,.F.);
#12255 = EDGE_CURVE('',#12080,#12248,#12256,.T.);
#12256 = LINE('',#12257,#12258);
#12257 = CARTESIAN_POINT('',(-2.75,-1.93,-3.1));
#12258 = VECTOR('',#12259,1.);
#12259 = DIRECTION('',(0.,-1.,0.));
#12260 = ORIENTED_EDGE('',*,*,#12079,.F.);
#12261 = ORIENTED_EDGE('',*,*,#12176,.T.);
#12262 = ORIENTED_EDGE('',*,*,#12263,.T.);
#12263 = EDGE_CURVE('',#12169,#12216,#12264,.T.);
#12264 = LINE('',#12265,#12266);
#12265 = CARTESIAN_POINT('',(2.75,-2.43,-3.1));
#12266 = VECTOR('',#12267,1.);
#12267 = DIRECTION('',(1.,0.,0.));
#12268 = ORIENTED_EDGE('',*,*,#12215,.F.);
#12269 = ORIENTED_EDGE('',*,*,#12129,.F.);
#12270 = ORIENTED_EDGE('',*,*,#12055,.T.);
#12271 = ORIENTED_EDGE('',*,*,#8616,.T.);
#12272 = ORIENTED_EDGE('',*,*,#8280,.T.);
#12273 = ORIENTED_EDGE('',*,*,#8480,.F.);
#12274 = ORIENTED_EDGE('',*,*,#12275,.F.);
#12275 = EDGE_CURVE('',#12112,#8473,#12276,.T.);
#12276 = LINE('',#12277,#12278);
#12277 = CARTESIAN_POINT('',(-6.865,-1.93,-3.1));
#12278 = VECTOR('',#12279,1.);
#12279 = DIRECTION('',(-0.886914084167,0.461934418837,
    -3.150951798741E-14));
#12280 = PLANE('',#12281);
#12281 = AXIS2_PLACEMENT_3D('',#12282,#12283,#12284);
#12282 = CARTESIAN_POINT('',(2.75,-1.93,-3.1));
#12283 = DIRECTION('',(0.,0.,-1.));
#12284 = DIRECTION('',(1.,0.,0.));
#12285 = ADVANCED_FACE('',(#12286),#12304,.T.);
#12286 = FACE_BOUND('',#12287,.F.);
#12287 = EDGE_LOOP('',(#12288,#12289,#12297,#12303));
#12288 = ORIENTED_EDGE('',*,*,#12103,.T.);
#12289 = ORIENTED_EDGE('',*,*,#12290,.T.);
#12290 = EDGE_CURVE('',#12096,#12291,#12293,.T.);
#12291 = VERTEX_POINT('',#12292);
#12292 = CARTESIAN_POINT('',(-3.75,-2.43,4.1));
#12293 = LINE('',#12294,#12295);
#12294 = CARTESIAN_POINT('',(-3.75,-1.93,4.1));
#12295 = VECTOR('',#12296,1.);
#12296 = DIRECTION('',(0.,-1.,0.));
#12297 = ORIENTED_EDGE('',*,*,#12298,.T.);
#12298 = EDGE_CURVE('',#12291,#12240,#12299,.T.);
#12299 = LINE('',#12300,#12301);
#12300 = CARTESIAN_POINT('',(-3.75,-2.43,4.1));
#12301 = VECTOR('',#12302,1.);
#12302 = DIRECTION('',(0.,0.,-1.));
#12303 = ORIENTED_EDGE('',*,*,#12239,.F.);
#12304 = PLANE('',#12305);
#12305 = AXIS2_PLACEMENT_3D('',#12306,#12307,#12308);
#12306 = CARTESIAN_POINT('',(-3.75,-1.93,4.1));
#12307 = DIRECTION('',(-1.,0.,0.));
#12308 = DIRECTION('',(0.,0.,-1.));
#12309 = ADVANCED_FACE('',(#12310),#12328,.T.);
#12310 = FACE_BOUND('',#12311,.F.);
#12311 = EDGE_LOOP('',(#12312,#12313,#12321,#12327));
#12312 = ORIENTED_EDGE('',*,*,#12095,.F.);
#12313 = ORIENTED_EDGE('',*,*,#12314,.T.);
#12314 = EDGE_CURVE('',#12088,#12315,#12317,.T.);
#12315 = VERTEX_POINT('',#12316);
#12316 = CARTESIAN_POINT('',(-2.75,-2.43,4.1));
#12317 = LINE('',#12318,#12319);
#12318 = CARTESIAN_POINT('',(-2.75,-1.93,4.1));
#12319 = VECTOR('',#12320,1.);
#12320 = DIRECTION('',(0.,-1.,0.));
#12321 = ORIENTED_EDGE('',*,*,#12322,.T.);
#12322 = EDGE_CURVE('',#12315,#12291,#12323,.T.);
#12323 = LINE('',#12324,#12325);
#12324 = CARTESIAN_POINT('',(-2.75,-2.43,4.1));
#12325 = VECTOR('',#12326,1.);
#12326 = DIRECTION('',(-1.,0.,0.));
#12327 = ORIENTED_EDGE('',*,*,#12290,.F.);
#12328 = PLANE('',#12329);
#12329 = AXIS2_PLACEMENT_3D('',#12330,#12331,#12332);
#12330 = CARTESIAN_POINT('',(-2.75,-1.93,4.1));
#12331 = DIRECTION('',(0.,0.,1.));
#12332 = DIRECTION('',(-1.,0.,0.));
#12333 = ADVANCED_FACE('',(#12334),#12345,.T.);
#12334 = FACE_BOUND('',#12335,.F.);
#12335 = EDGE_LOOP('',(#12336,#12337,#12338,#12344));
#12336 = ORIENTED_EDGE('',*,*,#12087,.F.);
#12337 = ORIENTED_EDGE('',*,*,#12255,.T.);
#12338 = ORIENTED_EDGE('',*,*,#12339,.T.);
#12339 = EDGE_CURVE('',#12248,#12315,#12340,.T.);
#12340 = LINE('',#12341,#12342);
#12341 = CARTESIAN_POINT('',(-2.75,-2.43,-3.1));
#12342 = VECTOR('',#12343,1.);
#12343 = DIRECTION('',(0.,0.,1.));
#12344 = ORIENTED_EDGE('',*,*,#12314,.F.);
#12345 = PLANE('',#12346);
#12346 = AXIS2_PLACEMENT_3D('',#12347,#12348,#12349);
#12347 = CARTESIAN_POINT('',(-2.75,-1.93,-3.1));
#12348 = DIRECTION('',(1.,0.,0.));
#12349 = DIRECTION('',(0.,0.,1.));
#12350 = ADVANCED_FACE('',(#12351),#12357,.T.);
#12351 = FACE_BOUND('',#12352,.F.);
#12352 = EDGE_LOOP('',(#12353,#12354,#12355,#12356));
#12353 = ORIENTED_EDGE('',*,*,#12168,.F.);
#12354 = ORIENTED_EDGE('',*,*,#12199,.F.);
#12355 = ORIENTED_EDGE('',*,*,#12223,.F.);
#12356 = ORIENTED_EDGE('',*,*,#12263,.F.);
#12357 = PLANE('',#12358);
#12358 = AXIS2_PLACEMENT_3D('',#12359,#12360,#12361);
#12359 = CARTESIAN_POINT('',(-7.825,-2.43,4.95));
#12360 = DIRECTION('',(0.,-1.,0.));
#12361 = DIRECTION('',(1.,0.,0.));
#12362 = ADVANCED_FACE('',(#12363),#12369,.T.);
#12363 = FACE_BOUND('',#12364,.F.);
#12364 = EDGE_LOOP('',(#12365,#12366,#12367,#12368));
#12365 = ORIENTED_EDGE('',*,*,#12322,.F.);
#12366 = ORIENTED_EDGE('',*,*,#12339,.F.);
#12367 = ORIENTED_EDGE('',*,*,#12247,.F.);
#12368 = ORIENTED_EDGE('',*,*,#12298,.F.);
#12369 = PLANE('',#12370);
#12370 = AXIS2_PLACEMENT_3D('',#12371,#12372,#12373);
#12371 = CARTESIAN_POINT('',(-7.825,-2.43,4.95));
#12372 = DIRECTION('',(0.,-1.,0.));
#12373 = DIRECTION('',(1.,0.,0.));
#12374 = ADVANCED_FACE('',(#12375),#12382,.T.);
#12375 = FACE_BOUND('',#12376,.F.);
#12376 = EDGE_LOOP('',(#12377,#12378,#12379,#12380,#12381));
#12377 = ORIENTED_EDGE('',*,*,#12119,.F.);
#12378 = ORIENTED_EDGE('',*,*,#12275,.T.);
#12379 = ORIENTED_EDGE('',*,*,#8595,.T.);
#12380 = ORIENTED_EDGE('',*,*,#10066,.T.);
#12381 = ORIENTED_EDGE('',*,*,#11953,.F.);
#12382 = PLANE('',#12383);
#12383 = AXIS2_PLACEMENT_3D('',#12384,#12385,#12386);
#12384 = CARTESIAN_POINT('',(-7.345,-1.68,0.925));
#12385 = DIRECTION('',(-0.461934418837,-0.886914084167,0.));
#12386 = DIRECTION('',(0.886914084167,-0.461934418837,0.));
#12387 = ADVANCED_FACE('',(#12388),#12399,.F.);
#12388 = FACE_BOUND('',#12389,.F.);
#12389 = EDGE_LOOP('',(#12390,#12391,#12392,#12398));
#12390 = ORIENTED_EDGE('',*,*,#6274,.F.);
#12391 = ORIENTED_EDGE('',*,*,#11984,.T.);
#12392 = ORIENTED_EDGE('',*,*,#12393,.F.);
#12393 = EDGE_CURVE('',#6518,#11985,#12394,.T.);
#12394 = LINE('',#12395,#12396);
#12395 = CARTESIAN_POINT('',(-6.425,1.25,3.55));
#12396 = VECTOR('',#12397,1.);
#12397 = DIRECTION('',(0.,-1.,0.));
#12398 = ORIENTED_EDGE('',*,*,#6517,.F.);
#12399 = PLANE('',#12400);
#12400 = AXIS2_PLACEMENT_3D('',#12401,#12402,#12403);
#12401 = CARTESIAN_POINT('',(-6.425,1.25,4.95));
#12402 = DIRECTION('',(1.,0.,0.));
#12403 = DIRECTION('',(0.,0.,-1.));
#12404 = ADVANCED_FACE('',(#12405),#12411,.F.);
#12405 = FACE_BOUND('',#12406,.F.);
#12406 = EDGE_LOOP('',(#12407,#12408,#12409,#12410));
#12407 = ORIENTED_EDGE('',*,*,#10050,.T.);
#12408 = ORIENTED_EDGE('',*,*,#6525,.F.);
#12409 = ORIENTED_EDGE('',*,*,#12393,.T.);
#12410 = ORIENTED_EDGE('',*,*,#11993,.T.);
#12411 = PLANE('',#12412);
#12412 = AXIS2_PLACEMENT_3D('',#12413,#12414,#12415);
#12413 = CARTESIAN_POINT('',(-6.425,1.25,3.55));
#12414 = DIRECTION('',(0.,0.,-1.));
#12415 = DIRECTION('',(-1.,0.,0.));
#12416 = ADVANCED_FACE('',(#12417),#12442,.T.);
#12417 = FACE_BOUND('',#12418,.F.);
#12418 = EDGE_LOOP('',(#12419,#12429,#12435,#12436));
#12419 = ORIENTED_EDGE('',*,*,#12420,.F.);
#12420 = EDGE_CURVE('',#12421,#12423,#12425,.T.);
#12421 = VERTEX_POINT('',#12422);
#12422 = CARTESIAN_POINT('',(4.82,0.32,1.95));
#12423 = VERTEX_POINT('',#12424);
#12424 = CARTESIAN_POINT('',(4.82,-0.32,1.95));
#12425 = LINE('',#12426,#12427);
#12426 = CARTESIAN_POINT('',(4.82,0.32,1.95));
#12427 = VECTOR('',#12428,1.);
#12428 = DIRECTION('',(0.,-1.,0.));
#12429 = ORIENTED_EDGE('',*,*,#12430,.F.);
#12430 = EDGE_CURVE('',#6172,#12421,#12431,.T.);
#12431 = LINE('',#12432,#12433);
#12432 = CARTESIAN_POINT('',(4.82,0.32,-1.65));
#12433 = VECTOR('',#12434,1.);
#12434 = DIRECTION('',(0.,0.,1.));
#12435 = ORIENTED_EDGE('',*,*,#6169,.F.);
#12436 = ORIENTED_EDGE('',*,*,#12437,.F.);
#12437 = EDGE_CURVE('',#12423,#6170,#12438,.T.);
#12438 = LINE('',#12439,#12440);
#12439 = CARTESIAN_POINT('',(4.82,-0.32,1.95));
#12440 = VECTOR('',#12441,1.);
#12441 = DIRECTION('',(0.,0.,-1.));
#12442 = PLANE('',#12443);
#12443 = AXIS2_PLACEMENT_3D('',#12444,#12445,#12446);
#12444 = CARTESIAN_POINT('',(4.82,0.,0.));
#12445 = DIRECTION('',(1.,0.,0.));
#12446 = DIRECTION('',(0.,0.,-1.));
#12447 = ADVANCED_FACE('',(#12448),#12491,.T.);
#12448 = FACE_BOUND('',#12449,.F.);
#12449 = EDGE_LOOP('',(#12450,#12460,#12468,#12474,#12475,#12476,#12477,
    #12485));
#12450 = ORIENTED_EDGE('',*,*,#12451,.F.);
#12451 = EDGE_CURVE('',#12452,#12454,#12456,.T.);
#12452 = VERTEX_POINT('',#12453);
#12453 = CARTESIAN_POINT('',(4.82,-0.32,-7.53));
#12454 = VERTEX_POINT('',#12455);
#12455 = CARTESIAN_POINT('',(4.82,0.32,-7.53));
#12456 = LINE('',#12457,#12458);
#12457 = CARTESIAN_POINT('',(4.82,-0.32,-7.53));
#12458 = VECTOR('',#12459,1.);
#12459 = DIRECTION('',(0.,1.,0.));
#12460 = ORIENTED_EDGE('',*,*,#12461,.F.);
#12461 = EDGE_CURVE('',#12462,#12452,#12464,.T.);
#12462 = VERTEX_POINT('',#12463);
#12463 = CARTESIAN_POINT('',(4.82,-0.32,-4.25));
#12464 = LINE('',#12465,#12466);
#12465 = CARTESIAN_POINT('',(4.82,-0.32,-4.25));
#12466 = VECTOR('',#12467,1.);
#12467 = DIRECTION('',(0.,0.,-1.));
#12468 = ORIENTED_EDGE('',*,*,#12469,.F.);
#12469 = EDGE_CURVE('',#7607,#12462,#12470,.T.);
#12470 = LINE('',#12471,#12472);
#12471 = CARTESIAN_POINT('',(4.82,-0.875,-4.25));
#12472 = VECTOR('',#12473,1.);
#12473 = DIRECTION('',(0.,1.,0.));
#12474 = ORIENTED_EDGE('',*,*,#9530,.F.);
#12475 = ORIENTED_EDGE('',*,*,#9738,.F.);
#12476 = ORIENTED_EDGE('',*,*,#9888,.T.);
#12477 = ORIENTED_EDGE('',*,*,#12478,.F.);
#12478 = EDGE_CURVE('',#12479,#7551,#12481,.T.);
#12479 = VERTEX_POINT('',#12480);
#12480 = CARTESIAN_POINT('',(4.82,0.32,-4.25));
#12481 = LINE('',#12482,#12483);
#12482 = CARTESIAN_POINT('',(4.82,0.32,-4.25));
#12483 = VECTOR('',#12484,1.);
#12484 = DIRECTION('',(0.,1.,0.));
#12485 = ORIENTED_EDGE('',*,*,#12486,.F.);
#12486 = EDGE_CURVE('',#12454,#12479,#12487,.T.);
#12487 = LINE('',#12488,#12489);
#12488 = CARTESIAN_POINT('',(4.82,0.32,-7.53));
#12489 = VECTOR('',#12490,1.);
#12490 = DIRECTION('',(0.,0.,1.));
#12491 = PLANE('',#12492);
#12492 = AXIS2_PLACEMENT_3D('',#12493,#12494,#12495);
#12493 = CARTESIAN_POINT('',(4.82,0.,0.));
#12494 = DIRECTION('',(1.,0.,0.));
#12495 = DIRECTION('',(0.,0.,-1.));
#12496 = ADVANCED_FACE('',(#12497),#12522,.T.);
#12497 = FACE_BOUND('',#12498,.F.);
#12498 = EDGE_LOOP('',(#12499,#12507,#12508,#12516));
#12499 = ORIENTED_EDGE('',*,*,#12500,.T.);
#12500 = EDGE_CURVE('',#12501,#12421,#12503,.T.);
#12501 = VERTEX_POINT('',#12502);
#12502 = CARTESIAN_POINT('',(4.62,0.12,2.55));
#12503 = LINE('',#12504,#12505);
#12504 = CARTESIAN_POINT('',(4.62,0.12,2.55));
#12505 = VECTOR('',#12506,1.);
#12506 = DIRECTION('',(0.301511344578,0.301511344578,-0.904534033733));
#12507 = ORIENTED_EDGE('',*,*,#12420,.T.);
#12508 = ORIENTED_EDGE('',*,*,#12509,.T.);
#12509 = EDGE_CURVE('',#12423,#12510,#12512,.T.);
#12510 = VERTEX_POINT('',#12511);
#12511 = CARTESIAN_POINT('',(4.62,-0.12,2.55));
#12512 = LINE('',#12513,#12514);
#12513 = CARTESIAN_POINT('',(4.82,-0.32,1.95));
#12514 = VECTOR('',#12515,1.);
#12515 = DIRECTION('',(-0.301511344578,0.301511344578,0.904534033733));
#12516 = ORIENTED_EDGE('',*,*,#12517,.F.);
#12517 = EDGE_CURVE('',#12501,#12510,#12518,.T.);
#12518 = LINE('',#12519,#12520);
#12519 = CARTESIAN_POINT('',(4.62,0.12,2.55));
#12520 = VECTOR('',#12521,1.);
#12521 = DIRECTION('',(0.,-1.,0.));
#12522 = PLANE('',#12523);
#12523 = AXIS2_PLACEMENT_3D('',#12524,#12525,#12526);
#12524 = CARTESIAN_POINT('',(4.72,0.,2.25));
#12525 = DIRECTION('',(0.948683298051,0.,0.316227766017));
#12526 = DIRECTION('',(-0.316227766017,0.,0.948683298051));
#12527 = ADVANCED_FACE('',(#12528),#12553,.T.);
#12528 = FACE_BOUND('',#12529,.F.);
#12529 = EDGE_LOOP('',(#12530,#12531,#12539,#12547));
#12530 = ORIENTED_EDGE('',*,*,#12500,.F.);
#12531 = ORIENTED_EDGE('',*,*,#12532,.T.);
#12532 = EDGE_CURVE('',#12501,#12533,#12535,.T.);
#12533 = VERTEX_POINT('',#12534);
#12534 = CARTESIAN_POINT('',(4.38,0.12,2.55));
#12535 = LINE('',#12536,#12537);
#12536 = CARTESIAN_POINT('',(4.62,0.12,2.55));
#12537 = VECTOR('',#12538,1.);
#12538 = DIRECTION('',(-1.,0.,0.));
#12539 = ORIENTED_EDGE('',*,*,#12540,.T.);
#12540 = EDGE_CURVE('',#12533,#12541,#12543,.T.);
#12541 = VERTEX_POINT('',#12542);
#12542 = CARTESIAN_POINT('',(4.18,0.32,1.95));
#12543 = LINE('',#12544,#12545);
#12544 = CARTESIAN_POINT('',(4.38,0.12,2.55));
#12545 = VECTOR('',#12546,1.);
#12546 = DIRECTION('',(-0.301511344578,0.301511344578,-0.904534033733));
#12547 = ORIENTED_EDGE('',*,*,#12548,.F.);
#12548 = EDGE_CURVE('',#12421,#12541,#12549,.T.);
#12549 = LINE('',#12550,#12551);
#12550 = CARTESIAN_POINT('',(4.82,0.32,1.95));
#12551 = VECTOR('',#12552,1.);
#12552 = DIRECTION('',(-1.,0.,0.));
#12553 = PLANE('',#12554);
#12554 = AXIS2_PLACEMENT_3D('',#12555,#12556,#12557);
#12555 = CARTESIAN_POINT('',(4.5,0.22,2.25));
#12556 = DIRECTION('',(0.,0.948683298051,0.316227766017));
#12557 = DIRECTION('',(0.,0.316227766017,-0.948683298051));
#12558 = ADVANCED_FACE('',(#12559),#12577,.T.);
#12559 = FACE_BOUND('',#12560,.F.);
#12560 = EDGE_LOOP('',(#12561,#12569,#12575,#12576));
#12561 = ORIENTED_EDGE('',*,*,#12562,.T.);
#12562 = EDGE_CURVE('',#12510,#12563,#12565,.T.);
#12563 = VERTEX_POINT('',#12564);
#12564 = CARTESIAN_POINT('',(4.38,-0.12,2.55));
#12565 = LINE('',#12566,#12567);
#12566 = CARTESIAN_POINT('',(4.62,-0.12,2.55));
#12567 = VECTOR('',#12568,1.);
#12568 = DIRECTION('',(-1.,0.,0.));
#12569 = ORIENTED_EDGE('',*,*,#12570,.T.);
#12570 = EDGE_CURVE('',#12563,#12533,#12571,.T.);
#12571 = LINE('',#12572,#12573);
#12572 = CARTESIAN_POINT('',(4.38,-0.12,2.55));
#12573 = VECTOR('',#12574,1.);
#12574 = DIRECTION('',(0.,1.,0.));
#12575 = ORIENTED_EDGE('',*,*,#12532,.F.);
#12576 = ORIENTED_EDGE('',*,*,#12517,.T.);
#12577 = PLANE('',#12578);
#12578 = AXIS2_PLACEMENT_3D('',#12579,#12580,#12581);
#12579 = CARTESIAN_POINT('',(4.82,0.32,2.55));
#12580 = DIRECTION('',(0.,0.,1.));
#12581 = DIRECTION('',(0.,-1.,0.));
#12582 = ADVANCED_FACE('',(#12583),#12601,.T.);
#12583 = FACE_BOUND('',#12584,.F.);
#12584 = EDGE_LOOP('',(#12585,#12586,#12594,#12600));
#12585 = ORIENTED_EDGE('',*,*,#12509,.F.);
#12586 = ORIENTED_EDGE('',*,*,#12587,.T.);
#12587 = EDGE_CURVE('',#12423,#12588,#12590,.T.);
#12588 = VERTEX_POINT('',#12589);
#12589 = CARTESIAN_POINT('',(4.18,-0.32,1.95));
#12590 = LINE('',#12591,#12592);
#12591 = CARTESIAN_POINT('',(4.82,-0.32,1.95));
#12592 = VECTOR('',#12593,1.);
#12593 = DIRECTION('',(-1.,0.,0.));
#12594 = ORIENTED_EDGE('',*,*,#12595,.F.);
#12595 = EDGE_CURVE('',#12563,#12588,#12596,.T.);
#12596 = LINE('',#12597,#12598);
#12597 = CARTESIAN_POINT('',(4.38,-0.12,2.55));
#12598 = VECTOR('',#12599,1.);
#12599 = DIRECTION('',(-0.301511344578,-0.301511344578,-0.904534033733)
  );
#12600 = ORIENTED_EDGE('',*,*,#12562,.F.);
#12601 = PLANE('',#12602);
#12602 = AXIS2_PLACEMENT_3D('',#12603,#12604,#12605);
#12603 = CARTESIAN_POINT('',(4.5,-0.22,2.25));
#12604 = DIRECTION('',(0.,-0.948683298051,0.316227766017));
#12605 = DIRECTION('',(0.,0.316227766017,0.948683298051));
#12606 = ADVANCED_FACE('',(#12607),#12618,.T.);
#12607 = FACE_BOUND('',#12608,.F.);
#12608 = EDGE_LOOP('',(#12609,#12610,#12611,#12612));
#12609 = ORIENTED_EDGE('',*,*,#12587,.F.);
#12610 = ORIENTED_EDGE('',*,*,#12437,.T.);
#12611 = ORIENTED_EDGE('',*,*,#6195,.F.);
#12612 = ORIENTED_EDGE('',*,*,#12613,.F.);
#12613 = EDGE_CURVE('',#12588,#6188,#12614,.T.);
#12614 = LINE('',#12615,#12616);
#12615 = CARTESIAN_POINT('',(4.18,-0.32,1.95));
#12616 = VECTOR('',#12617,1.);
#12617 = DIRECTION('',(0.,0.,-1.));
#12618 = PLANE('',#12619);
#12619 = AXIS2_PLACEMENT_3D('',#12620,#12621,#12622);
#12620 = CARTESIAN_POINT('',(4.82,-0.32,2.55));
#12621 = DIRECTION('',(0.,-1.,0.));
#12622 = DIRECTION('',(0.,0.,-1.));
#12623 = ADVANCED_FACE('',(#12624),#12640,.F.);
#12624 = FACE_BOUND('',#12625,.F.);
#12625 = EDGE_LOOP('',(#12626,#12632,#12633,#12634));
#12626 = ORIENTED_EDGE('',*,*,#12627,.F.);
#12627 = EDGE_CURVE('',#12588,#12541,#12628,.T.);
#12628 = LINE('',#12629,#12630);
#12629 = CARTESIAN_POINT('',(4.18,-0.32,1.95));
#12630 = VECTOR('',#12631,1.);
#12631 = DIRECTION('',(0.,1.,0.));
#12632 = ORIENTED_EDGE('',*,*,#12613,.T.);
#12633 = ORIENTED_EDGE('',*,*,#6187,.T.);
#12634 = ORIENTED_EDGE('',*,*,#12635,.T.);
#12635 = EDGE_CURVE('',#6180,#12541,#12636,.T.);
#12636 = LINE('',#12637,#12638);
#12637 = CARTESIAN_POINT('',(4.18,0.32,-1.65));
#12638 = VECTOR('',#12639,1.);
#12639 = DIRECTION('',(0.,0.,1.));
#12640 = PLANE('',#12641);
#12641 = AXIS2_PLACEMENT_3D('',#12642,#12643,#12644);
#12642 = CARTESIAN_POINT('',(4.18,0.,0.));
#12643 = DIRECTION('',(1.,0.,0.));
#12644 = DIRECTION('',(0.,0.,-1.));
#12645 = ADVANCED_FACE('',(#12646),#12689,.F.);
#12646 = FACE_BOUND('',#12647,.F.);
#12647 = EDGE_LOOP('',(#12648,#12658,#12666,#12672,#12673,#12674,#12675,
    #12683));
#12648 = ORIENTED_EDGE('',*,*,#12649,.F.);
#12649 = EDGE_CURVE('',#12650,#12652,#12654,.T.);
#12650 = VERTEX_POINT('',#12651);
#12651 = CARTESIAN_POINT('',(4.18,0.32,-7.53));
#12652 = VERTEX_POINT('',#12653);
#12653 = CARTESIAN_POINT('',(4.18,-0.32,-7.53));
#12654 = LINE('',#12655,#12656);
#12655 = CARTESIAN_POINT('',(4.18,0.32,-7.53));
#12656 = VECTOR('',#12657,1.);
#12657 = DIRECTION('',(0.,-1.,0.));
#12658 = ORIENTED_EDGE('',*,*,#12659,.T.);
#12659 = EDGE_CURVE('',#12650,#12660,#12662,.T.);
#12660 = VERTEX_POINT('',#12661);
#12661 = CARTESIAN_POINT('',(4.18,0.32,-4.25));
#12662 = LINE('',#12663,#12664);
#12663 = CARTESIAN_POINT('',(4.18,0.32,-7.53));
#12664 = VECTOR('',#12665,1.);
#12665 = DIRECTION('',(0.,0.,1.));
#12666 = ORIENTED_EDGE('',*,*,#12667,.T.);
#12667 = EDGE_CURVE('',#12660,#7763,#12668,.T.);
#12668 = LINE('',#12669,#12670);
#12669 = CARTESIAN_POINT('',(4.18,0.32,-4.25));
#12670 = VECTOR('',#12671,1.);
#12671 = DIRECTION('',(0.,1.,0.));
#12672 = ORIENTED_EDGE('',*,*,#9903,.F.);
#12673 = ORIENTED_EDGE('',*,*,#9753,.T.);
#12674 = ORIENTED_EDGE('',*,*,#9554,.T.);
#12675 = ORIENTED_EDGE('',*,*,#12676,.T.);
#12676 = EDGE_CURVE('',#7795,#12677,#12679,.T.);
#12677 = VERTEX_POINT('',#12678);
#12678 = CARTESIAN_POINT('',(4.18,-0.32,-4.25));
#12679 = LINE('',#12680,#12681);
#12680 = CARTESIAN_POINT('',(4.18,-0.875,-4.25));
#12681 = VECTOR('',#12682,1.);
#12682 = DIRECTION('',(0.,1.,0.));
#12683 = ORIENTED_EDGE('',*,*,#12684,.T.);
#12684 = EDGE_CURVE('',#12677,#12652,#12685,.T.);
#12685 = LINE('',#12686,#12687);
#12686 = CARTESIAN_POINT('',(4.18,-0.32,-4.25));
#12687 = VECTOR('',#12688,1.);
#12688 = DIRECTION('',(0.,0.,-1.));
#12689 = PLANE('',#12690);
#12690 = AXIS2_PLACEMENT_3D('',#12691,#12692,#12693);
#12691 = CARTESIAN_POINT('',(4.18,0.,0.));
#12692 = DIRECTION('',(1.,0.,0.));
#12693 = DIRECTION('',(0.,0.,-1.));
#12694 = ADVANCED_FACE('',(#12695),#12701,.T.);
#12695 = FACE_BOUND('',#12696,.F.);
#12696 = EDGE_LOOP('',(#12697,#12698,#12699,#12700));
#12697 = ORIENTED_EDGE('',*,*,#12540,.F.);
#12698 = ORIENTED_EDGE('',*,*,#12570,.F.);
#12699 = ORIENTED_EDGE('',*,*,#12595,.T.);
#12700 = ORIENTED_EDGE('',*,*,#12627,.T.);
#12701 = PLANE('',#12702);
#12702 = AXIS2_PLACEMENT_3D('',#12703,#12704,#12705);
#12703 = CARTESIAN_POINT('',(4.28,0.,2.25));
#12704 = DIRECTION('',(-0.948683298051,0.,0.316227766017));
#12705 = DIRECTION('',(0.316227766017,0.,0.948683298051));
#12706 = ADVANCED_FACE('',(#12707),#12713,.T.);
#12707 = FACE_BOUND('',#12708,.F.);
#12708 = EDGE_LOOP('',(#12709,#12710,#12711,#12712));
#12709 = ORIENTED_EDGE('',*,*,#12548,.T.);
#12710 = ORIENTED_EDGE('',*,*,#12635,.F.);
#12711 = ORIENTED_EDGE('',*,*,#6179,.T.);
#12712 = ORIENTED_EDGE('',*,*,#12430,.T.);
#12713 = PLANE('',#12714);
#12714 = AXIS2_PLACEMENT_3D('',#12715,#12716,#12717);
#12715 = CARTESIAN_POINT('',(4.82,0.32,-2.4));
#12716 = DIRECTION('',(0.,1.,0.));
#12717 = DIRECTION('',(0.,-0.,1.));
#12718 = ADVANCED_FACE('',(#12719),#12744,.T.);
#12719 = FACE_BOUND('',#12720,.F.);
#12720 = EDGE_LOOP('',(#12721,#12729,#12737,#12743));
#12721 = ORIENTED_EDGE('',*,*,#12722,.F.);
#12722 = EDGE_CURVE('',#12723,#12652,#12725,.T.);
#12723 = VERTEX_POINT('',#12724);
#12724 = CARTESIAN_POINT('',(4.38,-0.12,-8.13));
#12725 = LINE('',#12726,#12727);
#12726 = CARTESIAN_POINT('',(4.38,-0.12,-8.13));
#12727 = VECTOR('',#12728,1.);
#12728 = DIRECTION('',(-0.301511344578,-0.301511344578,0.904534033733));
#12729 = ORIENTED_EDGE('',*,*,#12730,.F.);
#12730 = EDGE_CURVE('',#12731,#12723,#12733,.T.);
#12731 = VERTEX_POINT('',#12732);
#12732 = CARTESIAN_POINT('',(4.38,0.12,-8.13));
#12733 = LINE('',#12734,#12735);
#12734 = CARTESIAN_POINT('',(4.38,0.12,-8.13));
#12735 = VECTOR('',#12736,1.);
#12736 = DIRECTION('',(0.,-1.,0.));
#12737 = ORIENTED_EDGE('',*,*,#12738,.T.);
#12738 = EDGE_CURVE('',#12731,#12650,#12739,.T.);
#12739 = LINE('',#12740,#12741);
#12740 = CARTESIAN_POINT('',(4.38,0.12,-8.13));
#12741 = VECTOR('',#12742,1.);
#12742 = DIRECTION('',(-0.301511344578,0.301511344578,0.904534033733));
#12743 = ORIENTED_EDGE('',*,*,#12649,.T.);
#12744 = PLANE('',#12745);
#12745 = AXIS2_PLACEMENT_3D('',#12746,#12747,#12748);
#12746 = CARTESIAN_POINT('',(4.28,0.,-7.83));
#12747 = DIRECTION('',(-0.948683298051,0.,-0.316227766017));
#12748 = DIRECTION('',(0.316227766017,0.,-0.948683298051));
#12749 = ADVANCED_FACE('',(#12750),#12773,.T.);
#12750 = FACE_BOUND('',#12751,.F.);
#12751 = EDGE_LOOP('',(#12752,#12760,#12766,#12767));
#12752 = ORIENTED_EDGE('',*,*,#12753,.F.);
#12753 = EDGE_CURVE('',#12754,#12452,#12756,.T.);
#12754 = VERTEX_POINT('',#12755);
#12755 = CARTESIAN_POINT('',(4.62,-0.12,-8.13));
#12756 = LINE('',#12757,#12758);
#12757 = CARTESIAN_POINT('',(4.62,-0.12,-8.13));
#12758 = VECTOR('',#12759,1.);
#12759 = DIRECTION('',(0.301511344578,-0.301511344578,0.904534033733));
#12760 = ORIENTED_EDGE('',*,*,#12761,.T.);
#12761 = EDGE_CURVE('',#12754,#12723,#12762,.T.);
#12762 = LINE('',#12763,#12764);
#12763 = CARTESIAN_POINT('',(4.62,-0.12,-8.13));
#12764 = VECTOR('',#12765,1.);
#12765 = DIRECTION('',(-1.,0.,0.));
#12766 = ORIENTED_EDGE('',*,*,#12722,.T.);
#12767 = ORIENTED_EDGE('',*,*,#12768,.F.);
#12768 = EDGE_CURVE('',#12452,#12652,#12769,.T.);
#12769 = LINE('',#12770,#12771);
#12770 = CARTESIAN_POINT('',(4.82,-0.32,-7.53));
#12771 = VECTOR('',#12772,1.);
#12772 = DIRECTION('',(-1.,0.,0.));
#12773 = PLANE('',#12774);
#12774 = AXIS2_PLACEMENT_3D('',#12775,#12776,#12777);
#12775 = CARTESIAN_POINT('',(4.5,-0.22,-7.83));
#12776 = DIRECTION('',(0.,-0.948683298051,-0.316227766017));
#12777 = DIRECTION('',(0.,-0.316227766017,0.948683298051));
#12778 = ADVANCED_FACE('',(#12779),#12797,.T.);
#12779 = FACE_BOUND('',#12780,.F.);
#12780 = EDGE_LOOP('',(#12781,#12782,#12783,#12791));
#12781 = ORIENTED_EDGE('',*,*,#12753,.T.);
#12782 = ORIENTED_EDGE('',*,*,#12451,.T.);
#12783 = ORIENTED_EDGE('',*,*,#12784,.T.);
#12784 = EDGE_CURVE('',#12454,#12785,#12787,.T.);
#12785 = VERTEX_POINT('',#12786);
#12786 = CARTESIAN_POINT('',(4.62,0.12,-8.13));
#12787 = LINE('',#12788,#12789);
#12788 = CARTESIAN_POINT('',(4.82,0.32,-7.53));
#12789 = VECTOR('',#12790,1.);
#12790 = DIRECTION('',(-0.301511344578,-0.301511344578,-0.904534033733)
  );
#12791 = ORIENTED_EDGE('',*,*,#12792,.F.);
#12792 = EDGE_CURVE('',#12754,#12785,#12793,.T.);
#12793 = LINE('',#12794,#12795);
#12794 = CARTESIAN_POINT('',(4.62,-0.12,-8.13));
#12795 = VECTOR('',#12796,1.);
#12796 = DIRECTION('',(0.,1.,0.));
#12797 = PLANE('',#12798);
#12798 = AXIS2_PLACEMENT_3D('',#12799,#12800,#12801);
#12799 = CARTESIAN_POINT('',(4.72,0.,-7.83));
#12800 = DIRECTION('',(0.948683298051,0.,-0.316227766017));
#12801 = DIRECTION('',(-0.316227766017,0.,-0.948683298051));
#12802 = ADVANCED_FACE('',(#12803),#12819,.T.);
#12803 = FACE_BOUND('',#12804,.F.);
#12804 = EDGE_LOOP('',(#12805,#12806,#12812,#12813));
#12805 = ORIENTED_EDGE('',*,*,#12784,.F.);
#12806 = ORIENTED_EDGE('',*,*,#12807,.T.);
#12807 = EDGE_CURVE('',#12454,#12650,#12808,.T.);
#12808 = LINE('',#12809,#12810);
#12809 = CARTESIAN_POINT('',(4.82,0.32,-7.53));
#12810 = VECTOR('',#12811,1.);
#12811 = DIRECTION('',(-1.,0.,0.));
#12812 = ORIENTED_EDGE('',*,*,#12738,.F.);
#12813 = ORIENTED_EDGE('',*,*,#12814,.F.);
#12814 = EDGE_CURVE('',#12785,#12731,#12815,.T.);
#12815 = LINE('',#12816,#12817);
#12816 = CARTESIAN_POINT('',(4.62,0.12,-8.13));
#12817 = VECTOR('',#12818,1.);
#12818 = DIRECTION('',(-1.,0.,0.));
#12819 = PLANE('',#12820);
#12820 = AXIS2_PLACEMENT_3D('',#12821,#12822,#12823);
#12821 = CARTESIAN_POINT('',(4.5,0.22,-7.83));
#12822 = DIRECTION('',(0.,0.948683298051,-0.316227766017));
#12823 = DIRECTION('',(0.,-0.316227766017,-0.948683298051));
#12824 = ADVANCED_FACE('',(#12825),#12836,.T.);
#12825 = FACE_BOUND('',#12826,.F.);
#12826 = EDGE_LOOP('',(#12827,#12828,#12829,#12835));
#12827 = ORIENTED_EDGE('',*,*,#12807,.F.);
#12828 = ORIENTED_EDGE('',*,*,#12486,.T.);
#12829 = ORIENTED_EDGE('',*,*,#12830,.T.);
#12830 = EDGE_CURVE('',#12479,#12660,#12831,.T.);
#12831 = LINE('',#12832,#12833);
#12832 = CARTESIAN_POINT('',(4.82,0.32,-4.25));
#12833 = VECTOR('',#12834,1.);
#12834 = DIRECTION('',(-1.,0.,0.));
#12835 = ORIENTED_EDGE('',*,*,#12659,.F.);
#12836 = PLANE('',#12837);
#12837 = AXIS2_PLACEMENT_3D('',#12838,#12839,#12840);
#12838 = CARTESIAN_POINT('',(4.82,0.32,-8.13));
#12839 = DIRECTION('',(0.,1.,0.));
#12840 = DIRECTION('',(0.,-0.,1.));
#12841 = ADVANCED_FACE('',(#12842),#12855,.T.);
#12842 = FACE_BOUND('',#12843,.F.);
#12843 = EDGE_LOOP('',(#12844,#12845,#12846,#12847,#12848,#12849));
#12844 = ORIENTED_EDGE('',*,*,#7770,.F.);
#12845 = ORIENTED_EDGE('',*,*,#12667,.F.);
#12846 = ORIENTED_EDGE('',*,*,#12830,.F.);
#12847 = ORIENTED_EDGE('',*,*,#12478,.T.);
#12848 = ORIENTED_EDGE('',*,*,#7550,.T.);
#12849 = ORIENTED_EDGE('',*,*,#12850,.T.);
#12850 = EDGE_CURVE('',#7543,#7771,#12851,.T.);
#12851 = LINE('',#12852,#12853);
#12852 = CARTESIAN_POINT('',(4.82,1.05,-4.25));
#12853 = VECTOR('',#12854,1.);
#12854 = DIRECTION('',(-1.,0.,0.));
#12855 = PLANE('',#12856);
#12856 = AXIS2_PLACEMENT_3D('',#12857,#12858,#12859);
#12857 = CARTESIAN_POINT('',(4.82,0.32,-4.25));
#12858 = DIRECTION('',(0.,0.,-1.));
#12859 = DIRECTION('',(0.,1.,0.));
#12860 = ADVANCED_FACE('',(#12861),#12867,.T.);
#12861 = FACE_BOUND('',#12862,.F.);
#12862 = EDGE_LOOP('',(#12863,#12864,#12865,#12866));
#12863 = ORIENTED_EDGE('',*,*,#7778,.T.);
#12864 = ORIENTED_EDGE('',*,*,#12850,.F.);
#12865 = ORIENTED_EDGE('',*,*,#7542,.F.);
#12866 = ORIENTED_EDGE('',*,*,#7677,.F.);
#12867 = PLANE('',#12868);
#12868 = AXIS2_PLACEMENT_3D('',#12869,#12870,#12871);
#12869 = CARTESIAN_POINT('',(4.82,1.05,-4.25));
#12870 = DIRECTION('',(0.,1.,0.));
#12871 = DIRECTION('',(0.,-0.,1.));
#12872 = ADVANCED_FACE('',(#12873),#12879,.T.);
#12873 = FACE_BOUND('',#12874,.F.);
#12874 = EDGE_LOOP('',(#12875,#12876,#12877,#12878));
#12875 = ORIENTED_EDGE('',*,*,#12814,.T.);
#12876 = ORIENTED_EDGE('',*,*,#12730,.T.);
#12877 = ORIENTED_EDGE('',*,*,#12761,.F.);
#12878 = ORIENTED_EDGE('',*,*,#12792,.T.);
#12879 = PLANE('',#12880);
#12880 = AXIS2_PLACEMENT_3D('',#12881,#12882,#12883);
#12881 = CARTESIAN_POINT('',(4.82,-0.32,-8.13));
#12882 = DIRECTION('',(0.,0.,-1.));
#12883 = DIRECTION('',(0.,1.,0.));
#12884 = ADVANCED_FACE('',(#12885),#12896,.T.);
#12885 = FACE_BOUND('',#12886,.F.);
#12886 = EDGE_LOOP('',(#12887,#12888,#12889,#12895));
#12887 = ORIENTED_EDGE('',*,*,#12768,.T.);
#12888 = ORIENTED_EDGE('',*,*,#12684,.F.);
#12889 = ORIENTED_EDGE('',*,*,#12890,.F.);
#12890 = EDGE_CURVE('',#12462,#12677,#12891,.T.);
#12891 = LINE('',#12892,#12893);
#12892 = CARTESIAN_POINT('',(4.82,-0.32,-4.25));
#12893 = VECTOR('',#12894,1.);
#12894 = DIRECTION('',(-1.,0.,0.));
#12895 = ORIENTED_EDGE('',*,*,#12461,.T.);
#12896 = PLANE('',#12897);
#12897 = AXIS2_PLACEMENT_3D('',#12898,#12899,#12900);
#12898 = CARTESIAN_POINT('',(4.82,-0.32,-4.25));
#12899 = DIRECTION('',(0.,-1.,0.));
#12900 = DIRECTION('',(0.,0.,-1.));
#12901 = ADVANCED_FACE('',(#12902),#12915,.T.);
#12902 = FACE_BOUND('',#12903,.F.);
#12903 = EDGE_LOOP('',(#12904,#12905,#12911,#12912,#12913,#12914));
#12904 = ORIENTED_EDGE('',*,*,#7792,.F.);
#12905 = ORIENTED_EDGE('',*,*,#12906,.F.);
#12906 = EDGE_CURVE('',#7605,#7793,#12907,.T.);
#12907 = LINE('',#12908,#12909);
#12908 = CARTESIAN_POINT('',(4.82,-1.65,-4.25));
#12909 = VECTOR('',#12910,1.);
#12910 = DIRECTION('',(-1.,0.,0.));
#12911 = ORIENTED_EDGE('',*,*,#7604,.T.);
#12912 = ORIENTED_EDGE('',*,*,#12469,.T.);
#12913 = ORIENTED_EDGE('',*,*,#12890,.T.);
#12914 = ORIENTED_EDGE('',*,*,#12676,.F.);
#12915 = PLANE('',#12916);
#12916 = AXIS2_PLACEMENT_3D('',#12917,#12918,#12919);
#12917 = CARTESIAN_POINT('',(4.82,-1.65,-4.25));
#12918 = DIRECTION('',(0.,0.,-1.));
#12919 = DIRECTION('',(0.,1.,0.));
#12920 = ADVANCED_FACE('',(#12921),#12927,.T.);
#12921 = FACE_BOUND('',#12922,.F.);
#12922 = EDGE_LOOP('',(#12923,#12924,#12925,#12926));
#12923 = ORIENTED_EDGE('',*,*,#7832,.F.);
#12924 = ORIENTED_EDGE('',*,*,#7715,.T.);
#12925 = ORIENTED_EDGE('',*,*,#7614,.T.);
#12926 = ORIENTED_EDGE('',*,*,#12906,.T.);
#12927 = PLANE('',#12928);
#12928 = AXIS2_PLACEMENT_3D('',#12929,#12930,#12931);
#12929 = CARTESIAN_POINT('',(4.82,-1.65,-3.6));
#12930 = DIRECTION('',(0.,-1.,0.));
#12931 = DIRECTION('',(0.,0.,-1.));
#12932 = ADVANCED_FACE('',(#12933),#12944,.T.);
#12933 = FACE_BOUND('',#12934,.F.);
#12934 = EDGE_LOOP('',(#12935,#12936,#12942,#12943));
#12935 = ORIENTED_EDGE('',*,*,#6306,.T.);
#12936 = ORIENTED_EDGE('',*,*,#12937,.T.);
#12937 = EDGE_CURVE('',#6307,#5928,#12938,.T.);
#12938 = LINE('',#12939,#12940);
#12939 = CARTESIAN_POINT('',(-5.07,-1.27,4.95));
#12940 = VECTOR('',#12941,1.);
#12941 = DIRECTION('',(0.,0.,-1.));
#12942 = ORIENTED_EDGE('',*,*,#5927,.F.);
#12943 = ORIENTED_EDGE('',*,*,#6219,.F.);
#12944 = PLANE('',#12945);
#12945 = AXIS2_PLACEMENT_3D('',#12946,#12947,#12948);
#12946 = CARTESIAN_POINT('',(-3.23,-1.27,4.95));
#12947 = DIRECTION('',(0.,1.,0.));
#12948 = DIRECTION('',(-1.,0.,0.));
#12949 = ADVANCED_FACE('',(#12950),#12961,.T.);
#12950 = FACE_BOUND('',#12951,.F.);
#12951 = EDGE_LOOP('',(#12952,#12953,#12959,#12960));
#12952 = ORIENTED_EDGE('',*,*,#6331,.T.);
#12953 = ORIENTED_EDGE('',*,*,#12954,.T.);
#12954 = EDGE_CURVE('',#6324,#5936,#12955,.T.);
#12955 = LINE('',#12956,#12957);
#12956 = CARTESIAN_POINT('',(-5.77,-0.57,4.95));
#12957 = VECTOR('',#12958,1.);
#12958 = DIRECTION('',(0.,0.,-1.));
#12959 = ORIENTED_EDGE('',*,*,#5935,.F.);
#12960 = ORIENTED_EDGE('',*,*,#12937,.F.);
#12961 = PLANE('',#12962);
#12962 = AXIS2_PLACEMENT_3D('',#12963,#12964,#12965);
#12963 = CARTESIAN_POINT('',(-5.07,-1.27,4.95));
#12964 = DIRECTION('',(0.707106781186,0.707106781187,0.));
#12965 = DIRECTION('',(-0.707106781187,0.707106781186,0.));
#12966 = ADVANCED_FACE('',(#12967),#12978,.T.);
#12967 = FACE_BOUND('',#12968,.F.);
#12968 = EDGE_LOOP('',(#12969,#12970,#12976,#12977));
#12969 = ORIENTED_EDGE('',*,*,#6323,.T.);
#12970 = ORIENTED_EDGE('',*,*,#12971,.T.);
#12971 = EDGE_CURVE('',#6316,#5944,#12972,.T.);
#12972 = LINE('',#12973,#12974);
#12973 = CARTESIAN_POINT('',(-5.77,1.27,4.95));
#12974 = VECTOR('',#12975,1.);
#12975 = DIRECTION('',(0.,0.,-1.));
#12976 = ORIENTED_EDGE('',*,*,#5943,.F.);
#12977 = ORIENTED_EDGE('',*,*,#12954,.F.);
#12978 = PLANE('',#12979);
#12979 = AXIS2_PLACEMENT_3D('',#12980,#12981,#12982);
#12980 = CARTESIAN_POINT('',(-5.77,-0.57,4.95));
#12981 = DIRECTION('',(1.,0.,0.));
#12982 = DIRECTION('',(-0.,1.,0.));
#12983 = ADVANCED_FACE('',(#12984),#12990,.T.);
#12984 = FACE_BOUND('',#12985,.F.);
#12985 = EDGE_LOOP('',(#12986,#12987,#12988,#12989));
#12986 = ORIENTED_EDGE('',*,*,#6315,.T.);
#12987 = ORIENTED_EDGE('',*,*,#6226,.T.);
#12988 = ORIENTED_EDGE('',*,*,#5951,.F.);
#12989 = ORIENTED_EDGE('',*,*,#12971,.F.);
#12990 = PLANE('',#12991);
#12991 = AXIS2_PLACEMENT_3D('',#12992,#12993,#12994);
#12992 = CARTESIAN_POINT('',(-5.77,1.27,4.95));
#12993 = DIRECTION('',(0.,-1.,0.));
#12994 = DIRECTION('',(1.,0.,0.));
#12995 = ADVANCED_FACE('',(#12996),#13012,.T.);
#12996 = FACE_BOUND('',#12997,.F.);
#12997 = EDGE_LOOP('',(#12998,#12999,#13005,#13006));
#12998 = ORIENTED_EDGE('',*,*,#6339,.T.);
#12999 = ORIENTED_EDGE('',*,*,#13000,.T.);
#13000 = EDGE_CURVE('',#6342,#6048,#13001,.T.);
#13001 = LINE('',#13002,#13003);
#13002 = CARTESIAN_POINT('',(0.23,-1.27,4.95));
#13003 = VECTOR('',#13004,1.);
#13004 = DIRECTION('',(0.,0.,-1.));
#13005 = ORIENTED_EDGE('',*,*,#6045,.F.);
#13006 = ORIENTED_EDGE('',*,*,#13007,.F.);
#13007 = EDGE_CURVE('',#6340,#6046,#13008,.T.);
#13008 = LINE('',#13009,#13010);
#13009 = CARTESIAN_POINT('',(2.07,-1.27,4.95));
#13010 = VECTOR('',#13011,1.);
#13011 = DIRECTION('',(0.,0.,-1.));
#13012 = PLANE('',#13013);
#13013 = AXIS2_PLACEMENT_3D('',#13014,#13015,#13016);
#13014 = CARTESIAN_POINT('',(2.07,-1.27,4.95));
#13015 = DIRECTION('',(0.,1.,0.));
#13016 = DIRECTION('',(-1.,0.,0.));
#13017 = ADVANCED_FACE('',(#13018),#13029,.T.);
#13018 = FACE_BOUND('',#13019,.F.);
#13019 = EDGE_LOOP('',(#13020,#13021,#13027,#13028));
#13020 = ORIENTED_EDGE('',*,*,#6373,.T.);
#13021 = ORIENTED_EDGE('',*,*,#13022,.T.);
#13022 = EDGE_CURVE('',#6366,#6056,#13023,.T.);
#13023 = LINE('',#13024,#13025);
#13024 = CARTESIAN_POINT('',(0.23,1.27,4.95));
#13025 = VECTOR('',#13026,1.);
#13026 = DIRECTION('',(0.,0.,-1.));
#13027 = ORIENTED_EDGE('',*,*,#6055,.F.);
#13028 = ORIENTED_EDGE('',*,*,#13000,.F.);
#13029 = PLANE('',#13030);
#13030 = AXIS2_PLACEMENT_3D('',#13031,#13032,#13033);
#13031 = CARTESIAN_POINT('',(0.23,-1.27,4.95));
#13032 = DIRECTION('',(1.,0.,0.));
#13033 = DIRECTION('',(-0.,1.,0.));
#13034 = ADVANCED_FACE('',(#13035),#13046,.T.);
#13035 = FACE_BOUND('',#13036,.F.);
#13036 = EDGE_LOOP('',(#13037,#13038,#13044,#13045));
#13037 = ORIENTED_EDGE('',*,*,#6365,.T.);
#13038 = ORIENTED_EDGE('',*,*,#13039,.T.);
#13039 = EDGE_CURVE('',#6358,#6064,#13040,.T.);
#13040 = LINE('',#13041,#13042);
#13041 = CARTESIAN_POINT('',(2.77,1.27,4.95));
#13042 = VECTOR('',#13043,1.);
#13043 = DIRECTION('',(0.,0.,-1.));
#13044 = ORIENTED_EDGE('',*,*,#6063,.F.);
#13045 = ORIENTED_EDGE('',*,*,#13022,.F.);
#13046 = PLANE('',#13047);
#13047 = AXIS2_PLACEMENT_3D('',#13048,#13049,#13050);
#13048 = CARTESIAN_POINT('',(0.23,1.27,4.95));
#13049 = DIRECTION('',(0.,-1.,0.));
#13050 = DIRECTION('',(1.,0.,0.));
#13051 = ADVANCED_FACE('',(#13052),#13063,.T.);
#13052 = FACE_BOUND('',#13053,.F.);
#13053 = EDGE_LOOP('',(#13054,#13055,#13061,#13062));
#13054 = ORIENTED_EDGE('',*,*,#6357,.T.);
#13055 = ORIENTED_EDGE('',*,*,#13056,.T.);
#13056 = EDGE_CURVE('',#6350,#6072,#13057,.T.);
#13057 = LINE('',#13058,#13059);
#13058 = CARTESIAN_POINT('',(2.77,-0.57,4.95));
#13059 = VECTOR('',#13060,1.);
#13060 = DIRECTION('',(0.,0.,-1.));
#13061 = ORIENTED_EDGE('',*,*,#6071,.F.);
#13062 = ORIENTED_EDGE('',*,*,#13039,.F.);
#13063 = PLANE('',#13064);
#13064 = AXIS2_PLACEMENT_3D('',#13065,#13066,#13067);
#13065 = CARTESIAN_POINT('',(2.77,1.27,4.95));
#13066 = DIRECTION('',(-1.,0.,0.));
#13067 = DIRECTION('',(0.,-1.,0.));
#13068 = ADVANCED_FACE('',(#13069),#13075,.T.);
#13069 = FACE_BOUND('',#13070,.F.);
#13070 = EDGE_LOOP('',(#13071,#13072,#13073,#13074));
#13071 = ORIENTED_EDGE('',*,*,#6349,.T.);
#13072 = ORIENTED_EDGE('',*,*,#13007,.T.);
#13073 = ORIENTED_EDGE('',*,*,#6079,.F.);
#13074 = ORIENTED_EDGE('',*,*,#13056,.F.);
#13075 = PLANE('',#13076);
#13076 = AXIS2_PLACEMENT_3D('',#13077,#13078,#13079);
#13077 = CARTESIAN_POINT('',(2.77,-0.57,4.95));
#13078 = DIRECTION('',(-0.707106781187,0.707106781187,0.));
#13079 = DIRECTION('',(-0.707106781187,-0.707106781187,0.));
#13080 = ADVANCED_FACE('',(#13081),#13097,.T.);
#13081 = FACE_BOUND('',#13082,.F.);
#13082 = EDGE_LOOP('',(#13083,#13084,#13090,#13091));
#13083 = ORIENTED_EDGE('',*,*,#6381,.T.);
#13084 = ORIENTED_EDGE('',*,*,#13085,.T.);
#13085 = EDGE_CURVE('',#6384,#6130,#13086,.T.);
#13086 = LINE('',#13087,#13088);
#13087 = CARTESIAN_POINT('',(3.23,-1.27,4.95));
#13088 = VECTOR('',#13089,1.);
#13089 = DIRECTION('',(0.,0.,-1.));
#13090 = ORIENTED_EDGE('',*,*,#6127,.F.);
#13091 = ORIENTED_EDGE('',*,*,#13092,.F.);
#13092 = EDGE_CURVE('',#6382,#6128,#13093,.T.);
#13093 = LINE('',#13094,#13095);
#13094 = CARTESIAN_POINT('',(5.07,-1.27,4.95));
#13095 = VECTOR('',#13096,1.);
#13096 = DIRECTION('',(0.,0.,-1.));
#13097 = PLANE('',#13098);
#13098 = AXIS2_PLACEMENT_3D('',#13099,#13100,#13101);
#13099 = CARTESIAN_POINT('',(5.07,-1.27,4.95));
#13100 = DIRECTION('',(0.,1.,0.));
#13101 = DIRECTION('',(-1.,0.,0.));
#13102 = ADVANCED_FACE('',(#13103),#13114,.T.);
#13103 = FACE_BOUND('',#13104,.F.);
#13104 = EDGE_LOOP('',(#13105,#13106,#13112,#13113));
#13105 = ORIENTED_EDGE('',*,*,#6415,.T.);
#13106 = ORIENTED_EDGE('',*,*,#13107,.T.);
#13107 = EDGE_CURVE('',#6408,#6138,#13108,.T.);
#13108 = LINE('',#13109,#13110);
#13109 = CARTESIAN_POINT('',(3.23,1.27,4.95));
#13110 = VECTOR('',#13111,1.);
#13111 = DIRECTION('',(0.,0.,-1.));
#13112 = ORIENTED_EDGE('',*,*,#6137,.F.);
#13113 = ORIENTED_EDGE('',*,*,#13085,.F.);
#13114 = PLANE('',#13115);
#13115 = AXIS2_PLACEMENT_3D('',#13116,#13117,#13118);
#13116 = CARTESIAN_POINT('',(3.23,-1.27,4.95));
#13117 = DIRECTION('',(1.,0.,0.));
#13118 = DIRECTION('',(-0.,1.,0.));
#13119 = ADVANCED_FACE('',(#13120),#13131,.T.);
#13120 = FACE_BOUND('',#13121,.F.);
#13121 = EDGE_LOOP('',(#13122,#13123,#13129,#13130));
#13122 = ORIENTED_EDGE('',*,*,#6407,.T.);
#13123 = ORIENTED_EDGE('',*,*,#13124,.T.);
#13124 = EDGE_CURVE('',#6400,#6146,#13125,.T.);
#13125 = LINE('',#13126,#13127);
#13126 = CARTESIAN_POINT('',(5.77,1.27,4.95));
#13127 = VECTOR('',#13128,1.);
#13128 = DIRECTION('',(0.,0.,-1.));
#13129 = ORIENTED_EDGE('',*,*,#6145,.F.);
#13130 = ORIENTED_EDGE('',*,*,#13107,.F.);
#13131 = PLANE('',#13132);
#13132 = AXIS2_PLACEMENT_3D('',#13133,#13134,#13135);
#13133 = CARTESIAN_POINT('',(3.23,1.27,4.95));
#13134 = DIRECTION('',(0.,-1.,0.));
#13135 = DIRECTION('',(1.,0.,0.));
#13136 = ADVANCED_FACE('',(#13137),#13148,.T.);
#13137 = FACE_BOUND('',#13138,.F.);
#13138 = EDGE_LOOP('',(#13139,#13140,#13146,#13147));
#13139 = ORIENTED_EDGE('',*,*,#6399,.T.);
#13140 = ORIENTED_EDGE('',*,*,#13141,.T.);
#13141 = EDGE_CURVE('',#6392,#6154,#13142,.T.);
#13142 = LINE('',#13143,#13144);
#13143 = CARTESIAN_POINT('',(5.77,-0.57,4.95));
#13144 = VECTOR('',#13145,1.);
#13145 = DIRECTION('',(0.,0.,-1.));
#13146 = ORIENTED_EDGE('',*,*,#6153,.F.);
#13147 = ORIENTED_EDGE('',*,*,#13124,.F.);
#13148 = PLANE('',#13149);
#13149 = AXIS2_PLACEMENT_3D('',#13150,#13151,#13152);
#13150 = CARTESIAN_POINT('',(5.77,1.27,4.95));
#13151 = DIRECTION('',(-1.,0.,0.));
#13152 = DIRECTION('',(0.,-1.,0.));
#13153 = ADVANCED_FACE('',(#13154),#13160,.T.);
#13154 = FACE_BOUND('',#13155,.F.);
#13155 = EDGE_LOOP('',(#13156,#13157,#13158,#13159));
#13156 = ORIENTED_EDGE('',*,*,#6391,.T.);
#13157 = ORIENTED_EDGE('',*,*,#13092,.T.);
#13158 = ORIENTED_EDGE('',*,*,#6161,.F.);
#13159 = ORIENTED_EDGE('',*,*,#13141,.F.);
#13160 = PLANE('',#13161);
#13161 = AXIS2_PLACEMENT_3D('',#13162,#13163,#13164);
#13162 = CARTESIAN_POINT('',(5.77,-0.57,4.95));
#13163 = DIRECTION('',(-0.707106781187,0.707106781187,0.));
#13164 = DIRECTION('',(-0.707106781187,-0.707106781187,0.));
#13165 = ADVANCED_FACE('',(#13166),#13182,.T.);
#13166 = FACE_BOUND('',#13167,.F.);
#13167 = EDGE_LOOP('',(#13168,#13169,#13175,#13176));
#13168 = ORIENTED_EDGE('',*,*,#6423,.T.);
#13169 = ORIENTED_EDGE('',*,*,#13170,.T.);
#13170 = EDGE_CURVE('',#6426,#5974,#13171,.T.);
#13171 = LINE('',#13172,#13173);
#13172 = CARTESIAN_POINT('',(-2.77,-1.27,4.95));
#13173 = VECTOR('',#13174,1.);
#13174 = DIRECTION('',(0.,0.,-1.));
#13175 = ORIENTED_EDGE('',*,*,#5971,.F.);
#13176 = ORIENTED_EDGE('',*,*,#13177,.F.);
#13177 = EDGE_CURVE('',#6424,#5972,#13178,.T.);
#13178 = LINE('',#13179,#13180);
#13179 = CARTESIAN_POINT('',(-0.23,-1.27,4.95));
#13180 = VECTOR('',#13181,1.);
#13181 = DIRECTION('',(0.,0.,-1.));
#13182 = PLANE('',#13183);
#13183 = AXIS2_PLACEMENT_3D('',#13184,#13185,#13186);
#13184 = CARTESIAN_POINT('',(-0.23,-1.27,4.95));
#13185 = DIRECTION('',(0.,1.,0.));
#13186 = DIRECTION('',(-1.,0.,0.));
#13187 = ADVANCED_FACE('',(#13188),#13199,.T.);
#13188 = FACE_BOUND('',#13189,.F.);
#13189 = EDGE_LOOP('',(#13190,#13191,#13197,#13198));
#13190 = ORIENTED_EDGE('',*,*,#6449,.T.);
#13191 = ORIENTED_EDGE('',*,*,#13192,.T.);
#13192 = EDGE_CURVE('',#6442,#5982,#13193,.T.);
#13193 = LINE('',#13194,#13195);
#13194 = CARTESIAN_POINT('',(-2.77,1.27,4.95));
#13195 = VECTOR('',#13196,1.);
#13196 = DIRECTION('',(0.,0.,-1.));
#13197 = ORIENTED_EDGE('',*,*,#5981,.F.);
#13198 = ORIENTED_EDGE('',*,*,#13170,.F.);
#13199 = PLANE('',#13200);
#13200 = AXIS2_PLACEMENT_3D('',#13201,#13202,#13203);
#13201 = CARTESIAN_POINT('',(-2.77,-1.27,4.95));
#13202 = DIRECTION('',(1.,0.,0.));
#13203 = DIRECTION('',(-0.,1.,0.));
#13204 = ADVANCED_FACE('',(#13205),#13216,.T.);
#13205 = FACE_BOUND('',#13206,.F.);
#13206 = EDGE_LOOP('',(#13207,#13208,#13214,#13215));
#13207 = ORIENTED_EDGE('',*,*,#6441,.T.);
#13208 = ORIENTED_EDGE('',*,*,#13209,.T.);
#13209 = EDGE_CURVE('',#6434,#5990,#13210,.T.);
#13210 = LINE('',#13211,#13212);
#13211 = CARTESIAN_POINT('',(-0.23,1.27,4.95));
#13212 = VECTOR('',#13213,1.);
#13213 = DIRECTION('',(0.,0.,-1.));
#13214 = ORIENTED_EDGE('',*,*,#5989,.F.);
#13215 = ORIENTED_EDGE('',*,*,#13192,.F.);
#13216 = PLANE('',#13217);
#13217 = AXIS2_PLACEMENT_3D('',#13218,#13219,#13220);
#13218 = CARTESIAN_POINT('',(-2.77,1.27,4.95));
#13219 = DIRECTION('',(0.,-1.,0.));
#13220 = DIRECTION('',(1.,0.,0.));
#13221 = ADVANCED_FACE('',(#13222),#13228,.T.);
#13222 = FACE_BOUND('',#13223,.F.);
#13223 = EDGE_LOOP('',(#13224,#13225,#13226,#13227));
#13224 = ORIENTED_EDGE('',*,*,#6433,.T.);
#13225 = ORIENTED_EDGE('',*,*,#13177,.T.);
#13226 = ORIENTED_EDGE('',*,*,#5997,.F.);
#13227 = ORIENTED_EDGE('',*,*,#13209,.F.);
#13228 = PLANE('',#13229);
#13229 = AXIS2_PLACEMENT_3D('',#13230,#13231,#13232);
#13230 = CARTESIAN_POINT('',(-0.23,1.27,4.95));
#13231 = DIRECTION('',(-1.,0.,0.));
#13232 = DIRECTION('',(0.,-1.,0.));
#13233 = MANIFOLD_SOLID_BREP('',#13234);
#13234 = CLOSED_SHELL('',(#13235,#13284,#13315,#13339,#13363,#13387,
    #13405));
#13235 = ADVANCED_FACE('',(#13236),#13279,.F.);
#13236 = FACE_BOUND('',#13237,.F.);
#13237 = EDGE_LOOP('',(#13238,#13248,#13257,#13265,#13273));
#13238 = ORIENTED_EDGE('',*,*,#13239,.T.);
#13239 = EDGE_CURVE('',#13240,#13242,#13244,.T.);
#13240 = VERTEX_POINT('',#13241);
#13241 = CARTESIAN_POINT('',(-1.3,1.935,4.4));
#13242 = VERTEX_POINT('',#13243);
#13243 = CARTESIAN_POINT('',(-1.3,1.935,1.95));
#13244 = LINE('',#13245,#13246);
#13245 = CARTESIAN_POINT('',(-1.3,1.935,4.4));
#13246 = VECTOR('',#13247,1.);
#13247 = DIRECTION('',(0.,0.,-1.));
#13248 = ORIENTED_EDGE('',*,*,#13249,.T.);
#13249 = EDGE_CURVE('',#13242,#13250,#13252,.T.);
#13250 = VERTEX_POINT('',#13251);
#13251 = CARTESIAN_POINT('',(-1.3,2.435,2.45));
#13252 = CIRCLE('',#13253,0.5);
#13253 = AXIS2_PLACEMENT_3D('',#13254,#13255,#13256);
#13254 = CARTESIAN_POINT('',(-1.3,2.435,1.95));
#13255 = DIRECTION('',(-1.,0.,0.));
#13256 = DIRECTION('',(0.,-1.,0.));
#13257 = ORIENTED_EDGE('',*,*,#13258,.T.);
#13258 = EDGE_CURVE('',#13250,#13259,#13261,.T.);
#13259 = VERTEX_POINT('',#13260);
#13260 = CARTESIAN_POINT('',(-1.3,3.135,2.45));
#13261 = LINE('',#13262,#13263);
#13262 = CARTESIAN_POINT('',(-1.3,2.435,2.45));
#13263 = VECTOR('',#13264,1.);
#13264 = DIRECTION('',(0.,1.,0.));
#13265 = ORIENTED_EDGE('',*,*,#13266,.T.);
#13266 = EDGE_CURVE('',#13259,#13267,#13269,.T.);
#13267 = VERTEX_POINT('',#13268);
#13268 = CARTESIAN_POINT('',(-1.3,3.135,3.2));
#13269 = LINE('',#13270,#13271);
#13270 = CARTESIAN_POINT('',(-1.3,3.135,2.45));
#13271 = VECTOR('',#13272,1.);
#13272 = DIRECTION('',(0.,0.,1.));
#13273 = ORIENTED_EDGE('',*,*,#13274,.T.);
#13274 = EDGE_CURVE('',#13267,#13240,#13275,.T.);
#13275 = LINE('',#13276,#13277);
#13276 = CARTESIAN_POINT('',(-1.3,3.135,3.2));
#13277 = VECTOR('',#13278,1.);
#13278 = DIRECTION('',(0.,-0.707106781187,0.707106781187));
#13279 = PLANE('',#13280);
#13280 = AXIS2_PLACEMENT_3D('',#13281,#13282,#13283);
#13281 = CARTESIAN_POINT('',(-1.3,0.,0.));
#13282 = DIRECTION('',(1.,0.,0.));
#13283 = DIRECTION('',(0.,0.,-1.));
#13284 = ADVANCED_FACE('',(#13285),#13310,.T.);
#13285 = FACE_BOUND('',#13286,.F.);
#13286 = EDGE_LOOP('',(#13287,#13288,#13296,#13304));
#13287 = ORIENTED_EDGE('',*,*,#13239,.F.);
#13288 = ORIENTED_EDGE('',*,*,#13289,.T.);
#13289 = EDGE_CURVE('',#13240,#13290,#13292,.T.);
#13290 = VERTEX_POINT('',#13291);
#13291 = CARTESIAN_POINT('',(1.3,1.935,4.4));
#13292 = LINE('',#13293,#13294);
#13293 = CARTESIAN_POINT('',(-1.3,1.935,4.4));
#13294 = VECTOR('',#13295,1.);
#13295 = DIRECTION('',(1.,0.,0.));
#13296 = ORIENTED_EDGE('',*,*,#13297,.T.);
#13297 = EDGE_CURVE('',#13290,#13298,#13300,.T.);
#13298 = VERTEX_POINT('',#13299);
#13299 = CARTESIAN_POINT('',(1.3,1.935,1.95));
#13300 = LINE('',#13301,#13302);
#13301 = CARTESIAN_POINT('',(1.3,1.935,4.4));
#13302 = VECTOR('',#13303,1.);
#13303 = DIRECTION('',(0.,0.,-1.));
#13304 = ORIENTED_EDGE('',*,*,#13305,.F.);
#13305 = EDGE_CURVE('',#13242,#13298,#13306,.T.);
#13306 = LINE('',#13307,#13308);
#13307 = CARTESIAN_POINT('',(-1.3,1.935,1.95));
#13308 = VECTOR('',#13309,1.);
#13309 = DIRECTION('',(1.,0.,0.));
#13310 = PLANE('',#13311);
#13311 = AXIS2_PLACEMENT_3D('',#13312,#13313,#13314);
#13312 = CARTESIAN_POINT('',(-1.3,1.935,4.4));
#13313 = DIRECTION('',(0.,-1.,0.));
#13314 = DIRECTION('',(0.,0.,-1.));
#13315 = ADVANCED_FACE('',(#13316),#13334,.T.);
#13316 = FACE_BOUND('',#13317,.F.);
#13317 = EDGE_LOOP('',(#13318,#13319,#13327,#13333));
#13318 = ORIENTED_EDGE('',*,*,#13274,.F.);
#13319 = ORIENTED_EDGE('',*,*,#13320,.T.);
#13320 = EDGE_CURVE('',#13267,#13321,#13323,.T.);
#13321 = VERTEX_POINT('',#13322);
#13322 = CARTESIAN_POINT('',(1.3,3.135,3.2));
#13323 = LINE('',#13324,#13325);
#13324 = CARTESIAN_POINT('',(-1.3,3.135,3.2));
#13325 = VECTOR('',#13326,1.);
#13326 = DIRECTION('',(1.,0.,0.));
#13327 = ORIENTED_EDGE('',*,*,#13328,.T.);
#13328 = EDGE_CURVE('',#13321,#13290,#13329,.T.);
#13329 = LINE('',#13330,#13331);
#13330 = CARTESIAN_POINT('',(1.3,3.135,3.2));
#13331 = VECTOR('',#13332,1.);
#13332 = DIRECTION('',(0.,-0.707106781187,0.707106781187));
#13333 = ORIENTED_EDGE('',*,*,#13289,.F.);
#13334 = PLANE('',#13335);
#13335 = AXIS2_PLACEMENT_3D('',#13336,#13337,#13338);
#13336 = CARTESIAN_POINT('',(-1.3,3.135,3.2));
#13337 = DIRECTION('',(0.,0.707106781187,0.707106781187));
#13338 = DIRECTION('',(0.,-0.707106781187,0.707106781187));
#13339 = ADVANCED_FACE('',(#13340),#13358,.T.);
#13340 = FACE_BOUND('',#13341,.F.);
#13341 = EDGE_LOOP('',(#13342,#13343,#13351,#13357));
#13342 = ORIENTED_EDGE('',*,*,#13266,.F.);
#13343 = ORIENTED_EDGE('',*,*,#13344,.T.);
#13344 = EDGE_CURVE('',#13259,#13345,#13347,.T.);
#13345 = VERTEX_POINT('',#13346);
#13346 = CARTESIAN_POINT('',(1.3,3.135,2.45));
#13347 = LINE('',#13348,#13349);
#13348 = CARTESIAN_POINT('',(-1.3,3.135,2.45));
#13349 = VECTOR('',#13350,1.);
#13350 = DIRECTION('',(1.,0.,0.));
#13351 = ORIENTED_EDGE('',*,*,#13352,.T.);
#13352 = EDGE_CURVE('',#13345,#13321,#13353,.T.);
#13353 = LINE('',#13354,#13355);
#13354 = CARTESIAN_POINT('',(1.3,3.135,2.45));
#13355 = VECTOR('',#13356,1.);
#13356 = DIRECTION('',(0.,0.,1.));
#13357 = ORIENTED_EDGE('',*,*,#13320,.F.);
#13358 = PLANE('',#13359);
#13359 = AXIS2_PLACEMENT_3D('',#13360,#13361,#13362);
#13360 = CARTESIAN_POINT('',(-1.3,3.135,2.45));
#13361 = DIRECTION('',(0.,1.,0.));
#13362 = DIRECTION('',(0.,-0.,1.));
#13363 = ADVANCED_FACE('',(#13364),#13382,.T.);
#13364 = FACE_BOUND('',#13365,.F.);
#13365 = EDGE_LOOP('',(#13366,#13367,#13375,#13381));
#13366 = ORIENTED_EDGE('',*,*,#13258,.F.);
#13367 = ORIENTED_EDGE('',*,*,#13368,.T.);
#13368 = EDGE_CURVE('',#13250,#13369,#13371,.T.);
#13369 = VERTEX_POINT('',#13370);
#13370 = CARTESIAN_POINT('',(1.3,2.435,2.45));
#13371 = LINE('',#13372,#13373);
#13372 = CARTESIAN_POINT('',(-1.3,2.435,2.45));
#13373 = VECTOR('',#13374,1.);
#13374 = DIRECTION('',(1.,0.,0.));
#13375 = ORIENTED_EDGE('',*,*,#13376,.T.);
#13376 = EDGE_CURVE('',#13369,#13345,#13377,.T.);
#13377 = LINE('',#13378,#13379);
#13378 = CARTESIAN_POINT('',(1.3,2.435,2.45));
#13379 = VECTOR('',#13380,1.);
#13380 = DIRECTION('',(0.,1.,0.));
#13381 = ORIENTED_EDGE('',*,*,#13344,.F.);
#13382 = PLANE('',#13383);
#13383 = AXIS2_PLACEMENT_3D('',#13384,#13385,#13386);
#13384 = CARTESIAN_POINT('',(-1.3,2.435,2.45));
#13385 = DIRECTION('',(0.,0.,-1.));
#13386 = DIRECTION('',(0.,1.,0.));
#13387 = ADVANCED_FACE('',(#13388),#13400,.F.);
#13388 = FACE_BOUND('',#13389,.F.);
#13389 = EDGE_LOOP('',(#13390,#13391,#13392,#13399));
#13390 = ORIENTED_EDGE('',*,*,#13249,.F.);
#13391 = ORIENTED_EDGE('',*,*,#13305,.T.);
#13392 = ORIENTED_EDGE('',*,*,#13393,.T.);
#13393 = EDGE_CURVE('',#13298,#13369,#13394,.T.);
#13394 = CIRCLE('',#13395,0.5);
#13395 = AXIS2_PLACEMENT_3D('',#13396,#13397,#13398);
#13396 = CARTESIAN_POINT('',(1.3,2.435,1.95));
#13397 = DIRECTION('',(-1.,0.,0.));
#13398 = DIRECTION('',(0.,-1.,0.));
#13399 = ORIENTED_EDGE('',*,*,#13368,.F.);
#13400 = CYLINDRICAL_SURFACE('',#13401,0.5);
#13401 = AXIS2_PLACEMENT_3D('',#13402,#13403,#13404);
#13402 = CARTESIAN_POINT('',(-1.3,2.435,1.95));
#13403 = DIRECTION('',(1.,0.,0.));
#13404 = DIRECTION('',(0.,0.,-1.));
#13405 = ADVANCED_FACE('',(#13406),#13413,.T.);
#13406 = FACE_BOUND('',#13407,.F.);
#13407 = EDGE_LOOP('',(#13408,#13409,#13410,#13411,#13412));
#13408 = ORIENTED_EDGE('',*,*,#13297,.F.);
#13409 = ORIENTED_EDGE('',*,*,#13328,.F.);
#13410 = ORIENTED_EDGE('',*,*,#13352,.F.);
#13411 = ORIENTED_EDGE('',*,*,#13376,.F.);
#13412 = ORIENTED_EDGE('',*,*,#13393,.F.);
#13413 = PLANE('',#13414);
#13414 = AXIS2_PLACEMENT_3D('',#13415,#13416,#13417);
#13415 = CARTESIAN_POINT('',(1.3,0.,0.));
#13416 = DIRECTION('',(1.,0.,0.));
#13417 = DIRECTION('',(0.,0.,-1.));
#13418 = GEOMETRIC_CURVE_SET('',(#13419,#13427));
#13419 = TRIMMED_CURVE('',#13420,(#13425,PARAMETER_VALUE(0.)),(#13426,
    PARAMETER_VALUE(3.141592653589)),.T.,.PARAMETER.);
#13420 = CIRCLE('',#13421,0.51);
#13421 = AXIS2_PLACEMENT_3D('',#13422,#13423,#13424);
#13422 = CARTESIAN_POINT('',(4.5,0.,-4.95));
#13423 = DIRECTION('',(0.,0.,-1.));
#13424 = DIRECTION('',(-1.,0.,0.));
#13425 = CARTESIAN_POINT('',(3.99,-1.513235405051E-13,-4.95));
#13426 = CARTESIAN_POINT('',(5.01,1.513235405051E-13,-4.95));
#13427 = TRIMMED_CURVE('',#13428,(#13433,PARAMETER_VALUE(0.)),(#13434,
    PARAMETER_VALUE(3.141592653589)),.T.,.PARAMETER.);
#13428 = CIRCLE('',#13429,0.51);
#13429 = AXIS2_PLACEMENT_3D('',#13430,#13431,#13432);
#13430 = CARTESIAN_POINT('',(4.5,0.,-4.95));
#13431 = DIRECTION('',(0.,0.,-1.));
#13432 = DIRECTION('',(1.,0.,0.));
#13433 = CARTESIAN_POINT('',(5.01,1.513235405051E-13,-4.95));
#13434 = CARTESIAN_POINT('',(3.99,-1.513235405051E-13,-4.95));
#13435 = GEOMETRIC_CURVE_SET('',(#13436,#13444));
#13436 = TRIMMED_CURVE('',#13437,(#13442,PARAMETER_VALUE(0.)),(#13443,
    PARAMETER_VALUE(3.141592653589)),.T.,.PARAMETER.);
#13437 = CIRCLE('',#13438,0.51);
#13438 = AXIS2_PLACEMENT_3D('',#13439,#13440,#13441);
#13439 = CARTESIAN_POINT('',(1.5,0.,-4.95));
#13440 = DIRECTION('',(0.,0.,-1.));
#13441 = DIRECTION('',(-1.,0.,0.));
#13442 = CARTESIAN_POINT('',(0.99,-1.513235405051E-13,-4.95));
#13443 = CARTESIAN_POINT('',(2.01,1.513235405051E-13,-4.95));
#13444 = TRIMMED_CURVE('',#13445,(#13450,PARAMETER_VALUE(0.)),(#13451,
    PARAMETER_VALUE(3.141592653589)),.T.,.PARAMETER.);
#13445 = CIRCLE('',#13446,0.51);
#13446 = AXIS2_PLACEMENT_3D('',#13447,#13448,#13449);
#13447 = CARTESIAN_POINT('',(1.5,0.,-4.95));
#13448 = DIRECTION('',(0.,0.,-1.));
#13449 = DIRECTION('',(1.,0.,0.));
#13450 = CARTESIAN_POINT('',(2.01,1.513235405051E-13,-4.95));
#13451 = CARTESIAN_POINT('',(0.99,-1.513235405051E-13,-4.95));
#13452 = GEOMETRIC_CURVE_SET('',(#13453,#13461));
#13453 = TRIMMED_CURVE('',#13454,(#13459,PARAMETER_VALUE(0.)),(#13460,
    PARAMETER_VALUE(3.141592653589)),.T.,.PARAMETER.);
#13454 = CIRCLE('',#13455,0.51);
#13455 = AXIS2_PLACEMENT_3D('',#13456,#13457,#13458);
#13456 = CARTESIAN_POINT('',(-1.5,0.,-4.95));
#13457 = DIRECTION('',(0.,0.,-1.));
#13458 = DIRECTION('',(-1.,0.,0.));
#13459 = CARTESIAN_POINT('',(-2.01,-1.513235405051E-13,-4.95));
#13460 = CARTESIAN_POINT('',(-0.99,1.513235405051E-13,-4.95));
#13461 = TRIMMED_CURVE('',#13462,(#13467,PARAMETER_VALUE(0.)),(#13468,
    PARAMETER_VALUE(3.141592653589)),.T.,.PARAMETER.);
#13462 = CIRCLE('',#13463,0.51);
#13463 = AXIS2_PLACEMENT_3D('',#13464,#13465,#13466);
#13464 = CARTESIAN_POINT('',(-1.5,0.,-4.95));
#13465 = DIRECTION('',(0.,0.,-1.));
#13466 = DIRECTION('',(1.,0.,0.));
#13467 = CARTESIAN_POINT('',(-0.99,1.513235405051E-13,-4.95));
#13468 = CARTESIAN_POINT('',(-2.01,-1.513235405051E-13,-4.95));
#13469 = GEOMETRIC_CURVE_SET('',(#13470,#13478));
#13470 = TRIMMED_CURVE('',#13471,(#13476,PARAMETER_VALUE(0.)),(#13477,
    PARAMETER_VALUE(3.141592653589)),.T.,.PARAMETER.);
#13471 = CIRCLE('',#13472,0.51);
#13472 = AXIS2_PLACEMENT_3D('',#13473,#13474,#13475);
#13473 = CARTESIAN_POINT('',(-4.5,0.,-4.95));
#13474 = DIRECTION('',(0.,0.,-1.));
#13475 = DIRECTION('',(-1.,0.,0.));
#13476 = CARTESIAN_POINT('',(-5.01,-1.513235405051E-13,-4.95));
#13477 = CARTESIAN_POINT('',(-3.99,1.513235405051E-13,-4.95));
#13478 = TRIMMED_CURVE('',#13479,(#13484,PARAMETER_VALUE(0.)),(#13485,
    PARAMETER_VALUE(3.141592653589)),.T.,.PARAMETER.);
#13479 = CIRCLE('',#13480,0.51);
#13480 = AXIS2_PLACEMENT_3D('',#13481,#13482,#13483);
#13481 = CARTESIAN_POINT('',(-4.5,0.,-4.95));
#13482 = DIRECTION('',(0.,0.,-1.));
#13483 = DIRECTION('',(1.,0.,0.));
#13484 = CARTESIAN_POINT('',(-3.99,1.513235405051E-13,-4.95));
#13485 = CARTESIAN_POINT('',(-5.01,-1.513235405051E-13,-4.95));
#13486 = GEOMETRIC_CURVE_SET('',(#13487,#13495));
#13487 = TRIMMED_CURVE('',#13488,(#13493,PARAMETER_VALUE(0.)),(#13494,
    PARAMETER_VALUE(3.141592653589)),.T.,.PARAMETER.);
#13488 = CIRCLE('',#13489,0.635);
#13489 = AXIS2_PLACEMENT_3D('',#13490,#13491,#13492);
#13490 = CARTESIAN_POINT('',(7.5,-1.96,-4.95));
#13491 = DIRECTION('',(0.,0.,-1.));
#13492 = DIRECTION('',(-1.,0.,0.));
#13493 = CARTESIAN_POINT('',(6.865,-1.96,-4.95));
#13494 = CARTESIAN_POINT('',(8.135,-1.96,-4.95));
#13495 = TRIMMED_CURVE('',#13496,(#13501,PARAMETER_VALUE(0.)),(#13502,
    PARAMETER_VALUE(3.141592653589)),.T.,.PARAMETER.);
#13496 = CIRCLE('',#13497,0.635);
#13497 = AXIS2_PLACEMENT_3D('',#13498,#13499,#13500);
#13498 = CARTESIAN_POINT('',(7.5,-1.96,-4.95));
#13499 = DIRECTION('',(0.,0.,-1.));
#13500 = DIRECTION('',(1.,0.,0.));
#13501 = CARTESIAN_POINT('',(8.135,-1.96,-4.95));
#13502 = CARTESIAN_POINT('',(6.865,-1.96,-4.95));
#13503 = GEOMETRIC_CURVE_SET('',(#13504,#13512));
#13504 = TRIMMED_CURVE('',#13505,(#13510,PARAMETER_VALUE(0.)),(#13511,
    PARAMETER_VALUE(3.141592653589)),.T.,.PARAMETER.);
#13505 = CIRCLE('',#13506,0.635);
#13506 = AXIS2_PLACEMENT_3D('',#13507,#13508,#13509);
#13507 = CARTESIAN_POINT('',(-7.5,-1.96,-4.95));
#13508 = DIRECTION('',(0.,0.,-1.));
#13509 = DIRECTION('',(-1.,0.,0.));
#13510 = CARTESIAN_POINT('',(-8.135,-1.96,-4.95));
#13511 = CARTESIAN_POINT('',(-6.865,-1.96,-4.95));
#13512 = TRIMMED_CURVE('',#13513,(#13518,PARAMETER_VALUE(0.)),(#13519,
    PARAMETER_VALUE(3.141592653589)),.T.,.PARAMETER.);
#13513 = CIRCLE('',#13514,0.635);
#13514 = AXIS2_PLACEMENT_3D('',#13515,#13516,#13517);
#13515 = CARTESIAN_POINT('',(-7.5,-1.96,-4.95));
#13516 = DIRECTION('',(0.,0.,-1.));
#13517 = DIRECTION('',(1.,0.,0.));
#13518 = CARTESIAN_POINT('',(-6.865,-1.96,-4.95));
#13519 = CARTESIAN_POINT('',(-8.135,-1.96,-4.95));
#13520 = ( GEOMETRIC_REPRESENTATION_CONTEXT(3) 
GLOBAL_UNCERTAINTY_ASSIGNED_CONTEXT((#13524)) 
GLOBAL_UNIT_ASSIGNED_CONTEXT((#13521,#13522,#13523)) 
REPRESENTATION_CONTEXT('Context #1',
  '3D Context with UNIT and UNCERTAINTY') );
#13521 = ( LENGTH_UNIT() NAMED_UNIT(*) SI_UNIT(.MILLI.,.METRE.) );
#13522 = ( NAMED_UNIT(*) PLANE_ANGLE_UNIT() SI_UNIT($,.RADIAN.) );
#13523 = ( NAMED_UNIT(*) SI_UNIT($,.STERADIAN.) SOLID_ANGLE_UNIT() );
#13524 = UNCERTAINTY_MEASURE_WITH_UNIT(LENGTH_MEASURE(1.E-07),#13521,
  'distance_accuracy_value','confusion accuracy');
#13525 = CONTEXT_DEPENDENT_SHAPE_REPRESENTATION(#13526,#13528);
#13526 = ( REPRESENTATION_RELATIONSHIP('','',#5534,#5511) 
REPRESENTATION_RELATIONSHIP_WITH_TRANSFORMATION(#13527) 
SHAPE_REPRESENTATION_RELATIONSHIP() );
#13527 = ITEM_DEFINED_TRANSFORMATION('','',#11,#5512);
#13528 = PRODUCT_DEFINITION_SHAPE('Placement','Placement of an item',
  #13529);
#13529 = NEXT_ASSEMBLY_USAGE_OCCURRENCE('3','=>[0:1:1:5]','',#5506,#5529
  ,$);
#13530 = PRODUCT_RELATED_PRODUCT_CATEGORY('part',$,(#5531));
#13531 = CONTEXT_DEPENDENT_SHAPE_REPRESENTATION(#13532,#13534);
#13532 = ( REPRESENTATION_RELATIONSHIP('','',#5511,#10) 
REPRESENTATION_RELATIONSHIP_WITH_TRANSFORMATION(#13533) 
SHAPE_REPRESENTATION_RELATIONSHIP() );
#13533 = ITEM_DEFINED_TRANSFORMATION('','',#11,#23);
#13534 = PRODUCT_DEFINITION_SHAPE('Placement','Placement of an item',
  #13535);
#13535 = NEXT_ASSEMBLY_USAGE_OCCURRENCE('5','J3','',#5,#5506,$);
#13536 = CONTEXT_DEPENDENT_SHAPE_REPRESENTATION(#13537,#13539);
#13537 = ( REPRESENTATION_RELATIONSHIP('','',#5511,#10) 
REPRESENTATION_RELATIONSHIP_WITH_TRANSFORMATION(#13538) 
SHAPE_REPRESENTATION_RELATIONSHIP() );
#13538 = ITEM_DEFINED_TRANSFORMATION('','',#11,#27);
#13539 = PRODUCT_DEFINITION_SHAPE('Placement','Placement of an item',
  #13540);
#13540 = NEXT_ASSEMBLY_USAGE_OCCURRENCE('6','J1','',#5,#5506,$);
#13541 = SHAPE_DEFINITION_REPRESENTATION(#13542,#13548);
#13542 = PRODUCT_DEFINITION_SHAPE('','',#13543);
#13543 = PRODUCT_DEFINITION('design','',#13544,#13547);
#13544 = PRODUCT_DEFINITION_FORMATION('','',#13545);
#13545 = PRODUCT('BPS-ContactorPCB_PCB','BPS-ContactorPCB_PCB','',(
    #13546));
#13546 = PRODUCT_CONTEXT('',#2,'mechanical');
#13547 = PRODUCT_DEFINITION_CONTEXT('part definition',#2,'design');
#13548 = ADVANCED_BREP_SHAPE_REPRESENTATION('',(#11,#13549),#14853);
#13549 = MANIFOLD_SOLID_BREP('',#13550);
#13550 = CLOSED_SHELL('',(#13551,#13593,#13624,#13655,#13993,#14331,
    #14348,#14365,#14382,#14399,#14411,#14428,#14445,#14462,#14479,
    #14496,#14513,#14530,#14547,#14564,#14581,#14598,#14615,#14632,
    #14649,#14666,#14683,#14700,#14717,#14734,#14751,#14768,#14785,
    #14802,#14819,#14836));
#13551 = ADVANCED_FACE('',(#13552),#13588,.T.);
#13552 = FACE_BOUND('',#13553,.T.);
#13553 = EDGE_LOOP('',(#13554,#13564,#13573,#13581));
#13554 = ORIENTED_EDGE('',*,*,#13555,.T.);
#13555 = EDGE_CURVE('',#13556,#13558,#13560,.T.);
#13556 = VERTEX_POINT('',#13557);
#13557 = CARTESIAN_POINT('',(13.4125,22.2,0.));
#13558 = VERTEX_POINT('',#13559);
#13559 = CARTESIAN_POINT('',(13.4125,22.2,1.6));
#13560 = LINE('',#13561,#13562);
#13561 = CARTESIAN_POINT('',(13.4125,22.2,0.));
#13562 = VECTOR('',#13563,1.);
#13563 = DIRECTION('',(0.,0.,1.));
#13564 = ORIENTED_EDGE('',*,*,#13565,.T.);
#13565 = EDGE_CURVE('',#13558,#13566,#13568,.T.);
#13566 = VERTEX_POINT('',#13567);
#13567 = CARTESIAN_POINT('',(16.4125,19.2,1.6));
#13568 = CIRCLE('',#13569,3.000001172987);
#13569 = AXIS2_PLACEMENT_3D('',#13570,#13571,#13572);
#13570 = CARTESIAN_POINT('',(13.412498827013,19.199998827013,1.6));
#13571 = DIRECTION('',(0.,0.,-1.));
#13572 = DIRECTION('',(3.909953616065E-07,1.,0.));
#13573 = ORIENTED_EDGE('',*,*,#13574,.F.);
#13574 = EDGE_CURVE('',#13575,#13566,#13577,.T.);
#13575 = VERTEX_POINT('',#13576);
#13576 = CARTESIAN_POINT('',(16.4125,19.2,0.));
#13577 = LINE('',#13578,#13579);
#13578 = CARTESIAN_POINT('',(16.4125,19.2,0.));
#13579 = VECTOR('',#13580,1.);
#13580 = DIRECTION('',(0.,0.,1.));
#13581 = ORIENTED_EDGE('',*,*,#13582,.F.);
#13582 = EDGE_CURVE('',#13556,#13575,#13583,.T.);
#13583 = CIRCLE('',#13584,3.000001172987);
#13584 = AXIS2_PLACEMENT_3D('',#13585,#13586,#13587);
#13585 = CARTESIAN_POINT('',(13.412498827013,19.199998827013,0.));
#13586 = DIRECTION('',(0.,0.,-1.));
#13587 = DIRECTION('',(3.909953616065E-07,1.,0.));
#13588 = CYLINDRICAL_SURFACE('',#13589,3.000001172987);
#13589 = AXIS2_PLACEMENT_3D('',#13590,#13591,#13592);
#13590 = CARTESIAN_POINT('',(13.412498827013,19.199998827013,0.));
#13591 = DIRECTION('',(0.,0.,-1.));
#13592 = DIRECTION('',(3.909953616065E-07,1.,0.));
#13593 = ADVANCED_FACE('',(#13594),#13619,.T.);
#13594 = FACE_BOUND('',#13595,.T.);
#13595 = EDGE_LOOP('',(#13596,#13606,#13612,#13613));
#13596 = ORIENTED_EDGE('',*,*,#13597,.T.);
#13597 = EDGE_CURVE('',#13598,#13600,#13602,.T.);
#13598 = VERTEX_POINT('',#13599);
#13599 = CARTESIAN_POINT('',(-13.4125,22.2,0.));
#13600 = VERTEX_POINT('',#13601);
#13601 = CARTESIAN_POINT('',(-13.4125,22.2,1.6));
#13602 = LINE('',#13603,#13604);
#13603 = CARTESIAN_POINT('',(-13.4125,22.2,0.));
#13604 = VECTOR('',#13605,1.);
#13605 = DIRECTION('',(0.,0.,1.));
#13606 = ORIENTED_EDGE('',*,*,#13607,.T.);
#13607 = EDGE_CURVE('',#13600,#13558,#13608,.T.);
#13608 = LINE('',#13609,#13610);
#13609 = CARTESIAN_POINT('',(-13.4125,22.2,1.6));
#13610 = VECTOR('',#13611,1.);
#13611 = DIRECTION('',(1.,0.,0.));
#13612 = ORIENTED_EDGE('',*,*,#13555,.F.);
#13613 = ORIENTED_EDGE('',*,*,#13614,.F.);
#13614 = EDGE_CURVE('',#13598,#13556,#13615,.T.);
#13615 = LINE('',#13616,#13617);
#13616 = CARTESIAN_POINT('',(-13.4125,22.2,0.));
#13617 = VECTOR('',#13618,1.);
#13618 = DIRECTION('',(1.,0.,0.));
#13619 = PLANE('',#13620);
#13620 = AXIS2_PLACEMENT_3D('',#13621,#13622,#13623);
#13621 = CARTESIAN_POINT('',(-13.4125,22.2,0.));
#13622 = DIRECTION('',(0.,1.,0.));
#13623 = DIRECTION('',(1.,0.,0.));
#13624 = ADVANCED_FACE('',(#13625),#13650,.T.);
#13625 = FACE_BOUND('',#13626,.T.);
#13626 = EDGE_LOOP('',(#13627,#13628,#13636,#13644));
#13627 = ORIENTED_EDGE('',*,*,#13574,.T.);
#13628 = ORIENTED_EDGE('',*,*,#13629,.T.);
#13629 = EDGE_CURVE('',#13566,#13630,#13632,.T.);
#13630 = VERTEX_POINT('',#13631);
#13631 = CARTESIAN_POINT('',(16.4125,-19.2,1.6));
#13632 = LINE('',#13633,#13634);
#13633 = CARTESIAN_POINT('',(16.4125,19.2,1.6));
#13634 = VECTOR('',#13635,1.);
#13635 = DIRECTION('',(0.,-1.,0.));
#13636 = ORIENTED_EDGE('',*,*,#13637,.F.);
#13637 = EDGE_CURVE('',#13638,#13630,#13640,.T.);
#13638 = VERTEX_POINT('',#13639);
#13639 = CARTESIAN_POINT('',(16.4125,-19.2,0.));
#13640 = LINE('',#13641,#13642);
#13641 = CARTESIAN_POINT('',(16.4125,-19.2,0.));
#13642 = VECTOR('',#13643,1.);
#13643 = DIRECTION('',(0.,0.,1.));
#13644 = ORIENTED_EDGE('',*,*,#13645,.F.);
#13645 = EDGE_CURVE('',#13575,#13638,#13646,.T.);
#13646 = LINE('',#13647,#13648);
#13647 = CARTESIAN_POINT('',(16.4125,19.2,0.));
#13648 = VECTOR('',#13649,1.);
#13649 = DIRECTION('',(0.,-1.,0.));
#13650 = PLANE('',#13651);
#13651 = AXIS2_PLACEMENT_3D('',#13652,#13653,#13654);
#13652 = CARTESIAN_POINT('',(16.4125,19.2,0.));
#13653 = DIRECTION('',(1.,0.,-0.));
#13654 = DIRECTION('',(0.,-1.,0.));
#13655 = ADVANCED_FACE('',(#13656,#13702,#13713,#13724,#13735,#13746,
    #13757,#13768,#13779,#13790,#13801,#13812,#13823,#13834,#13845,
    #13856,#13867,#13878,#13889,#13900,#13911,#13922,#13933,#13944,
    #13955,#13966,#13977),#13988,.T.);
#13656 = FACE_BOUND('',#13657,.T.);
#13657 = EDGE_LOOP('',(#13658,#13659,#13660,#13669,#13677,#13686,#13694,
    #13701));
#13658 = ORIENTED_EDGE('',*,*,#13582,.T.);
#13659 = ORIENTED_EDGE('',*,*,#13645,.T.);
#13660 = ORIENTED_EDGE('',*,*,#13661,.T.);
#13661 = EDGE_CURVE('',#13638,#13662,#13664,.T.);
#13662 = VERTEX_POINT('',#13663);
#13663 = CARTESIAN_POINT('',(13.4125,-22.2,0.));
#13664 = CIRCLE('',#13665,3.000001172987);
#13665 = AXIS2_PLACEMENT_3D('',#13666,#13667,#13668);
#13666 = CARTESIAN_POINT('',(13.412498827013,-19.19999882701,0.));
#13667 = DIRECTION('',(0.,0.,-1.));
#13668 = DIRECTION('',(1.,-3.909953616065E-07,0.));
#13669 = ORIENTED_EDGE('',*,*,#13670,.T.);
#13670 = EDGE_CURVE('',#13662,#13671,#13673,.T.);
#13671 = VERTEX_POINT('',#13672);
#13672 = CARTESIAN_POINT('',(-13.4125,-22.2,0.));
#13673 = LINE('',#13674,#13675);
#13674 = CARTESIAN_POINT('',(13.4125,-22.2,0.));
#13675 = VECTOR('',#13676,1.);
#13676 = DIRECTION('',(-1.,0.,0.));
#13677 = ORIENTED_EDGE('',*,*,#13678,.T.);
#13678 = EDGE_CURVE('',#13671,#13679,#13681,.T.);
#13679 = VERTEX_POINT('',#13680);
#13680 = CARTESIAN_POINT('',(-16.4125,-19.2,0.));
#13681 = CIRCLE('',#13682,3.000001172987);
#13682 = AXIS2_PLACEMENT_3D('',#13683,#13684,#13685);
#13683 = CARTESIAN_POINT('',(-13.41249882701,-19.19999882701,0.));
#13684 = DIRECTION('',(0.,0.,-1.));
#13685 = DIRECTION('',(-3.909953616065E-07,-1.,-0.));
#13686 = ORIENTED_EDGE('',*,*,#13687,.T.);
#13687 = EDGE_CURVE('',#13679,#13688,#13690,.T.);
#13688 = VERTEX_POINT('',#13689);
#13689 = CARTESIAN_POINT('',(-16.4125,19.2,0.));
#13690 = LINE('',#13691,#13692);
#13691 = CARTESIAN_POINT('',(-16.4125,-19.2,0.));
#13692 = VECTOR('',#13693,1.);
#13693 = DIRECTION('',(0.,1.,0.));
#13694 = ORIENTED_EDGE('',*,*,#13695,.T.);
#13695 = EDGE_CURVE('',#13688,#13598,#13696,.T.);
#13696 = CIRCLE('',#13697,3.000001172987);
#13697 = AXIS2_PLACEMENT_3D('',#13698,#13699,#13700);
#13698 = CARTESIAN_POINT('',(-13.41249882701,19.199998827013,0.));
#13699 = DIRECTION('',(0.,0.,-1.));
#13700 = DIRECTION('',(-1.,3.909953616065E-07,0.));
#13701 = ORIENTED_EDGE('',*,*,#13614,.T.);
#13702 = FACE_BOUND('',#13703,.T.);
#13703 = EDGE_LOOP('',(#13704));
#13704 = ORIENTED_EDGE('',*,*,#13705,.F.);
#13705 = EDGE_CURVE('',#13706,#13706,#13708,.T.);
#13706 = VERTEX_POINT('',#13707);
#13707 = CARTESIAN_POINT('',(12.9625,-20.2,0.));
#13708 = CIRCLE('',#13709,1.6);
#13709 = AXIS2_PLACEMENT_3D('',#13710,#13711,#13712);
#13710 = CARTESIAN_POINT('',(12.9625,-18.6,0.));
#13711 = DIRECTION('',(-0.,0.,-1.));
#13712 = DIRECTION('',(-0.,-1.,0.));
#13713 = FACE_BOUND('',#13714,.T.);
#13714 = EDGE_LOOP('',(#13715));
#13715 = ORIENTED_EDGE('',*,*,#13716,.F.);
#13716 = EDGE_CURVE('',#13717,#13717,#13719,.T.);
#13717 = VERTEX_POINT('',#13718);
#13718 = CARTESIAN_POINT('',(7.7375,-14.8,0.));
#13719 = CIRCLE('',#13720,0.635);
#13720 = AXIS2_PLACEMENT_3D('',#13721,#13722,#13723);
#13721 = CARTESIAN_POINT('',(7.7375,-14.165,0.));
#13722 = DIRECTION('',(-0.,0.,-1.));
#13723 = DIRECTION('',(-1.398706172756E-15,-1.,0.));
#13724 = FACE_BOUND('',#13725,.T.);
#13725 = EDGE_LOOP('',(#13726));
#13726 = ORIENTED_EDGE('',*,*,#13727,.F.);
#13727 = EDGE_CURVE('',#13728,#13728,#13730,.T.);
#13728 = VERTEX_POINT('',#13729);
#13729 = CARTESIAN_POINT('',(4.7375,-16.635,0.));
#13730 = CIRCLE('',#13731,0.51);
#13731 = AXIS2_PLACEMENT_3D('',#13732,#13733,#13734);
#13732 = CARTESIAN_POINT('',(4.7375,-16.125,0.));
#13733 = DIRECTION('',(-0.,0.,-1.));
#13734 = DIRECTION('',(-0.,-1.,0.));
#13735 = FACE_BOUND('',#13736,.T.);
#13736 = EDGE_LOOP('',(#13737));
#13737 = ORIENTED_EDGE('',*,*,#13738,.F.);
#13738 = EDGE_CURVE('',#13739,#13739,#13741,.T.);
#13739 = VERTEX_POINT('',#13740);
#13740 = CARTESIAN_POINT('',(1.7375,-16.635,0.));
#13741 = CIRCLE('',#13742,0.51);
#13742 = AXIS2_PLACEMENT_3D('',#13743,#13744,#13745);
#13743 = CARTESIAN_POINT('',(1.7375,-16.125,0.));
#13744 = DIRECTION('',(-0.,0.,-1.));
#13745 = DIRECTION('',(-0.,-1.,0.));
#13746 = FACE_BOUND('',#13747,.T.);
#13747 = EDGE_LOOP('',(#13748));
#13748 = ORIENTED_EDGE('',*,*,#13749,.F.);
#13749 = EDGE_CURVE('',#13750,#13750,#13752,.T.);
#13750 = VERTEX_POINT('',#13751);
#13751 = CARTESIAN_POINT('',(7.7375,-3.35,0.));
#13752 = CIRCLE('',#13753,0.635);
#13753 = AXIS2_PLACEMENT_3D('',#13754,#13755,#13756);
#13754 = CARTESIAN_POINT('',(7.7375,-2.715,0.));
#13755 = DIRECTION('',(-0.,0.,-1.));
#13756 = DIRECTION('',(-1.398706172756E-15,-1.,0.));
#13757 = FACE_BOUND('',#13758,.T.);
#13758 = EDGE_LOOP('',(#13759));
#13759 = ORIENTED_EDGE('',*,*,#13760,.F.);
#13760 = EDGE_CURVE('',#13761,#13761,#13763,.T.);
#13761 = VERTEX_POINT('',#13762);
#13762 = CARTESIAN_POINT('',(4.7375,-5.185,0.));
#13763 = CIRCLE('',#13764,0.51);
#13764 = AXIS2_PLACEMENT_3D('',#13765,#13766,#13767);
#13765 = CARTESIAN_POINT('',(4.7375,-4.675,0.));
#13766 = DIRECTION('',(-0.,0.,-1.));
#13767 = DIRECTION('',(-0.,-1.,0.));
#13768 = FACE_BOUND('',#13769,.T.);
#13769 = EDGE_LOOP('',(#13770));
#13770 = ORIENTED_EDGE('',*,*,#13771,.F.);
#13771 = EDGE_CURVE('',#13772,#13772,#13774,.T.);
#13772 = VERTEX_POINT('',#13773);
#13773 = CARTESIAN_POINT('',(1.7375,-5.185,0.));
#13774 = CIRCLE('',#13775,0.51);
#13775 = AXIS2_PLACEMENT_3D('',#13776,#13777,#13778);
#13776 = CARTESIAN_POINT('',(1.7375,-4.675,0.));
#13777 = DIRECTION('',(-0.,0.,-1.));
#13778 = DIRECTION('',(-0.,-1.,0.));
#13779 = FACE_BOUND('',#13780,.T.);
#13780 = EDGE_LOOP('',(#13781));
#13781 = ORIENTED_EDGE('',*,*,#13782,.F.);
#13782 = EDGE_CURVE('',#13783,#13783,#13785,.T.);
#13783 = VERTEX_POINT('',#13784);
#13784 = CARTESIAN_POINT('',(-1.2625,-16.635,0.));
#13785 = CIRCLE('',#13786,0.51);
#13786 = AXIS2_PLACEMENT_3D('',#13787,#13788,#13789);
#13787 = CARTESIAN_POINT('',(-1.2625,-16.125,0.));
#13788 = DIRECTION('',(-0.,0.,-1.));
#13789 = DIRECTION('',(-0.,-1.,0.));
#13790 = FACE_BOUND('',#13791,.T.);
#13791 = EDGE_LOOP('',(#13792));
#13792 = ORIENTED_EDGE('',*,*,#13793,.F.);
#13793 = EDGE_CURVE('',#13794,#13794,#13796,.T.);
#13794 = VERTEX_POINT('',#13795);
#13795 = CARTESIAN_POINT('',(-4.2625,-16.635,0.));
#13796 = CIRCLE('',#13797,0.51);
#13797 = AXIS2_PLACEMENT_3D('',#13798,#13799,#13800);
#13798 = CARTESIAN_POINT('',(-4.2625,-16.125,0.));
#13799 = DIRECTION('',(-0.,0.,-1.));
#13800 = DIRECTION('',(-0.,-1.,0.));
#13801 = FACE_BOUND('',#13802,.T.);
#13802 = EDGE_LOOP('',(#13803));
#13803 = ORIENTED_EDGE('',*,*,#13804,.F.);
#13804 = EDGE_CURVE('',#13805,#13805,#13807,.T.);
#13805 = VERTEX_POINT('',#13806);
#13806 = CARTESIAN_POINT('',(-7.2625,-14.8,0.));
#13807 = CIRCLE('',#13808,0.635);
#13808 = AXIS2_PLACEMENT_3D('',#13809,#13810,#13811);
#13809 = CARTESIAN_POINT('',(-7.2625,-14.165,0.));
#13810 = DIRECTION('',(-0.,0.,-1.));
#13811 = DIRECTION('',(-0.,-1.,0.));
#13812 = FACE_BOUND('',#13813,.T.);
#13813 = EDGE_LOOP('',(#13814));
#13814 = ORIENTED_EDGE('',*,*,#13815,.F.);
#13815 = EDGE_CURVE('',#13816,#13816,#13818,.T.);
#13816 = VERTEX_POINT('',#13817);
#13817 = CARTESIAN_POINT('',(-12.9875,-20.2,0.));
#13818 = CIRCLE('',#13819,1.6);
#13819 = AXIS2_PLACEMENT_3D('',#13820,#13821,#13822);
#13820 = CARTESIAN_POINT('',(-12.9875,-18.6,0.));
#13821 = DIRECTION('',(-0.,0.,-1.));
#13822 = DIRECTION('',(-0.,-1.,0.));
#13823 = FACE_BOUND('',#13824,.T.);
#13824 = EDGE_LOOP('',(#13825));
#13825 = ORIENTED_EDGE('',*,*,#13826,.F.);
#13826 = EDGE_CURVE('',#13827,#13827,#13829,.T.);
#13827 = VERTEX_POINT('',#13828);
#13828 = CARTESIAN_POINT('',(-1.2625,-5.185,0.));
#13829 = CIRCLE('',#13830,0.51);
#13830 = AXIS2_PLACEMENT_3D('',#13831,#13832,#13833);
#13831 = CARTESIAN_POINT('',(-1.2625,-4.675,0.));
#13832 = DIRECTION('',(-0.,0.,-1.));
#13833 = DIRECTION('',(-0.,-1.,0.));
#13834 = FACE_BOUND('',#13835,.T.);
#13835 = EDGE_LOOP('',(#13836));
#13836 = ORIENTED_EDGE('',*,*,#13837,.F.);
#13837 = EDGE_CURVE('',#13838,#13838,#13840,.T.);
#13838 = VERTEX_POINT('',#13839);
#13839 = CARTESIAN_POINT('',(-4.2625,-5.185,0.));
#13840 = CIRCLE('',#13841,0.51);
#13841 = AXIS2_PLACEMENT_3D('',#13842,#13843,#13844);
#13842 = CARTESIAN_POINT('',(-4.2625,-4.675,0.));
#13843 = DIRECTION('',(-0.,0.,-1.));
#13844 = DIRECTION('',(-0.,-1.,0.));
#13845 = FACE_BOUND('',#13846,.T.);
#13846 = EDGE_LOOP('',(#13847));
#13847 = ORIENTED_EDGE('',*,*,#13848,.F.);
#13848 = EDGE_CURVE('',#13849,#13849,#13851,.T.);
#13849 = VERTEX_POINT('',#13850);
#13850 = CARTESIAN_POINT('',(-7.2625,-3.35,0.));
#13851 = CIRCLE('',#13852,0.635);
#13852 = AXIS2_PLACEMENT_3D('',#13853,#13854,#13855);
#13853 = CARTESIAN_POINT('',(-7.2625,-2.715,0.));
#13854 = DIRECTION('',(-0.,0.,-1.));
#13855 = DIRECTION('',(-0.,-1.,0.));
#13856 = FACE_BOUND('',#13857,.T.);
#13857 = EDGE_LOOP('',(#13858));
#13858 = ORIENTED_EDGE('',*,*,#13859,.F.);
#13859 = EDGE_CURVE('',#13860,#13860,#13862,.T.);
#13860 = VERTEX_POINT('',#13861);
#13861 = CARTESIAN_POINT('',(4.9375,6.95,0.));
#13862 = CIRCLE('',#13863,0.635);
#13863 = AXIS2_PLACEMENT_3D('',#13864,#13865,#13866);
#13864 = CARTESIAN_POINT('',(4.9375,7.585,0.));
#13865 = DIRECTION('',(-0.,0.,-1.));
#13866 = DIRECTION('',(-0.,-1.,0.));
#13867 = FACE_BOUND('',#13868,.T.);
#13868 = EDGE_LOOP('',(#13869));
#13869 = ORIENTED_EDGE('',*,*,#13870,.F.);
#13870 = EDGE_CURVE('',#13871,#13871,#13873,.T.);
#13871 = VERTEX_POINT('',#13872);
#13872 = CARTESIAN_POINT('',(1.9375,5.115,0.));
#13873 = CIRCLE('',#13874,0.51);
#13874 = AXIS2_PLACEMENT_3D('',#13875,#13876,#13877);
#13875 = CARTESIAN_POINT('',(1.9375,5.625,0.));
#13876 = DIRECTION('',(-0.,0.,-1.));
#13877 = DIRECTION('',(-0.,-1.,0.));
#13878 = FACE_BOUND('',#13879,.T.);
#13879 = EDGE_LOOP('',(#13880));
#13880 = ORIENTED_EDGE('',*,*,#13881,.F.);
#13881 = EDGE_CURVE('',#13882,#13882,#13884,.T.);
#13882 = VERTEX_POINT('',#13883);
#13883 = CARTESIAN_POINT('',(12.9625,17.025,0.));
#13884 = CIRCLE('',#13885,1.6);
#13885 = AXIS2_PLACEMENT_3D('',#13886,#13887,#13888);
#13886 = CARTESIAN_POINT('',(12.9625,18.625,0.));
#13887 = DIRECTION('',(-0.,0.,-1.));
#13888 = DIRECTION('',(-0.,-1.,0.));
#13889 = FACE_BOUND('',#13890,.T.);
#13890 = EDGE_LOOP('',(#13891));
#13891 = ORIENTED_EDGE('',*,*,#13892,.F.);
#13892 = EDGE_CURVE('',#13893,#13893,#13895,.T.);
#13893 = VERTEX_POINT('',#13894);
#13894 = CARTESIAN_POINT('',(7.7375,17.34,0.));
#13895 = CIRCLE('',#13896,0.635);
#13896 = AXIS2_PLACEMENT_3D('',#13897,#13898,#13899);
#13897 = CARTESIAN_POINT('',(7.7375,17.975,0.));
#13898 = DIRECTION('',(-0.,0.,-1.));
#13899 = DIRECTION('',(-1.398706172756E-15,-1.,0.));
#13900 = FACE_BOUND('',#13901,.T.);
#13901 = EDGE_LOOP('',(#13902));
#13902 = ORIENTED_EDGE('',*,*,#13903,.F.);
#13903 = EDGE_CURVE('',#13904,#13904,#13906,.T.);
#13904 = VERTEX_POINT('',#13905);
#13905 = CARTESIAN_POINT('',(4.7375,15.505,0.));
#13906 = CIRCLE('',#13907,0.51);
#13907 = AXIS2_PLACEMENT_3D('',#13908,#13909,#13910);
#13908 = CARTESIAN_POINT('',(4.7375,16.015,0.));
#13909 = DIRECTION('',(-0.,0.,-1.));
#13910 = DIRECTION('',(-0.,-1.,0.));
#13911 = FACE_BOUND('',#13912,.T.);
#13912 = EDGE_LOOP('',(#13913));
#13913 = ORIENTED_EDGE('',*,*,#13914,.F.);
#13914 = EDGE_CURVE('',#13915,#13915,#13917,.T.);
#13915 = VERTEX_POINT('',#13916);
#13916 = CARTESIAN_POINT('',(1.7375,15.505,0.));
#13917 = CIRCLE('',#13918,0.51);
#13918 = AXIS2_PLACEMENT_3D('',#13919,#13920,#13921);
#13919 = CARTESIAN_POINT('',(1.7375,16.015,0.));
#13920 = DIRECTION('',(-0.,0.,-1.));
#13921 = DIRECTION('',(-0.,-1.,0.));
#13922 = FACE_BOUND('',#13923,.T.);
#13923 = EDGE_LOOP('',(#13924));
#13924 = ORIENTED_EDGE('',*,*,#13925,.F.);
#13925 = EDGE_CURVE('',#13926,#13926,#13928,.T.);
#13926 = VERTEX_POINT('',#13927);
#13927 = CARTESIAN_POINT('',(-1.0625,5.115,0.));
#13928 = CIRCLE('',#13929,0.51);
#13929 = AXIS2_PLACEMENT_3D('',#13930,#13931,#13932);
#13930 = CARTESIAN_POINT('',(-1.0625,5.625,0.));
#13931 = DIRECTION('',(-0.,0.,-1.));
#13932 = DIRECTION('',(-0.,-1.,0.));
#13933 = FACE_BOUND('',#13934,.T.);
#13934 = EDGE_LOOP('',(#13935));
#13935 = ORIENTED_EDGE('',*,*,#13936,.F.);
#13936 = EDGE_CURVE('',#13937,#13937,#13939,.T.);
#13937 = VERTEX_POINT('',#13938);
#13938 = CARTESIAN_POINT('',(-4.0625,6.95,0.));
#13939 = CIRCLE('',#13940,0.635);
#13940 = AXIS2_PLACEMENT_3D('',#13941,#13942,#13943);
#13941 = CARTESIAN_POINT('',(-4.0625,7.585,0.));
#13942 = DIRECTION('',(-0.,0.,-1.));
#13943 = DIRECTION('',(-0.,-1.,0.));
#13944 = FACE_BOUND('',#13945,.T.);
#13945 = EDGE_LOOP('',(#13946));
#13946 = ORIENTED_EDGE('',*,*,#13947,.F.);
#13947 = EDGE_CURVE('',#13948,#13948,#13950,.T.);
#13948 = VERTEX_POINT('',#13949);
#13949 = CARTESIAN_POINT('',(-1.2625,15.505,0.));
#13950 = CIRCLE('',#13951,0.51);
#13951 = AXIS2_PLACEMENT_3D('',#13952,#13953,#13954);
#13952 = CARTESIAN_POINT('',(-1.2625,16.015,0.));
#13953 = DIRECTION('',(-0.,0.,-1.));
#13954 = DIRECTION('',(-0.,-1.,0.));
#13955 = FACE_BOUND('',#13956,.T.);
#13956 = EDGE_LOOP('',(#13957));
#13957 = ORIENTED_EDGE('',*,*,#13958,.F.);
#13958 = EDGE_CURVE('',#13959,#13959,#13961,.T.);
#13959 = VERTEX_POINT('',#13960);
#13960 = CARTESIAN_POINT('',(-4.2625,15.505,0.));
#13961 = CIRCLE('',#13962,0.51);
#13962 = AXIS2_PLACEMENT_3D('',#13963,#13964,#13965);
#13963 = CARTESIAN_POINT('',(-4.2625,16.015,0.));
#13964 = DIRECTION('',(-0.,0.,-1.));
#13965 = DIRECTION('',(-0.,-1.,0.));
#13966 = FACE_BOUND('',#13967,.T.);
#13967 = EDGE_LOOP('',(#13968));
#13968 = ORIENTED_EDGE('',*,*,#13969,.F.);
#13969 = EDGE_CURVE('',#13970,#13970,#13972,.T.);
#13970 = VERTEX_POINT('',#13971);
#13971 = CARTESIAN_POINT('',(-7.2625,17.34,0.));
#13972 = CIRCLE('',#13973,0.635);
#13973 = AXIS2_PLACEMENT_3D('',#13974,#13975,#13976);
#13974 = CARTESIAN_POINT('',(-7.2625,17.975,0.));
#13975 = DIRECTION('',(-0.,0.,-1.));
#13976 = DIRECTION('',(-0.,-1.,0.));
#13977 = FACE_BOUND('',#13978,.T.);
#13978 = EDGE_LOOP('',(#13979));
#13979 = ORIENTED_EDGE('',*,*,#13980,.F.);
#13980 = EDGE_CURVE('',#13981,#13981,#13983,.T.);
#13981 = VERTEX_POINT('',#13982);
#13982 = CARTESIAN_POINT('',(-12.9875,17.025,0.));
#13983 = CIRCLE('',#13984,1.6);
#13984 = AXIS2_PLACEMENT_3D('',#13985,#13986,#13987);
#13985 = CARTESIAN_POINT('',(-12.9875,18.625,0.));
#13986 = DIRECTION('',(-0.,0.,-1.));
#13987 = DIRECTION('',(-0.,-1.,0.));
#13988 = PLANE('',#13989);
#13989 = AXIS2_PLACEMENT_3D('',#13990,#13991,#13992);
#13990 = CARTESIAN_POINT('',(0.,7.625640473765E-16,0.));
#13991 = DIRECTION('',(-0.,-0.,-1.));
#13992 = DIRECTION('',(-1.,0.,0.));
#13993 = ADVANCED_FACE('',(#13994,#14040,#14051,#14062,#14073,#14084,
    #14095,#14106,#14117,#14128,#14139,#14150,#14161,#14172,#14183,
    #14194,#14205,#14216,#14227,#14238,#14249,#14260,#14271,#14282,
    #14293,#14304,#14315),#14326,.F.);
#13994 = FACE_BOUND('',#13995,.F.);
#13995 = EDGE_LOOP('',(#13996,#13997,#13998,#14007,#14015,#14024,#14032,
    #14039));
#13996 = ORIENTED_EDGE('',*,*,#13565,.T.);
#13997 = ORIENTED_EDGE('',*,*,#13629,.T.);
#13998 = ORIENTED_EDGE('',*,*,#13999,.T.);
#13999 = EDGE_CURVE('',#13630,#14000,#14002,.T.);
#14000 = VERTEX_POINT('',#14001);
#14001 = CARTESIAN_POINT('',(13.4125,-22.2,1.6));
#14002 = CIRCLE('',#14003,3.000001172987);
#14003 = AXIS2_PLACEMENT_3D('',#14004,#14005,#14006);
#14004 = CARTESIAN_POINT('',(13.412498827013,-19.19999882701,1.6));
#14005 = DIRECTION('',(0.,0.,-1.));
#14006 = DIRECTION('',(1.,-3.909953616065E-07,0.));
#14007 = ORIENTED_EDGE('',*,*,#14008,.T.);
#14008 = EDGE_CURVE('',#14000,#14009,#14011,.T.);
#14009 = VERTEX_POINT('',#14010);
#14010 = CARTESIAN_POINT('',(-13.4125,-22.2,1.6));
#14011 = LINE('',#14012,#14013);
#14012 = CARTESIAN_POINT('',(13.4125,-22.2,1.6));
#14013 = VECTOR('',#14014,1.);
#14014 = DIRECTION('',(-1.,0.,0.));
#14015 = ORIENTED_EDGE('',*,*,#14016,.T.);
#14016 = EDGE_CURVE('',#14009,#14017,#14019,.T.);
#14017 = VERTEX_POINT('',#14018);
#14018 = CARTESIAN_POINT('',(-16.4125,-19.2,1.6));
#14019 = CIRCLE('',#14020,3.000001172987);
#14020 = AXIS2_PLACEMENT_3D('',#14021,#14022,#14023);
#14021 = CARTESIAN_POINT('',(-13.41249882701,-19.19999882701,1.6));
#14022 = DIRECTION('',(0.,0.,-1.));
#14023 = DIRECTION('',(-3.909953616065E-07,-1.,-0.));
#14024 = ORIENTED_EDGE('',*,*,#14025,.T.);
#14025 = EDGE_CURVE('',#14017,#14026,#14028,.T.);
#14026 = VERTEX_POINT('',#14027);
#14027 = CARTESIAN_POINT('',(-16.4125,19.2,1.6));
#14028 = LINE('',#14029,#14030);
#14029 = CARTESIAN_POINT('',(-16.4125,-19.2,1.6));
#14030 = VECTOR('',#14031,1.);
#14031 = DIRECTION('',(0.,1.,0.));
#14032 = ORIENTED_EDGE('',*,*,#14033,.T.);
#14033 = EDGE_CURVE('',#14026,#13600,#14034,.T.);
#14034 = CIRCLE('',#14035,3.000001172987);
#14035 = AXIS2_PLACEMENT_3D('',#14036,#14037,#14038);
#14036 = CARTESIAN_POINT('',(-13.41249882701,19.199998827013,1.6));
#14037 = DIRECTION('',(0.,0.,-1.));
#14038 = DIRECTION('',(-1.,3.909953616065E-07,0.));
#14039 = ORIENTED_EDGE('',*,*,#13607,.T.);
#14040 = FACE_BOUND('',#14041,.F.);
#14041 = EDGE_LOOP('',(#14042));
#14042 = ORIENTED_EDGE('',*,*,#14043,.F.);
#14043 = EDGE_CURVE('',#14044,#14044,#14046,.T.);
#14044 = VERTEX_POINT('',#14045);
#14045 = CARTESIAN_POINT('',(12.9625,-20.2,1.6));
#14046 = CIRCLE('',#14047,1.6);
#14047 = AXIS2_PLACEMENT_3D('',#14048,#14049,#14050);
#14048 = CARTESIAN_POINT('',(12.9625,-18.6,1.6));
#14049 = DIRECTION('',(-0.,0.,-1.));
#14050 = DIRECTION('',(-0.,-1.,0.));
#14051 = FACE_BOUND('',#14052,.F.);
#14052 = EDGE_LOOP('',(#14053));
#14053 = ORIENTED_EDGE('',*,*,#14054,.F.);
#14054 = EDGE_CURVE('',#14055,#14055,#14057,.T.);
#14055 = VERTEX_POINT('',#14056);
#14056 = CARTESIAN_POINT('',(7.7375,-14.8,1.6));
#14057 = CIRCLE('',#14058,0.635);
#14058 = AXIS2_PLACEMENT_3D('',#14059,#14060,#14061);
#14059 = CARTESIAN_POINT('',(7.7375,-14.165,1.6));
#14060 = DIRECTION('',(-0.,0.,-1.));
#14061 = DIRECTION('',(-1.398706172756E-15,-1.,0.));
#14062 = FACE_BOUND('',#14063,.F.);
#14063 = EDGE_LOOP('',(#14064));
#14064 = ORIENTED_EDGE('',*,*,#14065,.F.);
#14065 = EDGE_CURVE('',#14066,#14066,#14068,.T.);
#14066 = VERTEX_POINT('',#14067);
#14067 = CARTESIAN_POINT('',(4.7375,-16.635,1.6));
#14068 = CIRCLE('',#14069,0.51);
#14069 = AXIS2_PLACEMENT_3D('',#14070,#14071,#14072);
#14070 = CARTESIAN_POINT('',(4.7375,-16.125,1.6));
#14071 = DIRECTION('',(-0.,0.,-1.));
#14072 = DIRECTION('',(-0.,-1.,0.));
#14073 = FACE_BOUND('',#14074,.F.);
#14074 = EDGE_LOOP('',(#14075));
#14075 = ORIENTED_EDGE('',*,*,#14076,.F.);
#14076 = EDGE_CURVE('',#14077,#14077,#14079,.T.);
#14077 = VERTEX_POINT('',#14078);
#14078 = CARTESIAN_POINT('',(1.7375,-16.635,1.6));
#14079 = CIRCLE('',#14080,0.51);
#14080 = AXIS2_PLACEMENT_3D('',#14081,#14082,#14083);
#14081 = CARTESIAN_POINT('',(1.7375,-16.125,1.6));
#14082 = DIRECTION('',(-0.,0.,-1.));
#14083 = DIRECTION('',(-0.,-1.,0.));
#14084 = FACE_BOUND('',#14085,.F.);
#14085 = EDGE_LOOP('',(#14086));
#14086 = ORIENTED_EDGE('',*,*,#14087,.F.);
#14087 = EDGE_CURVE('',#14088,#14088,#14090,.T.);
#14088 = VERTEX_POINT('',#14089);
#14089 = CARTESIAN_POINT('',(7.7375,-3.35,1.6));
#14090 = CIRCLE('',#14091,0.635);
#14091 = AXIS2_PLACEMENT_3D('',#14092,#14093,#14094);
#14092 = CARTESIAN_POINT('',(7.7375,-2.715,1.6));
#14093 = DIRECTION('',(-0.,0.,-1.));
#14094 = DIRECTION('',(-1.398706172756E-15,-1.,0.));
#14095 = FACE_BOUND('',#14096,.F.);
#14096 = EDGE_LOOP('',(#14097));
#14097 = ORIENTED_EDGE('',*,*,#14098,.F.);
#14098 = EDGE_CURVE('',#14099,#14099,#14101,.T.);
#14099 = VERTEX_POINT('',#14100);
#14100 = CARTESIAN_POINT('',(4.7375,-5.185,1.6));
#14101 = CIRCLE('',#14102,0.51);
#14102 = AXIS2_PLACEMENT_3D('',#14103,#14104,#14105);
#14103 = CARTESIAN_POINT('',(4.7375,-4.675,1.6));
#14104 = DIRECTION('',(-0.,0.,-1.));
#14105 = DIRECTION('',(-0.,-1.,0.));
#14106 = FACE_BOUND('',#14107,.F.);
#14107 = EDGE_LOOP('',(#14108));
#14108 = ORIENTED_EDGE('',*,*,#14109,.F.);
#14109 = EDGE_CURVE('',#14110,#14110,#14112,.T.);
#14110 = VERTEX_POINT('',#14111);
#14111 = CARTESIAN_POINT('',(1.7375,-5.185,1.6));
#14112 = CIRCLE('',#14113,0.51);
#14113 = AXIS2_PLACEMENT_3D('',#14114,#14115,#14116);
#14114 = CARTESIAN_POINT('',(1.7375,-4.675,1.6));
#14115 = DIRECTION('',(-0.,0.,-1.));
#14116 = DIRECTION('',(-0.,-1.,0.));
#14117 = FACE_BOUND('',#14118,.F.);
#14118 = EDGE_LOOP('',(#14119));
#14119 = ORIENTED_EDGE('',*,*,#14120,.F.);
#14120 = EDGE_CURVE('',#14121,#14121,#14123,.T.);
#14121 = VERTEX_POINT('',#14122);
#14122 = CARTESIAN_POINT('',(-1.2625,-16.635,1.6));
#14123 = CIRCLE('',#14124,0.51);
#14124 = AXIS2_PLACEMENT_3D('',#14125,#14126,#14127);
#14125 = CARTESIAN_POINT('',(-1.2625,-16.125,1.6));
#14126 = DIRECTION('',(-0.,0.,-1.));
#14127 = DIRECTION('',(-0.,-1.,0.));
#14128 = FACE_BOUND('',#14129,.F.);
#14129 = EDGE_LOOP('',(#14130));
#14130 = ORIENTED_EDGE('',*,*,#14131,.F.);
#14131 = EDGE_CURVE('',#14132,#14132,#14134,.T.);
#14132 = VERTEX_POINT('',#14133);
#14133 = CARTESIAN_POINT('',(-4.2625,-16.635,1.6));
#14134 = CIRCLE('',#14135,0.51);
#14135 = AXIS2_PLACEMENT_3D('',#14136,#14137,#14138);
#14136 = CARTESIAN_POINT('',(-4.2625,-16.125,1.6));
#14137 = DIRECTION('',(-0.,0.,-1.));
#14138 = DIRECTION('',(-0.,-1.,0.));
#14139 = FACE_BOUND('',#14140,.F.);
#14140 = EDGE_LOOP('',(#14141));
#14141 = ORIENTED_EDGE('',*,*,#14142,.F.);
#14142 = EDGE_CURVE('',#14143,#14143,#14145,.T.);
#14143 = VERTEX_POINT('',#14144);
#14144 = CARTESIAN_POINT('',(-7.2625,-14.8,1.6));
#14145 = CIRCLE('',#14146,0.635);
#14146 = AXIS2_PLACEMENT_3D('',#14147,#14148,#14149);
#14147 = CARTESIAN_POINT('',(-7.2625,-14.165,1.6));
#14148 = DIRECTION('',(-0.,0.,-1.));
#14149 = DIRECTION('',(-0.,-1.,0.));
#14150 = FACE_BOUND('',#14151,.F.);
#14151 = EDGE_LOOP('',(#14152));
#14152 = ORIENTED_EDGE('',*,*,#14153,.F.);
#14153 = EDGE_CURVE('',#14154,#14154,#14156,.T.);
#14154 = VERTEX_POINT('',#14155);
#14155 = CARTESIAN_POINT('',(-12.9875,-20.2,1.6));
#14156 = CIRCLE('',#14157,1.6);
#14157 = AXIS2_PLACEMENT_3D('',#14158,#14159,#14160);
#14158 = CARTESIAN_POINT('',(-12.9875,-18.6,1.6));
#14159 = DIRECTION('',(-0.,0.,-1.));
#14160 = DIRECTION('',(-0.,-1.,0.));
#14161 = FACE_BOUND('',#14162,.F.);
#14162 = EDGE_LOOP('',(#14163));
#14163 = ORIENTED_EDGE('',*,*,#14164,.F.);
#14164 = EDGE_CURVE('',#14165,#14165,#14167,.T.);
#14165 = VERTEX_POINT('',#14166);
#14166 = CARTESIAN_POINT('',(-1.2625,-5.185,1.6));
#14167 = CIRCLE('',#14168,0.51);
#14168 = AXIS2_PLACEMENT_3D('',#14169,#14170,#14171);
#14169 = CARTESIAN_POINT('',(-1.2625,-4.675,1.6));
#14170 = DIRECTION('',(-0.,0.,-1.));
#14171 = DIRECTION('',(-0.,-1.,0.));
#14172 = FACE_BOUND('',#14173,.F.);
#14173 = EDGE_LOOP('',(#14174));
#14174 = ORIENTED_EDGE('',*,*,#14175,.F.);
#14175 = EDGE_CURVE('',#14176,#14176,#14178,.T.);
#14176 = VERTEX_POINT('',#14177);
#14177 = CARTESIAN_POINT('',(-4.2625,-5.185,1.6));
#14178 = CIRCLE('',#14179,0.51);
#14179 = AXIS2_PLACEMENT_3D('',#14180,#14181,#14182);
#14180 = CARTESIAN_POINT('',(-4.2625,-4.675,1.6));
#14181 = DIRECTION('',(-0.,0.,-1.));
#14182 = DIRECTION('',(-0.,-1.,0.));
#14183 = FACE_BOUND('',#14184,.F.);
#14184 = EDGE_LOOP('',(#14185));
#14185 = ORIENTED_EDGE('',*,*,#14186,.F.);
#14186 = EDGE_CURVE('',#14187,#14187,#14189,.T.);
#14187 = VERTEX_POINT('',#14188);
#14188 = CARTESIAN_POINT('',(-7.2625,-3.35,1.6));
#14189 = CIRCLE('',#14190,0.635);
#14190 = AXIS2_PLACEMENT_3D('',#14191,#14192,#14193);
#14191 = CARTESIAN_POINT('',(-7.2625,-2.715,1.6));
#14192 = DIRECTION('',(-0.,0.,-1.));
#14193 = DIRECTION('',(-0.,-1.,0.));
#14194 = FACE_BOUND('',#14195,.F.);
#14195 = EDGE_LOOP('',(#14196));
#14196 = ORIENTED_EDGE('',*,*,#14197,.F.);
#14197 = EDGE_CURVE('',#14198,#14198,#14200,.T.);
#14198 = VERTEX_POINT('',#14199);
#14199 = CARTESIAN_POINT('',(4.9375,6.95,1.6));
#14200 = CIRCLE('',#14201,0.635);
#14201 = AXIS2_PLACEMENT_3D('',#14202,#14203,#14204);
#14202 = CARTESIAN_POINT('',(4.9375,7.585,1.6));
#14203 = DIRECTION('',(-0.,0.,-1.));
#14204 = DIRECTION('',(-0.,-1.,0.));
#14205 = FACE_BOUND('',#14206,.F.);
#14206 = EDGE_LOOP('',(#14207));
#14207 = ORIENTED_EDGE('',*,*,#14208,.F.);
#14208 = EDGE_CURVE('',#14209,#14209,#14211,.T.);
#14209 = VERTEX_POINT('',#14210);
#14210 = CARTESIAN_POINT('',(1.9375,5.115,1.6));
#14211 = CIRCLE('',#14212,0.51);
#14212 = AXIS2_PLACEMENT_3D('',#14213,#14214,#14215);
#14213 = CARTESIAN_POINT('',(1.9375,5.625,1.6));
#14214 = DIRECTION('',(-0.,0.,-1.));
#14215 = DIRECTION('',(-0.,-1.,0.));
#14216 = FACE_BOUND('',#14217,.F.);
#14217 = EDGE_LOOP('',(#14218));
#14218 = ORIENTED_EDGE('',*,*,#14219,.F.);
#14219 = EDGE_CURVE('',#14220,#14220,#14222,.T.);
#14220 = VERTEX_POINT('',#14221);
#14221 = CARTESIAN_POINT('',(12.9625,17.025,1.6));
#14222 = CIRCLE('',#14223,1.6);
#14223 = AXIS2_PLACEMENT_3D('',#14224,#14225,#14226);
#14224 = CARTESIAN_POINT('',(12.9625,18.625,1.6));
#14225 = DIRECTION('',(-0.,0.,-1.));
#14226 = DIRECTION('',(-0.,-1.,0.));
#14227 = FACE_BOUND('',#14228,.F.);
#14228 = EDGE_LOOP('',(#14229));
#14229 = ORIENTED_EDGE('',*,*,#14230,.F.);
#14230 = EDGE_CURVE('',#14231,#14231,#14233,.T.);
#14231 = VERTEX_POINT('',#14232);
#14232 = CARTESIAN_POINT('',(7.7375,17.34,1.6));
#14233 = CIRCLE('',#14234,0.635);
#14234 = AXIS2_PLACEMENT_3D('',#14235,#14236,#14237);
#14235 = CARTESIAN_POINT('',(7.7375,17.975,1.6));
#14236 = DIRECTION('',(-0.,0.,-1.));
#14237 = DIRECTION('',(-1.398706172756E-15,-1.,0.));
#14238 = FACE_BOUND('',#14239,.F.);
#14239 = EDGE_LOOP('',(#14240));
#14240 = ORIENTED_EDGE('',*,*,#14241,.F.);
#14241 = EDGE_CURVE('',#14242,#14242,#14244,.T.);
#14242 = VERTEX_POINT('',#14243);
#14243 = CARTESIAN_POINT('',(4.7375,15.505,1.6));
#14244 = CIRCLE('',#14245,0.51);
#14245 = AXIS2_PLACEMENT_3D('',#14246,#14247,#14248);
#14246 = CARTESIAN_POINT('',(4.7375,16.015,1.6));
#14247 = DIRECTION('',(-0.,0.,-1.));
#14248 = DIRECTION('',(-0.,-1.,0.));
#14249 = FACE_BOUND('',#14250,.F.);
#14250 = EDGE_LOOP('',(#14251));
#14251 = ORIENTED_EDGE('',*,*,#14252,.F.);
#14252 = EDGE_CURVE('',#14253,#14253,#14255,.T.);
#14253 = VERTEX_POINT('',#14254);
#14254 = CARTESIAN_POINT('',(1.7375,15.505,1.6));
#14255 = CIRCLE('',#14256,0.51);
#14256 = AXIS2_PLACEMENT_3D('',#14257,#14258,#14259);
#14257 = CARTESIAN_POINT('',(1.7375,16.015,1.6));
#14258 = DIRECTION('',(-0.,0.,-1.));
#14259 = DIRECTION('',(-0.,-1.,0.));
#14260 = FACE_BOUND('',#14261,.F.);
#14261 = EDGE_LOOP('',(#14262));
#14262 = ORIENTED_EDGE('',*,*,#14263,.F.);
#14263 = EDGE_CURVE('',#14264,#14264,#14266,.T.);
#14264 = VERTEX_POINT('',#14265);
#14265 = CARTESIAN_POINT('',(-1.0625,5.115,1.6));
#14266 = CIRCLE('',#14267,0.51);
#14267 = AXIS2_PLACEMENT_3D('',#14268,#14269,#14270);
#14268 = CARTESIAN_POINT('',(-1.0625,5.625,1.6));
#14269 = DIRECTION('',(-0.,0.,-1.));
#14270 = DIRECTION('',(-0.,-1.,0.));
#14271 = FACE_BOUND('',#14272,.F.);
#14272 = EDGE_LOOP('',(#14273));
#14273 = ORIENTED_EDGE('',*,*,#14274,.F.);
#14274 = EDGE_CURVE('',#14275,#14275,#14277,.T.);
#14275 = VERTEX_POINT('',#14276);
#14276 = CARTESIAN_POINT('',(-4.0625,6.95,1.6));
#14277 = CIRCLE('',#14278,0.635);
#14278 = AXIS2_PLACEMENT_3D('',#14279,#14280,#14281);
#14279 = CARTESIAN_POINT('',(-4.0625,7.585,1.6));
#14280 = DIRECTION('',(-0.,0.,-1.));
#14281 = DIRECTION('',(-0.,-1.,0.));
#14282 = FACE_BOUND('',#14283,.F.);
#14283 = EDGE_LOOP('',(#14284));
#14284 = ORIENTED_EDGE('',*,*,#14285,.F.);
#14285 = EDGE_CURVE('',#14286,#14286,#14288,.T.);
#14286 = VERTEX_POINT('',#14287);
#14287 = CARTESIAN_POINT('',(-1.2625,15.505,1.6));
#14288 = CIRCLE('',#14289,0.51);
#14289 = AXIS2_PLACEMENT_3D('',#14290,#14291,#14292);
#14290 = CARTESIAN_POINT('',(-1.2625,16.015,1.6));
#14291 = DIRECTION('',(-0.,0.,-1.));
#14292 = DIRECTION('',(-0.,-1.,0.));
#14293 = FACE_BOUND('',#14294,.F.);
#14294 = EDGE_LOOP('',(#14295));
#14295 = ORIENTED_EDGE('',*,*,#14296,.F.);
#14296 = EDGE_CURVE('',#14297,#14297,#14299,.T.);
#14297 = VERTEX_POINT('',#14298);
#14298 = CARTESIAN_POINT('',(-4.2625,15.505,1.6));
#14299 = CIRCLE('',#14300,0.51);
#14300 = AXIS2_PLACEMENT_3D('',#14301,#14302,#14303);
#14301 = CARTESIAN_POINT('',(-4.2625,16.015,1.6));
#14302 = DIRECTION('',(-0.,0.,-1.));
#14303 = DIRECTION('',(-0.,-1.,0.));
#14304 = FACE_BOUND('',#14305,.F.);
#14305 = EDGE_LOOP('',(#14306));
#14306 = ORIENTED_EDGE('',*,*,#14307,.F.);
#14307 = EDGE_CURVE('',#14308,#14308,#14310,.T.);
#14308 = VERTEX_POINT('',#14309);
#14309 = CARTESIAN_POINT('',(-7.2625,17.34,1.6));
#14310 = CIRCLE('',#14311,0.635);
#14311 = AXIS2_PLACEMENT_3D('',#14312,#14313,#14314);
#14312 = CARTESIAN_POINT('',(-7.2625,17.975,1.6));
#14313 = DIRECTION('',(-0.,0.,-1.));
#14314 = DIRECTION('',(-0.,-1.,0.));
#14315 = FACE_BOUND('',#14316,.F.);
#14316 = EDGE_LOOP('',(#14317));
#14317 = ORIENTED_EDGE('',*,*,#14318,.F.);
#14318 = EDGE_CURVE('',#14319,#14319,#14321,.T.);
#14319 = VERTEX_POINT('',#14320);
#14320 = CARTESIAN_POINT('',(-12.9875,17.025,1.6));
#14321 = CIRCLE('',#14322,1.6);
#14322 = AXIS2_PLACEMENT_3D('',#14323,#14324,#14325);
#14323 = CARTESIAN_POINT('',(-12.9875,18.625,1.6));
#14324 = DIRECTION('',(-0.,0.,-1.));
#14325 = DIRECTION('',(-0.,-1.,0.));
#14326 = PLANE('',#14327);
#14327 = AXIS2_PLACEMENT_3D('',#14328,#14329,#14330);
#14328 = CARTESIAN_POINT('',(0.,7.625640473765E-16,1.6));
#14329 = DIRECTION('',(-0.,-0.,-1.));
#14330 = DIRECTION('',(-1.,0.,0.));
#14331 = ADVANCED_FACE('',(#14332),#14343,.T.);
#14332 = FACE_BOUND('',#14333,.T.);
#14333 = EDGE_LOOP('',(#14334,#14340,#14341,#14342));
#14334 = ORIENTED_EDGE('',*,*,#14335,.T.);
#14335 = EDGE_CURVE('',#13688,#14026,#14336,.T.);
#14336 = LINE('',#14337,#14338);
#14337 = CARTESIAN_POINT('',(-16.4125,19.2,0.));
#14338 = VECTOR('',#14339,1.);
#14339 = DIRECTION('',(0.,0.,1.));
#14340 = ORIENTED_EDGE('',*,*,#14033,.T.);
#14341 = ORIENTED_EDGE('',*,*,#13597,.F.);
#14342 = ORIENTED_EDGE('',*,*,#13695,.F.);
#14343 = CYLINDRICAL_SURFACE('',#14344,3.000001172987);
#14344 = AXIS2_PLACEMENT_3D('',#14345,#14346,#14347);
#14345 = CARTESIAN_POINT('',(-13.41249882701,19.199998827013,0.));
#14346 = DIRECTION('',(0.,0.,-1.));
#14347 = DIRECTION('',(-1.,3.909953616065E-07,0.));
#14348 = ADVANCED_FACE('',(#14349),#14360,.T.);
#14349 = FACE_BOUND('',#14350,.T.);
#14350 = EDGE_LOOP('',(#14351,#14352,#14353,#14359));
#14351 = ORIENTED_EDGE('',*,*,#13637,.T.);
#14352 = ORIENTED_EDGE('',*,*,#13999,.T.);
#14353 = ORIENTED_EDGE('',*,*,#14354,.F.);
#14354 = EDGE_CURVE('',#13662,#14000,#14355,.T.);
#14355 = LINE('',#14356,#14357);
#14356 = CARTESIAN_POINT('',(13.4125,-22.2,0.));
#14357 = VECTOR('',#14358,1.);
#14358 = DIRECTION('',(0.,0.,1.));
#14359 = ORIENTED_EDGE('',*,*,#13661,.F.);
#14360 = CYLINDRICAL_SURFACE('',#14361,3.000001172987);
#14361 = AXIS2_PLACEMENT_3D('',#14362,#14363,#14364);
#14362 = CARTESIAN_POINT('',(13.412498827013,-19.19999882701,0.));
#14363 = DIRECTION('',(0.,0.,-1.));
#14364 = DIRECTION('',(1.,-3.909953616065E-07,0.));
#14365 = ADVANCED_FACE('',(#14366),#14377,.T.);
#14366 = FACE_BOUND('',#14367,.T.);
#14367 = EDGE_LOOP('',(#14368,#14374,#14375,#14376));
#14368 = ORIENTED_EDGE('',*,*,#14369,.T.);
#14369 = EDGE_CURVE('',#13679,#14017,#14370,.T.);
#14370 = LINE('',#14371,#14372);
#14371 = CARTESIAN_POINT('',(-16.4125,-19.2,0.));
#14372 = VECTOR('',#14373,1.);
#14373 = DIRECTION('',(0.,0.,1.));
#14374 = ORIENTED_EDGE('',*,*,#14025,.T.);
#14375 = ORIENTED_EDGE('',*,*,#14335,.F.);
#14376 = ORIENTED_EDGE('',*,*,#13687,.F.);
#14377 = PLANE('',#14378);
#14378 = AXIS2_PLACEMENT_3D('',#14379,#14380,#14381);
#14379 = CARTESIAN_POINT('',(-16.4125,-19.2,0.));
#14380 = DIRECTION('',(-1.,0.,0.));
#14381 = DIRECTION('',(0.,1.,0.));
#14382 = ADVANCED_FACE('',(#14383),#14394,.T.);
#14383 = FACE_BOUND('',#14384,.T.);
#14384 = EDGE_LOOP('',(#14385,#14386,#14387,#14393));
#14385 = ORIENTED_EDGE('',*,*,#14354,.T.);
#14386 = ORIENTED_EDGE('',*,*,#14008,.T.);
#14387 = ORIENTED_EDGE('',*,*,#14388,.F.);
#14388 = EDGE_CURVE('',#13671,#14009,#14389,.T.);
#14389 = LINE('',#14390,#14391);
#14390 = CARTESIAN_POINT('',(-13.4125,-22.2,0.));
#14391 = VECTOR('',#14392,1.);
#14392 = DIRECTION('',(0.,0.,1.));
#14393 = ORIENTED_EDGE('',*,*,#13670,.F.);
#14394 = PLANE('',#14395);
#14395 = AXIS2_PLACEMENT_3D('',#14396,#14397,#14398);
#14396 = CARTESIAN_POINT('',(13.4125,-22.2,0.));
#14397 = DIRECTION('',(0.,-1.,0.));
#14398 = DIRECTION('',(-1.,0.,0.));
#14399 = ADVANCED_FACE('',(#14400),#14406,.T.);
#14400 = FACE_BOUND('',#14401,.T.);
#14401 = EDGE_LOOP('',(#14402,#14403,#14404,#14405));
#14402 = ORIENTED_EDGE('',*,*,#14388,.T.);
#14403 = ORIENTED_EDGE('',*,*,#14016,.T.);
#14404 = ORIENTED_EDGE('',*,*,#14369,.F.);
#14405 = ORIENTED_EDGE('',*,*,#13678,.F.);
#14406 = CYLINDRICAL_SURFACE('',#14407,3.000001172987);
#14407 = AXIS2_PLACEMENT_3D('',#14408,#14409,#14410);
#14408 = CARTESIAN_POINT('',(-13.41249882701,-19.19999882701,0.));
#14409 = DIRECTION('',(0.,0.,-1.));
#14410 = DIRECTION('',(-3.909953616065E-07,-1.,-0.));
#14411 = ADVANCED_FACE('',(#14412),#14423,.F.);
#14412 = FACE_BOUND('',#14413,.T.);
#14413 = EDGE_LOOP('',(#14414,#14415,#14421,#14422));
#14414 = ORIENTED_EDGE('',*,*,#13705,.T.);
#14415 = ORIENTED_EDGE('',*,*,#14416,.T.);
#14416 = EDGE_CURVE('',#13706,#14044,#14417,.T.);
#14417 = LINE('',#14418,#14419);
#14418 = CARTESIAN_POINT('',(12.9625,-20.2,-4.5E-02));
#14419 = VECTOR('',#14420,1.);
#14420 = DIRECTION('',(0.,0.,1.));
#14421 = ORIENTED_EDGE('',*,*,#14043,.F.);
#14422 = ORIENTED_EDGE('',*,*,#14416,.F.);
#14423 = CYLINDRICAL_SURFACE('',#14424,1.6);
#14424 = AXIS2_PLACEMENT_3D('',#14425,#14426,#14427);
#14425 = CARTESIAN_POINT('',(12.9625,-18.6,-4.5E-02));
#14426 = DIRECTION('',(-0.,-0.,-1.));
#14427 = DIRECTION('',(-0.,-1.,0.));
#14428 = ADVANCED_FACE('',(#14429),#14440,.F.);
#14429 = FACE_BOUND('',#14430,.T.);
#14430 = EDGE_LOOP('',(#14431,#14432,#14438,#14439));
#14431 = ORIENTED_EDGE('',*,*,#13716,.T.);
#14432 = ORIENTED_EDGE('',*,*,#14433,.T.);
#14433 = EDGE_CURVE('',#13717,#14055,#14434,.T.);
#14434 = LINE('',#14435,#14436);
#14435 = CARTESIAN_POINT('',(7.7375,-14.8,-4.5E-02));
#14436 = VECTOR('',#14437,1.);
#14437 = DIRECTION('',(0.,0.,1.));
#14438 = ORIENTED_EDGE('',*,*,#14054,.F.);
#14439 = ORIENTED_EDGE('',*,*,#14433,.F.);
#14440 = CYLINDRICAL_SURFACE('',#14441,0.635);
#14441 = AXIS2_PLACEMENT_3D('',#14442,#14443,#14444);
#14442 = CARTESIAN_POINT('',(7.7375,-14.165,-4.5E-02));
#14443 = DIRECTION('',(-0.,-0.,-1.));
#14444 = DIRECTION('',(-1.398706172756E-15,-1.,0.));
#14445 = ADVANCED_FACE('',(#14446),#14457,.F.);
#14446 = FACE_BOUND('',#14447,.T.);
#14447 = EDGE_LOOP('',(#14448,#14449,#14455,#14456));
#14448 = ORIENTED_EDGE('',*,*,#13727,.T.);
#14449 = ORIENTED_EDGE('',*,*,#14450,.T.);
#14450 = EDGE_CURVE('',#13728,#14066,#14451,.T.);
#14451 = LINE('',#14452,#14453);
#14452 = CARTESIAN_POINT('',(4.7375,-16.635,-4.5E-02));
#14453 = VECTOR('',#14454,1.);
#14454 = DIRECTION('',(0.,0.,1.));
#14455 = ORIENTED_EDGE('',*,*,#14065,.F.);
#14456 = ORIENTED_EDGE('',*,*,#14450,.F.);
#14457 = CYLINDRICAL_SURFACE('',#14458,0.51);
#14458 = AXIS2_PLACEMENT_3D('',#14459,#14460,#14461);
#14459 = CARTESIAN_POINT('',(4.7375,-16.125,-4.5E-02));
#14460 = DIRECTION('',(-0.,-0.,-1.));
#14461 = DIRECTION('',(-0.,-1.,0.));
#14462 = ADVANCED_FACE('',(#14463),#14474,.F.);
#14463 = FACE_BOUND('',#14464,.T.);
#14464 = EDGE_LOOP('',(#14465,#14466,#14472,#14473));
#14465 = ORIENTED_EDGE('',*,*,#13738,.T.);
#14466 = ORIENTED_EDGE('',*,*,#14467,.T.);
#14467 = EDGE_CURVE('',#13739,#14077,#14468,.T.);
#14468 = LINE('',#14469,#14470);
#14469 = CARTESIAN_POINT('',(1.7375,-16.635,-4.5E-02));
#14470 = VECTOR('',#14471,1.);
#14471 = DIRECTION('',(0.,0.,1.));
#14472 = ORIENTED_EDGE('',*,*,#14076,.F.);
#14473 = ORIENTED_EDGE('',*,*,#14467,.F.);
#14474 = CYLINDRICAL_SURFACE('',#14475,0.51);
#14475 = AXIS2_PLACEMENT_3D('',#14476,#14477,#14478);
#14476 = CARTESIAN_POINT('',(1.7375,-16.125,-4.5E-02));
#14477 = DIRECTION('',(-0.,-0.,-1.));
#14478 = DIRECTION('',(-0.,-1.,0.));
#14479 = ADVANCED_FACE('',(#14480),#14491,.F.);
#14480 = FACE_BOUND('',#14481,.T.);
#14481 = EDGE_LOOP('',(#14482,#14483,#14489,#14490));
#14482 = ORIENTED_EDGE('',*,*,#13749,.T.);
#14483 = ORIENTED_EDGE('',*,*,#14484,.T.);
#14484 = EDGE_CURVE('',#13750,#14088,#14485,.T.);
#14485 = LINE('',#14486,#14487);
#14486 = CARTESIAN_POINT('',(7.7375,-3.35,-4.5E-02));
#14487 = VECTOR('',#14488,1.);
#14488 = DIRECTION('',(0.,0.,1.));
#14489 = ORIENTED_EDGE('',*,*,#14087,.F.);
#14490 = ORIENTED_EDGE('',*,*,#14484,.F.);
#14491 = CYLINDRICAL_SURFACE('',#14492,0.635);
#14492 = AXIS2_PLACEMENT_3D('',#14493,#14494,#14495);
#14493 = CARTESIAN_POINT('',(7.7375,-2.715,-4.5E-02));
#14494 = DIRECTION('',(-0.,-0.,-1.));
#14495 = DIRECTION('',(-1.398706172756E-15,-1.,0.));
#14496 = ADVANCED_FACE('',(#14497),#14508,.F.);
#14497 = FACE_BOUND('',#14498,.T.);
#14498 = EDGE_LOOP('',(#14499,#14500,#14506,#14507));
#14499 = ORIENTED_EDGE('',*,*,#13760,.T.);
#14500 = ORIENTED_EDGE('',*,*,#14501,.T.);
#14501 = EDGE_CURVE('',#13761,#14099,#14502,.T.);
#14502 = LINE('',#14503,#14504);
#14503 = CARTESIAN_POINT('',(4.7375,-5.185,-4.5E-02));
#14504 = VECTOR('',#14505,1.);
#14505 = DIRECTION('',(0.,0.,1.));
#14506 = ORIENTED_EDGE('',*,*,#14098,.F.);
#14507 = ORIENTED_EDGE('',*,*,#14501,.F.);
#14508 = CYLINDRICAL_SURFACE('',#14509,0.51);
#14509 = AXIS2_PLACEMENT_3D('',#14510,#14511,#14512);
#14510 = CARTESIAN_POINT('',(4.7375,-4.675,-4.5E-02));
#14511 = DIRECTION('',(-0.,-0.,-1.));
#14512 = DIRECTION('',(-0.,-1.,0.));
#14513 = ADVANCED_FACE('',(#14514),#14525,.F.);
#14514 = FACE_BOUND('',#14515,.T.);
#14515 = EDGE_LOOP('',(#14516,#14517,#14523,#14524));
#14516 = ORIENTED_EDGE('',*,*,#13771,.T.);
#14517 = ORIENTED_EDGE('',*,*,#14518,.T.);
#14518 = EDGE_CURVE('',#13772,#14110,#14519,.T.);
#14519 = LINE('',#14520,#14521);
#14520 = CARTESIAN_POINT('',(1.7375,-5.185,-4.5E-02));
#14521 = VECTOR('',#14522,1.);
#14522 = DIRECTION('',(0.,0.,1.));
#14523 = ORIENTED_EDGE('',*,*,#14109,.F.);
#14524 = ORIENTED_EDGE('',*,*,#14518,.F.);
#14525 = CYLINDRICAL_SURFACE('',#14526,0.51);
#14526 = AXIS2_PLACEMENT_3D('',#14527,#14528,#14529);
#14527 = CARTESIAN_POINT('',(1.7375,-4.675,-4.5E-02));
#14528 = DIRECTION('',(-0.,-0.,-1.));
#14529 = DIRECTION('',(-0.,-1.,0.));
#14530 = ADVANCED_FACE('',(#14531),#14542,.F.);
#14531 = FACE_BOUND('',#14532,.T.);
#14532 = EDGE_LOOP('',(#14533,#14534,#14540,#14541));
#14533 = ORIENTED_EDGE('',*,*,#13782,.T.);
#14534 = ORIENTED_EDGE('',*,*,#14535,.T.);
#14535 = EDGE_CURVE('',#13783,#14121,#14536,.T.);
#14536 = LINE('',#14537,#14538);
#14537 = CARTESIAN_POINT('',(-1.2625,-16.635,-4.5E-02));
#14538 = VECTOR('',#14539,1.);
#14539 = DIRECTION('',(0.,0.,1.));
#14540 = ORIENTED_EDGE('',*,*,#14120,.F.);
#14541 = ORIENTED_EDGE('',*,*,#14535,.F.);
#14542 = CYLINDRICAL_SURFACE('',#14543,0.51);
#14543 = AXIS2_PLACEMENT_3D('',#14544,#14545,#14546);
#14544 = CARTESIAN_POINT('',(-1.2625,-16.125,-4.5E-02));
#14545 = DIRECTION('',(-0.,-0.,-1.));
#14546 = DIRECTION('',(-0.,-1.,0.));
#14547 = ADVANCED_FACE('',(#14548),#14559,.F.);
#14548 = FACE_BOUND('',#14549,.T.);
#14549 = EDGE_LOOP('',(#14550,#14551,#14557,#14558));
#14550 = ORIENTED_EDGE('',*,*,#13793,.T.);
#14551 = ORIENTED_EDGE('',*,*,#14552,.T.);
#14552 = EDGE_CURVE('',#13794,#14132,#14553,.T.);
#14553 = LINE('',#14554,#14555);
#14554 = CARTESIAN_POINT('',(-4.2625,-16.635,-4.5E-02));
#14555 = VECTOR('',#14556,1.);
#14556 = DIRECTION('',(0.,0.,1.));
#14557 = ORIENTED_EDGE('',*,*,#14131,.F.);
#14558 = ORIENTED_EDGE('',*,*,#14552,.F.);
#14559 = CYLINDRICAL_SURFACE('',#14560,0.51);
#14560 = AXIS2_PLACEMENT_3D('',#14561,#14562,#14563);
#14561 = CARTESIAN_POINT('',(-4.2625,-16.125,-4.5E-02));
#14562 = DIRECTION('',(-0.,-0.,-1.));
#14563 = DIRECTION('',(-0.,-1.,0.));
#14564 = ADVANCED_FACE('',(#14565),#14576,.F.);
#14565 = FACE_BOUND('',#14566,.T.);
#14566 = EDGE_LOOP('',(#14567,#14568,#14574,#14575));
#14567 = ORIENTED_EDGE('',*,*,#13804,.T.);
#14568 = ORIENTED_EDGE('',*,*,#14569,.T.);
#14569 = EDGE_CURVE('',#13805,#14143,#14570,.T.);
#14570 = LINE('',#14571,#14572);
#14571 = CARTESIAN_POINT('',(-7.2625,-14.8,-4.5E-02));
#14572 = VECTOR('',#14573,1.);
#14573 = DIRECTION('',(0.,0.,1.));
#14574 = ORIENTED_EDGE('',*,*,#14142,.F.);
#14575 = ORIENTED_EDGE('',*,*,#14569,.F.);
#14576 = CYLINDRICAL_SURFACE('',#14577,0.635);
#14577 = AXIS2_PLACEMENT_3D('',#14578,#14579,#14580);
#14578 = CARTESIAN_POINT('',(-7.2625,-14.165,-4.5E-02));
#14579 = DIRECTION('',(-0.,-0.,-1.));
#14580 = DIRECTION('',(-0.,-1.,0.));
#14581 = ADVANCED_FACE('',(#14582),#14593,.F.);
#14582 = FACE_BOUND('',#14583,.T.);
#14583 = EDGE_LOOP('',(#14584,#14585,#14591,#14592));
#14584 = ORIENTED_EDGE('',*,*,#13815,.T.);
#14585 = ORIENTED_EDGE('',*,*,#14586,.T.);
#14586 = EDGE_CURVE('',#13816,#14154,#14587,.T.);
#14587 = LINE('',#14588,#14589);
#14588 = CARTESIAN_POINT('',(-12.9875,-20.2,-4.5E-02));
#14589 = VECTOR('',#14590,1.);
#14590 = DIRECTION('',(0.,0.,1.));
#14591 = ORIENTED_EDGE('',*,*,#14153,.F.);
#14592 = ORIENTED_EDGE('',*,*,#14586,.F.);
#14593 = CYLINDRICAL_SURFACE('',#14594,1.6);
#14594 = AXIS2_PLACEMENT_3D('',#14595,#14596,#14597);
#14595 = CARTESIAN_POINT('',(-12.9875,-18.6,-4.5E-02));
#14596 = DIRECTION('',(-0.,-0.,-1.));
#14597 = DIRECTION('',(-0.,-1.,0.));
#14598 = ADVANCED_FACE('',(#14599),#14610,.F.);
#14599 = FACE_BOUND('',#14600,.T.);
#14600 = EDGE_LOOP('',(#14601,#14602,#14608,#14609));
#14601 = ORIENTED_EDGE('',*,*,#13826,.T.);
#14602 = ORIENTED_EDGE('',*,*,#14603,.T.);
#14603 = EDGE_CURVE('',#13827,#14165,#14604,.T.);
#14604 = LINE('',#14605,#14606);
#14605 = CARTESIAN_POINT('',(-1.2625,-5.185,-4.5E-02));
#14606 = VECTOR('',#14607,1.);
#14607 = DIRECTION('',(0.,0.,1.));
#14608 = ORIENTED_EDGE('',*,*,#14164,.F.);
#14609 = ORIENTED_EDGE('',*,*,#14603,.F.);
#14610 = CYLINDRICAL_SURFACE('',#14611,0.51);
#14611 = AXIS2_PLACEMENT_3D('',#14612,#14613,#14614);
#14612 = CARTESIAN_POINT('',(-1.2625,-4.675,-4.5E-02));
#14613 = DIRECTION('',(-0.,-0.,-1.));
#14614 = DIRECTION('',(-0.,-1.,0.));
#14615 = ADVANCED_FACE('',(#14616),#14627,.F.);
#14616 = FACE_BOUND('',#14617,.T.);
#14617 = EDGE_LOOP('',(#14618,#14619,#14625,#14626));
#14618 = ORIENTED_EDGE('',*,*,#13837,.T.);
#14619 = ORIENTED_EDGE('',*,*,#14620,.T.);
#14620 = EDGE_CURVE('',#13838,#14176,#14621,.T.);
#14621 = LINE('',#14622,#14623);
#14622 = CARTESIAN_POINT('',(-4.2625,-5.185,-4.5E-02));
#14623 = VECTOR('',#14624,1.);
#14624 = DIRECTION('',(0.,0.,1.));
#14625 = ORIENTED_EDGE('',*,*,#14175,.F.);
#14626 = ORIENTED_EDGE('',*,*,#14620,.F.);
#14627 = CYLINDRICAL_SURFACE('',#14628,0.51);
#14628 = AXIS2_PLACEMENT_3D('',#14629,#14630,#14631);
#14629 = CARTESIAN_POINT('',(-4.2625,-4.675,-4.5E-02));
#14630 = DIRECTION('',(-0.,-0.,-1.));
#14631 = DIRECTION('',(-0.,-1.,0.));
#14632 = ADVANCED_FACE('',(#14633),#14644,.F.);
#14633 = FACE_BOUND('',#14634,.T.);
#14634 = EDGE_LOOP('',(#14635,#14636,#14642,#14643));
#14635 = ORIENTED_EDGE('',*,*,#13848,.T.);
#14636 = ORIENTED_EDGE('',*,*,#14637,.T.);
#14637 = EDGE_CURVE('',#13849,#14187,#14638,.T.);
#14638 = LINE('',#14639,#14640);
#14639 = CARTESIAN_POINT('',(-7.2625,-3.35,-4.5E-02));
#14640 = VECTOR('',#14641,1.);
#14641 = DIRECTION('',(0.,0.,1.));
#14642 = ORIENTED_EDGE('',*,*,#14186,.F.);
#14643 = ORIENTED_EDGE('',*,*,#14637,.F.);
#14644 = CYLINDRICAL_SURFACE('',#14645,0.635);
#14645 = AXIS2_PLACEMENT_3D('',#14646,#14647,#14648);
#14646 = CARTESIAN_POINT('',(-7.2625,-2.715,-4.5E-02));
#14647 = DIRECTION('',(-0.,-0.,-1.));
#14648 = DIRECTION('',(-0.,-1.,0.));
#14649 = ADVANCED_FACE('',(#14650),#14661,.F.);
#14650 = FACE_BOUND('',#14651,.T.);
#14651 = EDGE_LOOP('',(#14652,#14653,#14659,#14660));
#14652 = ORIENTED_EDGE('',*,*,#13859,.T.);
#14653 = ORIENTED_EDGE('',*,*,#14654,.T.);
#14654 = EDGE_CURVE('',#13860,#14198,#14655,.T.);
#14655 = LINE('',#14656,#14657);
#14656 = CARTESIAN_POINT('',(4.9375,6.95,-4.5E-02));
#14657 = VECTOR('',#14658,1.);
#14658 = DIRECTION('',(0.,0.,1.));
#14659 = ORIENTED_EDGE('',*,*,#14197,.F.);
#14660 = ORIENTED_EDGE('',*,*,#14654,.F.);
#14661 = CYLINDRICAL_SURFACE('',#14662,0.635);
#14662 = AXIS2_PLACEMENT_3D('',#14663,#14664,#14665);
#14663 = CARTESIAN_POINT('',(4.9375,7.585,-4.5E-02));
#14664 = DIRECTION('',(-0.,-0.,-1.));
#14665 = DIRECTION('',(-0.,-1.,0.));
#14666 = ADVANCED_FACE('',(#14667),#14678,.F.);
#14667 = FACE_BOUND('',#14668,.T.);
#14668 = EDGE_LOOP('',(#14669,#14670,#14676,#14677));
#14669 = ORIENTED_EDGE('',*,*,#13870,.T.);
#14670 = ORIENTED_EDGE('',*,*,#14671,.T.);
#14671 = EDGE_CURVE('',#13871,#14209,#14672,.T.);
#14672 = LINE('',#14673,#14674);
#14673 = CARTESIAN_POINT('',(1.9375,5.115,-4.5E-02));
#14674 = VECTOR('',#14675,1.);
#14675 = DIRECTION('',(0.,0.,1.));
#14676 = ORIENTED_EDGE('',*,*,#14208,.F.);
#14677 = ORIENTED_EDGE('',*,*,#14671,.F.);
#14678 = CYLINDRICAL_SURFACE('',#14679,0.51);
#14679 = AXIS2_PLACEMENT_3D('',#14680,#14681,#14682);
#14680 = CARTESIAN_POINT('',(1.9375,5.625,-4.5E-02));
#14681 = DIRECTION('',(-0.,-0.,-1.));
#14682 = DIRECTION('',(-0.,-1.,0.));
#14683 = ADVANCED_FACE('',(#14684),#14695,.F.);
#14684 = FACE_BOUND('',#14685,.T.);
#14685 = EDGE_LOOP('',(#14686,#14687,#14693,#14694));
#14686 = ORIENTED_EDGE('',*,*,#13881,.T.);
#14687 = ORIENTED_EDGE('',*,*,#14688,.T.);
#14688 = EDGE_CURVE('',#13882,#14220,#14689,.T.);
#14689 = LINE('',#14690,#14691);
#14690 = CARTESIAN_POINT('',(12.9625,17.025,-4.5E-02));
#14691 = VECTOR('',#14692,1.);
#14692 = DIRECTION('',(0.,0.,1.));
#14693 = ORIENTED_EDGE('',*,*,#14219,.F.);
#14694 = ORIENTED_EDGE('',*,*,#14688,.F.);
#14695 = CYLINDRICAL_SURFACE('',#14696,1.6);
#14696 = AXIS2_PLACEMENT_3D('',#14697,#14698,#14699);
#14697 = CARTESIAN_POINT('',(12.9625,18.625,-4.5E-02));
#14698 = DIRECTION('',(-0.,-0.,-1.));
#14699 = DIRECTION('',(-0.,-1.,0.));
#14700 = ADVANCED_FACE('',(#14701),#14712,.F.);
#14701 = FACE_BOUND('',#14702,.T.);
#14702 = EDGE_LOOP('',(#14703,#14704,#14710,#14711));
#14703 = ORIENTED_EDGE('',*,*,#13892,.T.);
#14704 = ORIENTED_EDGE('',*,*,#14705,.T.);
#14705 = EDGE_CURVE('',#13893,#14231,#14706,.T.);
#14706 = LINE('',#14707,#14708);
#14707 = CARTESIAN_POINT('',(7.7375,17.34,-4.5E-02));
#14708 = VECTOR('',#14709,1.);
#14709 = DIRECTION('',(0.,0.,1.));
#14710 = ORIENTED_EDGE('',*,*,#14230,.F.);
#14711 = ORIENTED_EDGE('',*,*,#14705,.F.);
#14712 = CYLINDRICAL_SURFACE('',#14713,0.635);
#14713 = AXIS2_PLACEMENT_3D('',#14714,#14715,#14716);
#14714 = CARTESIAN_POINT('',(7.7375,17.975,-4.5E-02));
#14715 = DIRECTION('',(-0.,-0.,-1.));
#14716 = DIRECTION('',(-1.398706172756E-15,-1.,0.));
#14717 = ADVANCED_FACE('',(#14718),#14729,.F.);
#14718 = FACE_BOUND('',#14719,.T.);
#14719 = EDGE_LOOP('',(#14720,#14721,#14727,#14728));
#14720 = ORIENTED_EDGE('',*,*,#13903,.T.);
#14721 = ORIENTED_EDGE('',*,*,#14722,.T.);
#14722 = EDGE_CURVE('',#13904,#14242,#14723,.T.);
#14723 = LINE('',#14724,#14725);
#14724 = CARTESIAN_POINT('',(4.7375,15.505,-4.5E-02));
#14725 = VECTOR('',#14726,1.);
#14726 = DIRECTION('',(0.,0.,1.));
#14727 = ORIENTED_EDGE('',*,*,#14241,.F.);
#14728 = ORIENTED_EDGE('',*,*,#14722,.F.);
#14729 = CYLINDRICAL_SURFACE('',#14730,0.51);
#14730 = AXIS2_PLACEMENT_3D('',#14731,#14732,#14733);
#14731 = CARTESIAN_POINT('',(4.7375,16.015,-4.5E-02));
#14732 = DIRECTION('',(-0.,-0.,-1.));
#14733 = DIRECTION('',(-0.,-1.,0.));
#14734 = ADVANCED_FACE('',(#14735),#14746,.F.);
#14735 = FACE_BOUND('',#14736,.T.);
#14736 = EDGE_LOOP('',(#14737,#14738,#14744,#14745));
#14737 = ORIENTED_EDGE('',*,*,#13914,.T.);
#14738 = ORIENTED_EDGE('',*,*,#14739,.T.);
#14739 = EDGE_CURVE('',#13915,#14253,#14740,.T.);
#14740 = LINE('',#14741,#14742);
#14741 = CARTESIAN_POINT('',(1.7375,15.505,-4.5E-02));
#14742 = VECTOR('',#14743,1.);
#14743 = DIRECTION('',(0.,0.,1.));
#14744 = ORIENTED_EDGE('',*,*,#14252,.F.);
#14745 = ORIENTED_EDGE('',*,*,#14739,.F.);
#14746 = CYLINDRICAL_SURFACE('',#14747,0.51);
#14747 = AXIS2_PLACEMENT_3D('',#14748,#14749,#14750);
#14748 = CARTESIAN_POINT('',(1.7375,16.015,-4.5E-02));
#14749 = DIRECTION('',(-0.,-0.,-1.));
#14750 = DIRECTION('',(-0.,-1.,0.));
#14751 = ADVANCED_FACE('',(#14752),#14763,.F.);
#14752 = FACE_BOUND('',#14753,.T.);
#14753 = EDGE_LOOP('',(#14754,#14755,#14761,#14762));
#14754 = ORIENTED_EDGE('',*,*,#13925,.T.);
#14755 = ORIENTED_EDGE('',*,*,#14756,.T.);
#14756 = EDGE_CURVE('',#13926,#14264,#14757,.T.);
#14757 = LINE('',#14758,#14759);
#14758 = CARTESIAN_POINT('',(-1.0625,5.115,-4.5E-02));
#14759 = VECTOR('',#14760,1.);
#14760 = DIRECTION('',(0.,0.,1.));
#14761 = ORIENTED_EDGE('',*,*,#14263,.F.);
#14762 = ORIENTED_EDGE('',*,*,#14756,.F.);
#14763 = CYLINDRICAL_SURFACE('',#14764,0.51);
#14764 = AXIS2_PLACEMENT_3D('',#14765,#14766,#14767);
#14765 = CARTESIAN_POINT('',(-1.0625,5.625,-4.5E-02));
#14766 = DIRECTION('',(-0.,-0.,-1.));
#14767 = DIRECTION('',(-0.,-1.,0.));
#14768 = ADVANCED_FACE('',(#14769),#14780,.F.);
#14769 = FACE_BOUND('',#14770,.T.);
#14770 = EDGE_LOOP('',(#14771,#14772,#14778,#14779));
#14771 = ORIENTED_EDGE('',*,*,#13936,.T.);
#14772 = ORIENTED_EDGE('',*,*,#14773,.T.);
#14773 = EDGE_CURVE('',#13937,#14275,#14774,.T.);
#14774 = LINE('',#14775,#14776);
#14775 = CARTESIAN_POINT('',(-4.0625,6.95,-4.5E-02));
#14776 = VECTOR('',#14777,1.);
#14777 = DIRECTION('',(0.,0.,1.));
#14778 = ORIENTED_EDGE('',*,*,#14274,.F.);
#14779 = ORIENTED_EDGE('',*,*,#14773,.F.);
#14780 = CYLINDRICAL_SURFACE('',#14781,0.635);
#14781 = AXIS2_PLACEMENT_3D('',#14782,#14783,#14784);
#14782 = CARTESIAN_POINT('',(-4.0625,7.585,-4.5E-02));
#14783 = DIRECTION('',(-0.,-0.,-1.));
#14784 = DIRECTION('',(-0.,-1.,0.));
#14785 = ADVANCED_FACE('',(#14786),#14797,.F.);
#14786 = FACE_BOUND('',#14787,.T.);
#14787 = EDGE_LOOP('',(#14788,#14789,#14795,#14796));
#14788 = ORIENTED_EDGE('',*,*,#13947,.T.);
#14789 = ORIENTED_EDGE('',*,*,#14790,.T.);
#14790 = EDGE_CURVE('',#13948,#14286,#14791,.T.);
#14791 = LINE('',#14792,#14793);
#14792 = CARTESIAN_POINT('',(-1.2625,15.505,-4.5E-02));
#14793 = VECTOR('',#14794,1.);
#14794 = DIRECTION('',(0.,0.,1.));
#14795 = ORIENTED_EDGE('',*,*,#14285,.F.);
#14796 = ORIENTED_EDGE('',*,*,#14790,.F.);
#14797 = CYLINDRICAL_SURFACE('',#14798,0.51);
#14798 = AXIS2_PLACEMENT_3D('',#14799,#14800,#14801);
#14799 = CARTESIAN_POINT('',(-1.2625,16.015,-4.5E-02));
#14800 = DIRECTION('',(-0.,-0.,-1.));
#14801 = DIRECTION('',(-0.,-1.,0.));
#14802 = ADVANCED_FACE('',(#14803),#14814,.F.);
#14803 = FACE_BOUND('',#14804,.T.);
#14804 = EDGE_LOOP('',(#14805,#14806,#14812,#14813));
#14805 = ORIENTED_EDGE('',*,*,#13958,.T.);
#14806 = ORIENTED_EDGE('',*,*,#14807,.T.);
#14807 = EDGE_CURVE('',#13959,#14297,#14808,.T.);
#14808 = LINE('',#14809,#14810);
#14809 = CARTESIAN_POINT('',(-4.2625,15.505,-4.5E-02));
#14810 = VECTOR('',#14811,1.);
#14811 = DIRECTION('',(0.,0.,1.));
#14812 = ORIENTED_EDGE('',*,*,#14296,.F.);
#14813 = ORIENTED_EDGE('',*,*,#14807,.F.);
#14814 = CYLINDRICAL_SURFACE('',#14815,0.51);
#14815 = AXIS2_PLACEMENT_3D('',#14816,#14817,#14818);
#14816 = CARTESIAN_POINT('',(-4.2625,16.015,-4.5E-02));
#14817 = DIRECTION('',(-0.,-0.,-1.));
#14818 = DIRECTION('',(-0.,-1.,0.));
#14819 = ADVANCED_FACE('',(#14820),#14831,.F.);
#14820 = FACE_BOUND('',#14821,.T.);
#14821 = EDGE_LOOP('',(#14822,#14823,#14829,#14830));
#14822 = ORIENTED_EDGE('',*,*,#13969,.T.);
#14823 = ORIENTED_EDGE('',*,*,#14824,.T.);
#14824 = EDGE_CURVE('',#13970,#14308,#14825,.T.);
#14825 = LINE('',#14826,#14827);
#14826 = CARTESIAN_POINT('',(-7.2625,17.34,-4.5E-02));
#14827 = VECTOR('',#14828,1.);
#14828 = DIRECTION('',(0.,0.,1.));
#14829 = ORIENTED_EDGE('',*,*,#14307,.F.);
#14830 = ORIENTED_EDGE('',*,*,#14824,.F.);
#14831 = CYLINDRICAL_SURFACE('',#14832,0.635);
#14832 = AXIS2_PLACEMENT_3D('',#14833,#14834,#14835);
#14833 = CARTESIAN_POINT('',(-7.2625,17.975,-4.5E-02));
#14834 = DIRECTION('',(-0.,-0.,-1.));
#14835 = DIRECTION('',(-0.,-1.,0.));
#14836 = ADVANCED_FACE('',(#14837),#14848,.F.);
#14837 = FACE_BOUND('',#14838,.T.);
#14838 = EDGE_LOOP('',(#14839,#14840,#14846,#14847));
#14839 = ORIENTED_EDGE('',*,*,#13980,.T.);
#14840 = ORIENTED_EDGE('',*,*,#14841,.T.);
#14841 = EDGE_CURVE('',#13981,#14319,#14842,.T.);
#14842 = LINE('',#14843,#14844);
#14843 = CARTESIAN_POINT('',(-12.9875,17.025,-4.5E-02));
#14844 = VECTOR('',#14845,1.);
#14845 = DIRECTION('',(0.,0.,1.));
#14846 = ORIENTED_EDGE('',*,*,#14318,.F.);
#14847 = ORIENTED_EDGE('',*,*,#14841,.F.);
#14848 = CYLINDRICAL_SURFACE('',#14849,1.6);
#14849 = AXIS2_PLACEMENT_3D('',#14850,#14851,#14852);
#14850 = CARTESIAN_POINT('',(-12.9875,18.625,-4.5E-02));
#14851 = DIRECTION('',(-0.,-0.,-1.));
#14852 = DIRECTION('',(-0.,-1.,0.));
#14853 = ( GEOMETRIC_REPRESENTATION_CONTEXT(3) 
GLOBAL_UNCERTAINTY_ASSIGNED_CONTEXT((#14857)) 
GLOBAL_UNIT_ASSIGNED_CONTEXT((#14854,#14855,#14856)) 
REPRESENTATION_CONTEXT('Context #1',
  '3D Context with UNIT and UNCERTAINTY') );
#14854 = ( LENGTH_UNIT() NAMED_UNIT(*) SI_UNIT(.MILLI.,.METRE.) );
#14855 = ( NAMED_UNIT(*) PLANE_ANGLE_UNIT() SI_UNIT($,.RADIAN.) );
#14856 = ( NAMED_UNIT(*) SI_UNIT($,.STERADIAN.) SOLID_ANGLE_UNIT() );
#14857 = UNCERTAINTY_MEASURE_WITH_UNIT(LENGTH_MEASURE(1.E-07),#14854,
  'distance_accuracy_value','confusion accuracy');
#14858 = CONTEXT_DEPENDENT_SHAPE_REPRESENTATION(#14859,#14861);
#14859 = ( REPRESENTATION_RELATIONSHIP('','',#13548,#10) 
REPRESENTATION_RELATIONSHIP_WITH_TRANSFORMATION(#14860) 
SHAPE_REPRESENTATION_RELATIONSHIP() );
#14860 = ITEM_DEFINED_TRANSFORMATION('','',#11,#31);
#14861 = PRODUCT_DEFINITION_SHAPE('Placement','Placement of an item',
  #14862);
#14862 = NEXT_ASSEMBLY_USAGE_OCCURRENCE('7','=>[0:1:1:6]','',#5,#13543,$
  );
#14863 = PRODUCT_RELATED_PRODUCT_CATEGORY('part',$,(#13545));
#14864 = MECHANICAL_DESIGN_GEOMETRIC_PRESENTATION_REPRESENTATION('',(
    #14865),#14853);
#14865 = STYLED_ITEM('color',(#14866),#13549);
#14866 = PRESENTATION_STYLE_ASSIGNMENT((#14867));
#14867 = SURFACE_STYLE_USAGE(.BOTH.,#14868);
#14868 = SURFACE_SIDE_STYLE('',(#14869));
#14869 = SURFACE_STYLE_FILL_AREA(#14870);
#14870 = FILL_AREA_STYLE('',(#14871));
#14871 = FILL_AREA_STYLE_COLOUR('',#14872);
#14872 = COLOUR_RGB('',0.313304153717,0.484529207832,0.410020903123);
ENDSEC;
END-ISO-10303-21;
